State,Date,Total,Category
Alabama,01/12/19,98544609,Beverages
Alabama,01/19/19,102723162,Beverages
Alabama,01/26/19,97493267,Beverages
Alabama,02/02/19,97019738,Beverages
Alabama,02/09/19,103035352,Beverages
Alabama,02/16/19,97543121,Beverages
Alabama,02/23/19,106271583,Beverages
Alabama,03/02/19,116558569,Beverages
Alabama,03/09/19,118346484,Beverages
Alabama,03/16/19,120128274,Beverages
Alabama,03/23/19,122466457,Beverages
Alabama,03/30/19,118669727,Beverages
Alabama,04/06/19,120649108,Beverages
Alabama,04/13/19,117453938,Beverages
Alabama,04/20/19,103730058,Beverages
Alabama,04/27/19,122842013,Beverages
Alabama,05/04/19,114482562,Beverages
Alabama,05/11/19,120703068,Beverages
Alabama,05/18/19,113701178,Beverages
Alabama,05/25/19,115888099,Beverages
Alabama,06/01/19,131108465,Beverages
Alabama,06/08/19,124806908,Beverages
Alabama,06/15/19,124249424,Beverages
Alabama,06/22/19,126655560,Beverages
Alabama,06/29/19,153289821,Beverages
Alabama,07/06/19,129624858,Beverages
Alabama,07/13/19,130388659,Beverages
Alabama,07/20/19,130002433,Beverages
Alabama,07/27/19,144364972,Beverages
Alabama,08/03/19,127708678,Beverages
Alabama,08/10/19,123374211,Beverages
Alabama,08/17/19,128072532,Beverages
Alabama,08/24/19,119208761,Beverages
Alabama,08/31/19,99881905,Beverages
Alabama,09/07/19,108347310,Beverages
Alabama,09/14/19,100099901,Beverages
Alabama,09/21/19,107393169,Beverages
Alabama,09/28/19,108060288,Beverages
Alabama,10/05/19,103786735,Beverages
Alabama,10/12/19,109255503,Beverages
Alabama,10/19/19,103869895,Beverages
Alabama,10/26/19,103958577,Beverages
Alabama,11/02/19,108779645,Beverages
Alabama,11/09/19,110916155,Beverages
Alabama,11/16/19,103204413,Beverages
Alabama,11/23/19,110656137,Beverages
Alabama,11/30/19,111386723,Beverages
Alabama,12/07/19,98404637,Beverages
Alabama,12/14/19,94097547,Beverages
Alabama,12/21/19,94749834,Beverages
Alabama,12/28/19,98181823,Beverages
Alabama,01/04/20,104773517,Beverages
Alabama,01/11/20,100385843,Beverages
Alabama,01/18/20,99136023,Beverages
Alabama,01/25/20,100325315,Beverages
Alabama,02/01/20,107453727,Beverages
Alabama,02/08/20,104913394,Beverages
Alabama,02/15/20,107147456,Beverages
Alabama,02/22/20,108490472,Beverages
Alabama,02/29/20,107955338,Beverages
Alabama,03/07/20,120286191,Beverages
Alabama,03/14/20,119421087,Beverages
Alabama,03/21/20,126832379,Beverages
Alabama,03/28/20,116936252,Beverages
Alabama,04/04/20,121977124,Beverages
Alabama,04/11/20,118228318,Beverages
Alabama,04/18/20,128159959,Beverages
Alabama,04/25/20,122698631,Beverages
Alabama,05/02/20,120471150,Beverages
Alabama,05/09/20,127363916,Beverages
Alabama,05/16/20,121234282,Beverages
Alabama,05/23/20,100424087,Beverages
Alabama,05/30/20,125898741,Beverages
Alabama,06/06/20,124830400,Beverages
Alabama,06/13/20,131989760,Beverages
Alabama,06/20/20,129912835,Beverages
Alabama,06/27/20,129453789,Beverages
Alabama,07/04/20,122666261,Beverages
Alabama,07/11/20,124021236,Beverages
Alabama,07/18/20,126220630,Beverages
Alabama,07/25/20,124648479,Beverages
Alabama,08/01/20,129029710,Beverages
Alabama,08/08/20,124816181,Beverages
Alabama,08/15/20,128648957,Beverages
Alabama,08/22/20,120290516,Beverages
Alabama,08/29/20,127202956,Beverages
Alabama,09/05/20,102719928,Beverages
Alabama,09/12/20,105776265,Beverages
Alabama,09/19/20,110384739,Beverages
Alabama,09/26/20,109279132,Beverages
Alabama,10/03/20,107281617,Beverages
Alabama,10/10/20,104086940,Beverages
Alabama,10/17/20,112393309,Beverages
Alabama,10/24/20,104960420,Beverages
Alabama,10/31/20,112936562,Beverages
Alabama,11/07/20,112509922,Beverages
Alabama,11/14/20,106467202,Beverages
Alabama,11/21/20,113234543,Beverages
Alabama,11/28/20,109002632,Beverages
Alabama,12/05/20,103130922,Beverages
Alabama,12/12/20,103107740,Beverages
Alabama,12/19/20,101692079,Beverages
Alabama,12/26/20,105986394,Beverages
Alabama,01/02/21,99951254,Beverages
Alabama,01/09/21,102040298,Beverages
Alabama,01/16/21,107903324,Beverages
Alabama,01/23/21,98449247,Beverages
Alabama,01/30/21,100681699,Beverages
Alabama,02/06/21,107130681,Beverages
Alabama,02/13/21,103072833,Beverages
Alabama,02/20/21,105646741,Beverages
Alabama,02/27/21,103318028,Beverages
Alabama,03/06/21,129967716,Beverages
Alabama,03/13/21,129407280,Beverages
Alabama,03/20/21,122737251,Beverages
Alabama,03/27/21,126877183,Beverages
Alabama,04/03/21,121479133,Beverages
Alabama,04/10/21,125738091,Beverages
Alabama,04/17/21,119051258,Beverages
Alabama,04/24/21,124191203,Beverages
Alabama,05/01/21,129072396,Beverages
Alabama,05/08/21,129584739,Beverages
Alabama,05/15/21,124211114,Beverages
Alabama,05/22/21,128997108,Beverages
Alabama,05/29/21,120171606,Beverages
Alabama,06/05/21,130494461,Beverages
Alabama,06/12/21,131213458,Beverages
Alabama,06/19/21,136739659,Beverages
Alabama,06/26/21,125803413,Beverages
Alabama,07/03/21,132936004,Beverages
Alabama,07/10/21,126753016,Beverages
Alabama,07/17/21,126914313,Beverages
Alabama,07/24/21,123819943,Beverages
Alabama,07/31/21,128479305,Beverages
Alabama,08/07/21,126143381,Beverages
Alabama,08/14/21,127988058,Beverages
Alabama,08/21/21,119815332,Beverages
Alabama,08/28/21,121759919,Beverages
Alabama,09/04/21,107767724,Beverages
Alabama,09/11/21,135407575,Beverages
Alabama,09/18/21,104060947,Beverages
Alabama,09/25/21,103341752,Beverages
Alabama,10/02/21,108821333,Beverages
Alabama,10/09/21,131298927,Beverages
Alabama,10/16/21,103577540,Beverages
Alabama,10/23/21,109223771,Beverages
Alabama,10/30/21,112711474,Beverages
Alabama,11/06/21,114615772,Beverages
Alabama,11/13/21,113737496,Beverages
Alabama,11/20/21,109514919,Beverages
Alabama,11/27/21,107051547,Beverages
Alabama,12/04/21,105240687,Beverages
Alabama,12/11/21,96474915,Beverages
Alabama,12/18/21,101060594,Beverages
Alabama,12/25/21,99826129,Beverages
Alabama,01/01/22,98707838,Beverages
Alabama,01/08/22,105629754,Beverages
Alabama,01/15/22,108647650,Beverages
Alabama,01/22/22,102208805,Beverages
Alabama,01/29/22,102189378,Beverages
Alabama,02/05/22,107565509,Beverages
Alabama,02/12/22,108293310,Beverages
Alabama,02/19/22,131462123,Beverages
Alabama,02/26/22,105953982,Beverages
Alabama,03/05/22,119719894,Beverages
Alabama,03/12/22,144522995,Beverages
Alabama,03/19/22,132476656,Beverages
Alabama,03/26/22,120469155,Beverages
Alabama,04/02/22,130547142,Beverages
Alabama,04/09/22,126203240,Beverages
Alabama,04/16/22,120834625,Beverages
Alabama,04/23/22,131258624,Beverages
Alabama,04/30/22,119995180,Beverages
Alabama,05/07/22,125777978,Beverages
Alabama,05/14/22,127655511,Beverages
Alabama,05/21/22,130410745,Beverages
Alabama,05/28/22,128892952,Beverages
Alabama,06/04/22,139599924,Beverages
Alabama,06/11/22,135818387,Beverages
Alabama,06/18/22,138275611,Beverages
Alabama,06/25/22,135031279,Beverages
Alabama,07/02/22,134597851,Beverages
Alabama,07/09/22,128846572,Beverages
Alabama,07/16/22,155358955,Beverages
Alabama,07/23/22,132731010,Beverages
Alabama,07/30/22,127303486,Beverages
Alabama,08/06/22,122850152,Beverages
Alabama,08/13/22,125602965,Beverages
Alabama,08/20/22,130387736,Beverages
Alabama,08/27/22,132221662,Beverages
Alabama,09/03/22,113814832,Beverages
Alabama,09/10/22,106651411,Beverages
Alabama,09/17/22,113404693,Beverages
Alabama,09/24/22,108972193,Beverages
Alabama,10/01/22,112959019,Beverages
Alabama,10/08/22,114730913,Beverages
Alabama,10/15/22,109366803,Beverages
Alabama,10/22/22,113196832,Beverages
Alabama,10/29/22,115160603,Beverages
Alabama,11/05/22,114723118,Beverages
Alabama,11/12/22,115970543,Beverages
Alabama,11/19/22,106600820,Beverages
Alabama,11/26/22,108060446,Beverages
Alabama,12/03/22,106554829,Beverages
Alabama,12/10/22,103321693,Beverages
Alabama,12/17/22,102666449,Beverages
Alabama,12/24/22,102067803,Beverages
Alabama,12/31/22,107142627,Beverages
Arizona,01/12/19,102244203,Beverages
Arizona,01/19/19,99905444,Beverages
Arizona,01/26/19,101028911,Beverages
Arizona,02/02/19,104986217,Beverages
Arizona,02/09/19,97674912,Beverages
Arizona,02/16/19,104680979,Beverages
Arizona,02/23/19,98324015,Beverages
Arizona,03/02/19,122278993,Beverages
Arizona,03/09/19,124057417,Beverages
Arizona,03/16/19,115388100,Beverages
Arizona,03/23/19,126457967,Beverages
Arizona,03/30/19,119105268,Beverages
Arizona,04/06/19,126055426,Beverages
Arizona,04/13/19,123623453,Beverages
Arizona,04/20/19,115382045,Beverages
Arizona,04/27/19,120847746,Beverages
Arizona,05/04/19,124690050,Beverages
Arizona,05/11/19,143206483,Beverages
Arizona,05/18/19,119819777,Beverages
Arizona,05/25/19,121621234,Beverages
Arizona,06/01/19,132276199,Beverages
Arizona,06/08/19,125092786,Beverages
Arizona,06/15/19,127489157,Beverages
Arizona,06/22/19,127420915,Beverages
Arizona,06/29/19,130152161,Beverages
Arizona,07/06/19,126313501,Beverages
Arizona,07/13/19,119192558,Beverages
Arizona,07/20/19,129407651,Beverages
Arizona,07/27/19,125955440,Beverages
Arizona,08/03/19,118819958,Beverages
Arizona,08/10/19,119842107,Beverages
Arizona,08/17/19,124250697,Beverages
Arizona,08/24/19,124293219,Beverages
Arizona,08/31/19,126606291,Beverages
Arizona,09/07/19,103913273,Beverages
Arizona,09/14/19,103129906,Beverages
Arizona,09/21/19,106301459,Beverages
Arizona,09/28/19,101918078,Beverages
Arizona,10/05/19,103358947,Beverages
Arizona,10/12/19,88809693,Beverages
Arizona,10/19/19,103197229,Beverages
Arizona,10/26/19,107453569,Beverages
Arizona,11/02/19,110230448,Beverages
Arizona,11/09/19,111103360,Beverages
Arizona,11/16/19,108034581,Beverages
Arizona,11/23/19,112025338,Beverages
Arizona,11/30/19,87609325,Beverages
Arizona,12/07/19,100471911,Beverages
Arizona,12/14/19,103133067,Beverages
Arizona,12/21/19,101449491,Beverages
Arizona,12/28/19,102886385,Beverages
Arizona,01/04/20,81482078,Beverages
Arizona,01/11/20,98571523,Beverages
Arizona,01/18/20,105160686,Beverages
Arizona,01/25/20,107137111,Beverages
Arizona,02/01/20,103151115,Beverages
Arizona,02/08/20,107670749,Beverages
Arizona,02/15/20,100925231,Beverages
Arizona,02/22/20,100087748,Beverages
Arizona,02/29/20,105391003,Beverages
Arizona,03/07/20,124082234,Beverages
Arizona,03/14/20,120497983,Beverages
Arizona,03/21/20,124493181,Beverages
Arizona,03/28/20,125805543,Beverages
Arizona,04/04/20,126775518,Beverages
Arizona,04/11/20,123115981,Beverages
Arizona,04/18/20,121015844,Beverages
Arizona,04/25/20,116194422,Beverages
Arizona,05/02/20,123073213,Beverages
Arizona,05/09/20,117730326,Beverages
Arizona,05/16/20,114883170,Beverages
Arizona,05/23/20,121304324,Beverages
Arizona,05/30/20,118904938,Beverages
Arizona,06/06/20,128401828,Beverages
Arizona,06/13/20,133356792,Beverages
Arizona,06/20/20,130528142,Beverages
Arizona,06/27/20,133981092,Beverages
Arizona,07/04/20,132918850,Beverages
Arizona,07/11/20,123690382,Beverages
Arizona,07/18/20,132101626,Beverages
Arizona,07/25/20,123232472,Beverages
Arizona,08/01/20,121509762,Beverages
Arizona,08/08/20,119567781,Beverages
Arizona,08/15/20,119358045,Beverages
Arizona,08/22/20,124954878,Beverages
Arizona,08/29/20,120956205,Beverages
Arizona,09/05/20,106303512,Beverages
Arizona,09/12/20,102923288,Beverages
Arizona,09/19/20,101436917,Beverages
Arizona,09/26/20,103953690,Beverages
Arizona,10/03/20,102002838,Beverages
Arizona,10/10/20,106112088,Beverages
Arizona,10/17/20,105311964,Beverages
Arizona,10/24/20,92741097,Beverages
Arizona,10/31/20,107246160,Beverages
Arizona,11/07/20,108022092,Beverages
Arizona,11/14/20,128490028,Beverages
Arizona,11/21/20,112305433,Beverages
Arizona,11/28/20,106122057,Beverages
Arizona,12/05/20,97919900,Beverages
Arizona,12/12/20,100995411,Beverages
Arizona,12/19/20,100066867,Beverages
Arizona,12/26/20,96397298,Beverages
Arizona,01/02/21,103888374,Beverages
Arizona,01/09/21,101865529,Beverages
Arizona,01/16/21,98354410,Beverages
Arizona,01/23/21,103323937,Beverages
Arizona,01/30/21,101184121,Beverages
Arizona,02/06/21,99128995,Beverages
Arizona,02/13/21,101617498,Beverages
Arizona,02/20/21,101102352,Beverages
Arizona,02/27/21,106492771,Beverages
Arizona,03/06/21,127064409,Beverages
Arizona,03/13/21,118706178,Beverages
Arizona,03/20/21,125145525,Beverages
Arizona,03/27/21,123382563,Beverages
Arizona,04/03/21,121621544,Beverages
Arizona,04/10/21,126114703,Beverages
Arizona,04/17/21,122419327,Beverages
Arizona,04/24/21,125340421,Beverages
Arizona,05/01/21,118840688,Beverages
Arizona,05/08/21,120297856,Beverages
Arizona,05/15/21,119170361,Beverages
Arizona,05/22/21,118551309,Beverages
Arizona,05/29/21,116902270,Beverages
Arizona,06/05/21,131819543,Beverages
Arizona,06/12/21,127198497,Beverages
Arizona,06/19/21,137798722,Beverages
Arizona,06/26/21,135033495,Beverages
Arizona,07/03/21,125852722,Beverages
Arizona,07/10/21,134942897,Beverages
Arizona,07/17/21,129571288,Beverages
Arizona,07/24/21,131382720,Beverages
Arizona,07/31/21,125009462,Beverages
Arizona,08/07/21,126711555,Beverages
Arizona,08/14/21,121176564,Beverages
Arizona,08/21/21,122856237,Beverages
Arizona,08/28/21,120735814,Beverages
Arizona,09/04/21,108775505,Beverages
Arizona,09/11/21,106403578,Beverages
Arizona,09/18/21,103281730,Beverages
Arizona,09/25/21,105986664,Beverages
Arizona,10/02/21,105244804,Beverages
Arizona,10/09/21,110772855,Beverages
Arizona,10/16/21,107809621,Beverages
Arizona,10/23/21,106713520,Beverages
Arizona,10/30/21,112255393,Beverages
Arizona,11/06/21,104951142,Beverages
Arizona,11/13/21,114301798,Beverages
Arizona,11/20/21,105248679,Beverages
Arizona,11/27/21,111413008,Beverages
Arizona,12/04/21,96482028,Beverages
Arizona,12/11/21,97675459,Beverages
Arizona,12/18/21,97897354,Beverages
Arizona,12/25/21,103619272,Beverages
Arizona,01/01/22,101133584,Beverages
Arizona,01/08/22,102118191,Beverages
Arizona,01/15/22,103234338,Beverages
Arizona,01/22/22,104097056,Beverages
Arizona,01/29/22,107683171,Beverages
Arizona,02/05/22,102812091,Beverages
Arizona,02/12/22,104925926,Beverages
Arizona,02/19/22,110960667,Beverages
Arizona,02/26/22,102938123,Beverages
Arizona,03/05/22,126887789,Beverages
Arizona,03/12/22,121088204,Beverages
Arizona,03/19/22,127381229,Beverages
Arizona,03/26/22,130999642,Beverages
Arizona,04/02/22,121720824,Beverages
Arizona,04/09/22,122932912,Beverages
Arizona,04/16/22,120130586,Beverages
Arizona,04/23/22,129129640,Beverages
Arizona,04/30/22,123580947,Beverages
Arizona,05/07/22,120346878,Beverages
Arizona,05/14/22,120159795,Beverages
Arizona,05/21/22,128025839,Beverages
Arizona,05/28/22,120439961,Beverages
Arizona,06/04/22,137906209,Beverages
Arizona,06/11/22,136851569,Beverages
Arizona,06/18/22,130210013,Beverages
Arizona,06/25/22,128549242,Beverages
Arizona,07/02/22,133118569,Beverages
Arizona,07/09/22,130759272,Beverages
Arizona,07/16/22,125985382,Beverages
Arizona,07/23/22,129860022,Beverages
Arizona,07/30/22,122870686,Beverages
Arizona,08/06/22,133994032,Beverages
Arizona,08/13/22,130364598,Beverages
Arizona,08/20/22,129959260,Beverages
Arizona,08/27/22,127830671,Beverages
Arizona,09/03/22,109151776,Beverages
Arizona,09/10/22,114497417,Beverages
Arizona,09/17/22,109015656,Beverages
Arizona,09/24/22,114765838,Beverages
Arizona,10/01/22,105338789,Beverages
Arizona,10/08/22,113569697,Beverages
Arizona,10/15/22,110675060,Beverages
Arizona,10/22/22,105017401,Beverages
Arizona,10/29/22,96530351,Beverages
Arizona,11/05/22,106350421,Beverages
Arizona,11/12/22,115115019,Beverages
Arizona,11/19/22,111217475,Beverages
Arizona,11/26/22,116873657,Beverages
Arizona,12/03/22,96783277,Beverages
Arizona,12/10/22,99554948,Beverages
Arizona,12/17/22,84419078,Beverages
Arizona,12/24/22,101976485,Beverages
Arizona,12/31/22,89616237,Beverages
Arkansas,01/12/19,52949857,Beverages
Arkansas,01/19/19,52968012,Beverages
Arkansas,01/26/19,55418286,Beverages
Arkansas,02/02/19,52078099,Beverages
Arkansas,02/09/19,53011913,Beverages
Arkansas,02/16/19,53880564,Beverages
Arkansas,02/23/19,53667784,Beverages
Arkansas,03/02/19,64576023,Beverages
Arkansas,03/09/19,66100976,Beverages
Arkansas,03/16/19,62757166,Beverages
Arkansas,03/23/19,64339221,Beverages
Arkansas,03/30/19,64081153,Beverages
Arkansas,04/06/19,65902292,Beverages
Arkansas,04/13/19,63088034,Beverages
Arkansas,04/20/19,65681387,Beverages
Arkansas,04/27/19,66466432,Beverages
Arkansas,05/04/19,65670285,Beverages
Arkansas,05/11/19,65702271,Beverages
Arkansas,05/18/19,62717350,Beverages
Arkansas,05/25/19,61475527,Beverages
Arkansas,06/01/19,68739944,Beverages
Arkansas,06/08/19,67253410,Beverages
Arkansas,06/15/19,70618488,Beverages
Arkansas,06/22/19,69097556,Beverages
Arkansas,06/29/19,70504196,Beverages
Arkansas,07/06/19,68883805,Beverages
Arkansas,07/13/19,69405958,Beverages
Arkansas,07/20/19,65465349,Beverages
Arkansas,07/27/19,63017096,Beverages
Arkansas,08/03/19,66946215,Beverages
Arkansas,08/10/19,62646199,Beverages
Arkansas,08/17/19,65759684,Beverages
Arkansas,08/24/19,67253377,Beverages
Arkansas,08/31/19,63351507,Beverages
Arkansas,09/07/19,66135703,Beverages
Arkansas,09/14/19,56481538,Beverages
Arkansas,09/21/19,56031138,Beverages
Arkansas,09/28/19,54589991,Beverages
Arkansas,10/05/19,57243054,Beverages
Arkansas,10/12/19,57910644,Beverages
Arkansas,10/19/19,58182530,Beverages
Arkansas,10/26/19,66858904,Beverages
Arkansas,11/02/19,57696641,Beverages
Arkansas,11/09/19,56018714,Beverages
Arkansas,11/16/19,57661535,Beverages
Arkansas,11/23/19,55031856,Beverages
Arkansas,11/30/19,58551585,Beverages
Arkansas,12/07/19,53691823,Beverages
Arkansas,12/14/19,53982880,Beverages
Arkansas,12/21/19,50384213,Beverages
Arkansas,12/28/19,52984579,Beverages
Arkansas,01/04/20,51234369,Beverages
Arkansas,01/11/20,52394543,Beverages
Arkansas,01/18/20,55237114,Beverages
Arkansas,01/25/20,55013773,Beverages
Arkansas,02/01/20,54980869,Beverages
Arkansas,02/08/20,54324191,Beverages
Arkansas,02/15/20,54661425,Beverages
Arkansas,02/22/20,57840774,Beverages
Arkansas,02/29/20,53212967,Beverages
Arkansas,03/07/20,62103404,Beverages
Arkansas,03/14/20,64627061,Beverages
Arkansas,03/21/20,66564142,Beverages
Arkansas,03/28/20,68090365,Beverages
Arkansas,04/04/20,68117155,Beverages
Arkansas,04/11/20,65003500,Beverages
Arkansas,04/18/20,65275178,Beverages
Arkansas,04/25/20,67096446,Beverages
Arkansas,05/02/20,67650416,Beverages
Arkansas,05/09/20,65287034,Beverages
Arkansas,05/16/20,63244652,Beverages
Arkansas,05/23/20,63409100,Beverages
Arkansas,05/30/20,64289254,Beverages
Arkansas,06/06/20,66429333,Beverages
Arkansas,06/13/20,65563954,Beverages
Arkansas,06/20/20,65217582,Beverages
Arkansas,06/27/20,66955533,Beverages
Arkansas,07/04/20,70962690,Beverages
Arkansas,07/11/20,68727283,Beverages
Arkansas,07/18/20,64295677,Beverages
Arkansas,07/25/20,68434167,Beverages
Arkansas,08/01/20,68095614,Beverages
Arkansas,08/08/20,66976839,Beverages
Arkansas,08/15/20,68450941,Beverages
Arkansas,08/22/20,66827337,Beverages
Arkansas,08/29/20,79771645,Beverages
Arkansas,09/05/20,59119833,Beverages
Arkansas,09/12/20,57002082,Beverages
Arkansas,09/19/20,53932144,Beverages
Arkansas,09/26/20,55416502,Beverages
Arkansas,10/03/20,59266579,Beverages
Arkansas,10/10/20,56534965,Beverages
Arkansas,10/17/20,58761276,Beverages
Arkansas,10/24/20,50015292,Beverages
Arkansas,10/31/20,56396481,Beverages
Arkansas,11/07/20,57299422,Beverages
Arkansas,11/14/20,57853526,Beverages
Arkansas,11/21/20,57424991,Beverages
Arkansas,11/28/20,60075759,Beverages
Arkansas,12/05/20,53636986,Beverages
Arkansas,12/12/20,53215471,Beverages
Arkansas,12/19/20,55455566,Beverages
Arkansas,12/26/20,53577004,Beverages
Arkansas,01/02/21,51416213,Beverages
Arkansas,01/09/21,53507963,Beverages
Arkansas,01/16/21,44309552,Beverages
Arkansas,01/23/21,56260696,Beverages
Arkansas,01/30/21,54997563,Beverages
Arkansas,02/06/21,57472502,Beverages
Arkansas,02/13/21,57167448,Beverages
Arkansas,02/20/21,55479798,Beverages
Arkansas,02/27/21,54669571,Beverages
Arkansas,03/06/21,64751581,Beverages
Arkansas,03/13/21,64539191,Beverages
Arkansas,03/20/21,75587837,Beverages
Arkansas,03/27/21,63092735,Beverages
Arkansas,04/03/21,65424251,Beverages
Arkansas,04/10/21,69155085,Beverages
Arkansas,04/17/21,64493575,Beverages
Arkansas,04/24/21,69174536,Beverages
Arkansas,05/01/21,66517493,Beverages
Arkansas,05/08/21,68887747,Beverages
Arkansas,05/15/21,62610850,Beverages
Arkansas,05/22/21,67410023,Beverages
Arkansas,05/29/21,67071967,Beverages
Arkansas,06/05/21,67564733,Beverages
Arkansas,06/12/21,67147973,Beverages
Arkansas,06/19/21,72314955,Beverages
Arkansas,06/26/21,70542661,Beverages
Arkansas,07/03/21,69367408,Beverages
Arkansas,07/10/21,69015132,Beverages
Arkansas,07/17/21,68554874,Beverages
Arkansas,07/24/21,71448619,Beverages
Arkansas,07/31/21,67459375,Beverages
Arkansas,08/07/21,82845253,Beverages
Arkansas,08/14/21,67593952,Beverages
Arkansas,08/21/21,69300002,Beverages
Arkansas,08/28/21,64074288,Beverages
Arkansas,09/04/21,60316487,Beverages
Arkansas,09/11/21,59335716,Beverages
Arkansas,09/18/21,57754031,Beverages
Arkansas,09/25/21,56886391,Beverages
Arkansas,10/02/21,56026710,Beverages
Arkansas,10/09/21,57420116,Beverages
Arkansas,10/16/21,55915863,Beverages
Arkansas,10/23/21,55206481,Beverages
Arkansas,10/30/21,57787897,Beverages
Arkansas,11/06/21,58557133,Beverages
Arkansas,11/13/21,57375714,Beverages
Arkansas,11/20/21,58921797,Beverages
Arkansas,11/27/21,61068951,Beverages
Arkansas,12/04/21,54097107,Beverages
Arkansas,12/11/21,55535818,Beverages
Arkansas,12/18/21,55713961,Beverages
Arkansas,12/25/21,55213513,Beverages
Arkansas,01/01/22,55959758,Beverages
Arkansas,01/08/22,57016443,Beverages
Arkansas,01/15/22,52662450,Beverages
Arkansas,01/22/22,53530890,Beverages
Arkansas,01/29/22,57271805,Beverages
Arkansas,02/05/22,57995408,Beverages
Arkansas,02/12/22,67830837,Beverages
Arkansas,02/19/22,54373046,Beverages
Arkansas,02/26/22,57292710,Beverages
Arkansas,03/05/22,55963661,Beverages
Arkansas,03/12/22,68708593,Beverages
Arkansas,03/19/22,68719429,Beverages
Arkansas,03/26/22,70164050,Beverages
Arkansas,04/02/22,67990919,Beverages
Arkansas,04/09/22,64429163,Beverages
Arkansas,04/16/22,68304715,Beverages
Arkansas,04/23/22,65616063,Beverages
Arkansas,04/30/22,63917991,Beverages
Arkansas,05/07/22,65600090,Beverages
Arkansas,05/14/22,63390289,Beverages
Arkansas,05/21/22,69283962,Beverages
Arkansas,05/28/22,67509854,Beverages
Arkansas,06/04/22,62602404,Beverages
Arkansas,06/11/22,73725476,Beverages
Arkansas,06/18/22,73308630,Beverages
Arkansas,06/25/22,67121248,Beverages
Arkansas,07/02/22,70021338,Beverages
Arkansas,07/09/22,67059921,Beverages
Arkansas,07/16/22,69627527,Beverages
Arkansas,07/23/22,67661358,Beverages
Arkansas,07/30/22,70559294,Beverages
Arkansas,08/06/22,65821280,Beverages
Arkansas,08/13/22,60499804,Beverages
Arkansas,08/20/22,70748417,Beverages
Arkansas,08/27/22,68434669,Beverages
Arkansas,09/03/22,57198824,Beverages
Arkansas,09/10/22,57855003,Beverages
Arkansas,09/17/22,56716163,Beverages
Arkansas,09/24/22,55508850,Beverages
Arkansas,10/01/22,57467457,Beverages
Arkansas,10/08/22,58115220,Beverages
Arkansas,10/15/22,56518909,Beverages
Arkansas,10/22/22,60097666,Beverages
Arkansas,10/29/22,60670239,Beverages
Arkansas,11/05/22,59598766,Beverages
Arkansas,11/12/22,56337771,Beverages
Arkansas,11/19/22,60071549,Beverages
Arkansas,11/26/22,59576774,Beverages
Arkansas,12/03/22,51994057,Beverages
Arkansas,12/10/22,53959354,Beverages
Arkansas,12/17/22,54625878,Beverages
Arkansas,12/24/22,55466406,Beverages
Arkansas,12/31/22,57011496,Beverages
California,01/12/19,483919254,Beverages
California,01/19/19,414858657,Beverages
California,01/26/19,429282226,Beverages
California,02/02/19,418483969,Beverages
California,02/09/19,432780904,Beverages
California,02/16/19,425197584,Beverages
California,02/23/19,402700982,Beverages
California,03/02/19,590556557,Beverages
California,03/09/19,495755429,Beverages
California,03/16/19,592652039,Beverages
California,03/23/19,470579259,Beverages
California,03/30/19,510728692,Beverages
California,04/06/19,507844305,Beverages
California,04/13/19,482768988,Beverages
California,04/20/19,476130060,Beverages
California,04/27/19,606641881,Beverages
California,05/04/19,469150700,Beverages
California,05/11/19,596293733,Beverages
California,05/18/19,490649814,Beverages
California,05/25/19,473187689,Beverages
California,06/01/19,549934135,Beverages
California,06/08/19,538546920,Beverages
California,06/15/19,520074325,Beverages
California,06/22/19,520723840,Beverages
California,06/29/19,529640981,Beverages
California,07/06/19,488549244,Beverages
California,07/13/19,506026030,Beverages
California,07/20/19,511049194,Beverages
California,07/27/19,502588676,Beverages
California,08/03/19,492543263,Beverages
California,08/10/19,510987394,Beverages
California,08/17/19,592135764,Beverages
California,08/24/19,497702232,Beverages
California,08/31/19,480090039,Beverages
California,09/07/19,448459289,Beverages
California,09/14/19,414604216,Beverages
California,09/21/19,347488169,Beverages
California,09/28/19,441576845,Beverages
California,10/05/19,447014289,Beverages
California,10/12/19,442752532,Beverages
California,10/19/19,438959048,Beverages
California,10/26/19,430311533,Beverages
California,11/02/19,432235987,Beverages
California,11/09/19,413034069,Beverages
California,11/16/19,440102374,Beverages
California,11/23/19,450567466,Beverages
California,11/30/19,461860349,Beverages
California,12/07/19,392910582,Beverages
California,12/14/19,399605749,Beverages
California,12/21/19,392840737,Beverages
California,12/28/19,402218609,Beverages
California,01/04/20,414043025,Beverages
California,01/11/20,411674869,Beverages
California,01/18/20,395794424,Beverages
California,01/25/20,399224291,Beverages
California,02/01/20,422076642,Beverages
California,02/08/20,427076942,Beverages
California,02/15/20,428520407,Beverages
California,02/22/20,419456794,Beverages
California,02/29/20,404254001,Beverages
California,03/07/20,502207803,Beverages
California,03/14/20,485189684,Beverages
California,03/21/20,518097293,Beverages
California,03/28/20,490823633,Beverages
California,04/04/20,507691380,Beverages
California,04/11/20,496335888,Beverages
California,04/18/20,520490783,Beverages
California,04/25/20,490109503,Beverages
California,05/02/20,500991713,Beverages
California,05/09/20,495782147,Beverages
California,05/16/20,502341630,Beverages
California,05/23/20,507956441,Beverages
California,05/30/20,587673468,Beverages
California,06/06/20,507970844,Beverages
California,06/13/20,468972393,Beverages
California,06/20/20,511224572,Beverages
California,06/27/20,501189180,Beverages
California,07/04/20,524091904,Beverages
California,07/11/20,511429520,Beverages
California,07/18/20,444905838,Beverages
California,07/25/20,518236996,Beverages
California,08/01/20,506263932,Beverages
California,08/08/20,505655927,Beverages
California,08/15/20,413066868,Beverages
California,08/22/20,484412944,Beverages
California,08/29/20,512487214,Beverages
California,09/05/20,420950519,Beverages
California,09/12/20,418879377,Beverages
California,09/19/20,453502932,Beverages
California,09/26/20,440380914,Beverages
California,10/03/20,513855705,Beverages
California,10/10/20,439400995,Beverages
California,10/17/20,525958081,Beverages
California,10/24/20,449377706,Beverages
California,10/31/20,442435845,Beverages
California,11/07/20,454229540,Beverages
California,11/14/20,445339425,Beverages
California,11/21/20,429090194,Beverages
California,11/28/20,438588083,Beverages
California,12/05/20,424373255,Beverages
California,12/12/20,390245410,Beverages
California,12/19/20,393463956,Beverages
California,12/26/20,422995637,Beverages
California,01/02/21,412103808,Beverages
California,01/09/21,430458076,Beverages
California,01/16/21,432745276,Beverages
California,01/23/21,411315775,Beverages
California,01/30/21,414987283,Beverages
California,02/06/21,429146713,Beverages
California,02/13/21,421464744,Beverages
California,02/20/21,432582057,Beverages
California,02/27/21,363558310,Beverages
California,03/06/21,508644690,Beverages
California,03/13/21,510803894,Beverages
California,03/20/21,499699627,Beverages
California,03/27/21,507412590,Beverages
California,04/03/21,482724815,Beverages
California,04/10/21,500658164,Beverages
California,04/17/21,510404318,Beverages
California,04/24/21,511074297,Beverages
California,05/01/21,520354201,Beverages
California,05/08/21,447197568,Beverages
California,05/15/21,498065741,Beverages
California,05/22/21,478189217,Beverages
California,05/29/21,505143758,Beverages
California,06/05/21,525816738,Beverages
California,06/12/21,522992955,Beverages
California,06/19/21,542861041,Beverages
California,06/26/21,542639556,Beverages
California,07/03/21,532226406,Beverages
California,07/10/21,505818537,Beverages
California,07/17/21,519208925,Beverages
California,07/24/21,538398508,Beverages
California,07/31/21,499218419,Beverages
California,08/07/21,531636974,Beverages
California,08/14/21,503262821,Beverages
California,08/21/21,495548871,Beverages
California,08/28/21,505968748,Beverages
California,09/04/21,455953100,Beverages
California,09/11/21,442141935,Beverages
California,09/18/21,418365041,Beverages
California,09/25/21,440550349,Beverages
California,10/02/21,452755876,Beverages
California,10/09/21,425812591,Beverages
California,10/16/21,458642543,Beverages
California,10/23/21,444208891,Beverages
California,10/30/21,434209761,Beverages
California,11/06/21,460160263,Beverages
California,11/13/21,460216114,Beverages
California,11/20/21,432791864,Beverages
California,11/27/21,435187573,Beverages
California,12/04/21,423086089,Beverages
California,12/11/21,411884170,Beverages
California,12/18/21,405203331,Beverages
California,12/25/21,403343159,Beverages
California,01/01/22,408020971,Beverages
California,01/08/22,402243002,Beverages
California,01/15/22,413878897,Beverages
California,01/22/22,433444955,Beverages
California,01/29/22,426055280,Beverages
California,02/05/22,409807799,Beverages
California,02/12/22,446561719,Beverages
California,02/19/22,427601858,Beverages
California,02/26/22,448253742,Beverages
California,03/05/22,518172628,Beverages
California,03/12/22,507044707,Beverages
California,03/19/22,505097672,Beverages
California,03/26/22,510840007,Beverages
California,04/02/22,522838469,Beverages
California,04/09/22,521287571,Beverages
California,04/16/22,518457646,Beverages
California,04/23/22,499143846,Beverages
California,04/30/22,496025770,Beverages
California,05/07/22,504282864,Beverages
California,05/14/22,534010556,Beverages
California,05/21/22,498410298,Beverages
California,05/28/22,483899657,Beverages
California,06/04/22,557512700,Beverages
California,06/11/22,529244849,Beverages
California,06/18/22,540120146,Beverages
California,06/25/22,514285139,Beverages
California,07/02/22,564086707,Beverages
California,07/09/22,528804367,Beverages
California,07/16/22,668719571,Beverages
California,07/23/22,551671530,Beverages
California,07/30/22,544258022,Beverages
California,08/06/22,530088850,Beverages
California,08/13/22,534503548,Beverages
California,08/20/22,535963579,Beverages
California,08/27/22,448773394,Beverages
California,09/03/22,436148670,Beverages
California,09/10/22,442005686,Beverages
California,09/17/22,434958018,Beverages
California,09/24/22,460738200,Beverages
California,10/01/22,465912047,Beverages
California,10/08/22,431365927,Beverages
California,10/15/22,450435206,Beverages
California,10/22/22,443184785,Beverages
California,10/29/22,444733868,Beverages
California,11/05/22,456715683,Beverages
California,11/12/22,454291369,Beverages
California,11/19/22,438632875,Beverages
California,11/26/22,471890395,Beverages
California,12/03/22,394137727,Beverages
California,12/10/22,404824068,Beverages
California,12/17/22,421947800,Beverages
California,12/24/22,424689129,Beverages
California,12/31/22,416290620,Beverages
Colorado,01/12/19,78850855,Beverages
Colorado,01/19/19,85002142,Beverages
Colorado,01/26/19,86508459,Beverages
Colorado,02/02/19,84586684,Beverages
Colorado,02/09/19,83429596,Beverages
Colorado,02/16/19,81735223,Beverages
Colorado,02/23/19,86639979,Beverages
Colorado,03/02/19,99612147,Beverages
Colorado,03/09/19,102665660,Beverages
Colorado,03/16/19,87232938,Beverages
Colorado,03/23/19,100461291,Beverages
Colorado,03/30/19,95880451,Beverages
Colorado,04/06/19,102120040,Beverages
Colorado,04/13/19,94871209,Beverages
Colorado,04/20/19,94732103,Beverages
Colorado,04/27/19,103692955,Beverages
Colorado,05/04/19,95112505,Beverages
Colorado,05/11/19,96382703,Beverages
Colorado,05/18/19,99822369,Beverages
Colorado,05/25/19,97609632,Beverages
Colorado,06/01/19,109636486,Beverages
Colorado,06/08/19,103708344,Beverages
Colorado,06/15/19,105472937,Beverages
Colorado,06/22/19,100738333,Beverages
Colorado,06/29/19,103482041,Beverages
Colorado,07/06/19,102039639,Beverages
Colorado,07/13/19,106186388,Beverages
Colorado,07/20/19,126002006,Beverages
Colorado,07/27/19,97979688,Beverages
Colorado,08/03/19,104133059,Beverages
Colorado,08/10/19,102551701,Beverages
Colorado,08/17/19,101505845,Beverages
Colorado,08/24/19,103294628,Beverages
Colorado,08/31/19,96654944,Beverages
Colorado,09/07/19,82503148,Beverages
Colorado,09/14/19,84298003,Beverages
Colorado,09/21/19,86239294,Beverages
Colorado,09/28/19,83211716,Beverages
Colorado,10/05/19,89441096,Beverages
Colorado,10/12/19,87728809,Beverages
Colorado,10/19/19,87593616,Beverages
Colorado,10/26/19,85920884,Beverages
Colorado,11/02/19,83966554,Beverages
Colorado,11/09/19,88916650,Beverages
Colorado,11/16/19,90657274,Beverages
Colorado,11/23/19,86448051,Beverages
Colorado,11/30/19,86698668,Beverages
Colorado,12/07/19,83094934,Beverages
Colorado,12/14/19,80053377,Beverages
Colorado,12/21/19,79258762,Beverages
Colorado,12/28/19,81596011,Beverages
Colorado,01/04/20,79264836,Beverages
Colorado,01/11/20,99070000,Beverages
Colorado,01/18/20,80057957,Beverages
Colorado,01/25/20,80407192,Beverages
Colorado,02/01/20,80329686,Beverages
Colorado,02/08/20,86879912,Beverages
Colorado,02/15/20,83504882,Beverages
Colorado,02/22/20,87919619,Beverages
Colorado,02/29/20,83147885,Beverages
Colorado,03/07/20,96391947,Beverages
Colorado,03/14/20,103286195,Beverages
Colorado,03/21/20,95932014,Beverages
Colorado,03/28/20,105539561,Beverages
Colorado,04/04/20,103530230,Beverages
Colorado,04/11/20,99550679,Beverages
Colorado,04/18/20,96787218,Beverages
Colorado,04/25/20,103143124,Beverages
Colorado,05/02/20,120501118,Beverages
Colorado,05/09/20,98010384,Beverages
Colorado,05/16/20,99146747,Beverages
Colorado,05/23/20,98834135,Beverages
Colorado,05/30/20,98707677,Beverages
Colorado,06/06/20,88101412,Beverages
Colorado,06/13/20,111326435,Beverages
Colorado,06/20/20,104802748,Beverages
Colorado,06/27/20,104914038,Beverages
Colorado,07/04/20,109597054,Beverages
Colorado,07/11/20,100399872,Beverages
Colorado,07/18/20,107785066,Beverages
Colorado,07/25/20,101007576,Beverages
Colorado,08/01/20,106411600,Beverages
Colorado,08/08/20,106509282,Beverages
Colorado,08/15/20,104400427,Beverages
Colorado,08/22/20,104907935,Beverages
Colorado,08/29/20,103932668,Beverages
Colorado,09/05/20,84911394,Beverages
Colorado,09/12/20,91846757,Beverages
Colorado,09/19/20,83527028,Beverages
Colorado,09/26/20,84293478,Beverages
Colorado,10/03/20,90357659,Beverages
Colorado,10/10/20,87750933,Beverages
Colorado,10/17/20,89935963,Beverages
Colorado,10/24/20,88939461,Beverages
Colorado,10/31/20,86665224,Beverages
Colorado,11/07/20,90502248,Beverages
Colorado,11/14/20,90459817,Beverages
Colorado,11/21/20,86657981,Beverages
Colorado,11/28/20,85783463,Beverages
Colorado,12/05/20,83518850,Beverages
Colorado,12/12/20,78878047,Beverages
Colorado,12/19/20,85170019,Beverages
Colorado,12/26/20,83671841,Beverages
Colorado,01/02/21,84709676,Beverages
Colorado,01/09/21,82550564,Beverages
Colorado,01/16/21,101684382,Beverages
Colorado,01/23/21,87666123,Beverages
Colorado,01/30/21,81097065,Beverages
Colorado,02/06/21,87938268,Beverages
Colorado,02/13/21,88348625,Beverages
Colorado,02/20/21,86264489,Beverages
Colorado,02/27/21,83596534,Beverages
Colorado,03/06/21,103122079,Beverages
Colorado,03/13/21,99051676,Beverages
Colorado,03/20/21,88232557,Beverages
Colorado,03/27/21,97191602,Beverages
Colorado,04/03/21,100857556,Beverages
Colorado,04/10/21,98164509,Beverages
Colorado,04/17/21,102057277,Beverages
Colorado,04/24/21,97662071,Beverages
Colorado,05/01/21,102518309,Beverages
Colorado,05/08/21,102666972,Beverages
Colorado,05/15/21,104369108,Beverages
Colorado,05/22/21,104170945,Beverages
Colorado,05/29/21,96206638,Beverages
Colorado,06/05/21,107685085,Beverages
Colorado,06/12/21,111203797,Beverages
Colorado,06/19/21,108541516,Beverages
Colorado,06/26/21,103949826,Beverages
Colorado,07/03/21,106425905,Beverages
Colorado,07/10/21,103540768,Beverages
Colorado,07/17/21,108405625,Beverages
Colorado,07/24/21,109882680,Beverages
Colorado,07/31/21,103934826,Beverages
Colorado,08/07/21,107212078,Beverages
Colorado,08/14/21,102818739,Beverages
Colorado,08/21/21,102123747,Beverages
Colorado,08/28/21,103856509,Beverages
Colorado,09/04/21,88027731,Beverages
Colorado,09/11/21,101797683,Beverages
Colorado,09/18/21,89676362,Beverages
Colorado,09/25/21,92646726,Beverages
Colorado,10/02/21,84878517,Beverages
Colorado,10/09/21,86440287,Beverages
Colorado,10/16/21,88665500,Beverages
Colorado,10/23/21,88620653,Beverages
Colorado,10/30/21,91298427,Beverages
Colorado,11/06/21,85731496,Beverages
Colorado,11/13/21,93836751,Beverages
Colorado,11/20/21,86106244,Beverages
Colorado,11/27/21,88539941,Beverages
Colorado,12/04/21,81562372,Beverages
Colorado,12/11/21,99182053,Beverages
Colorado,12/18/21,79698882,Beverages
Colorado,12/25/21,81917466,Beverages
Colorado,01/01/22,87880095,Beverages
Colorado,01/08/22,83043713,Beverages
Colorado,01/15/22,85077239,Beverages
Colorado,01/22/22,82279179,Beverages
Colorado,01/29/22,82472449,Beverages
Colorado,02/05/22,90502536,Beverages
Colorado,02/12/22,87677198,Beverages
Colorado,02/19/22,86439189,Beverages
Colorado,02/26/22,83904920,Beverages
Colorado,03/05/22,107921339,Beverages
Colorado,03/12/22,107932433,Beverages
Colorado,03/19/22,102779550,Beverages
Colorado,03/26/22,106152064,Beverages
Colorado,04/02/22,101293985,Beverages
Colorado,04/09/22,100680064,Beverages
Colorado,04/16/22,103360975,Beverages
Colorado,04/23/22,104710077,Beverages
Colorado,04/30/22,99380017,Beverages
Colorado,05/07/22,100256543,Beverages
Colorado,05/14/22,106350230,Beverages
Colorado,05/21/22,102592403,Beverages
Colorado,05/28/22,105580293,Beverages
Colorado,06/04/22,106282939,Beverages
Colorado,06/11/22,110999279,Beverages
Colorado,06/18/22,109463907,Beverages
Colorado,06/25/22,105653824,Beverages
Colorado,07/02/22,112485718,Beverages
Colorado,07/09/22,107649297,Beverages
Colorado,07/16/22,109062589,Beverages
Colorado,07/23/22,102166148,Beverages
Colorado,07/30/22,109529416,Beverages
Colorado,08/06/22,101002324,Beverages
Colorado,08/13/22,102108286,Beverages
Colorado,08/20/22,101300992,Beverages
Colorado,08/27/22,107119956,Beverages
Colorado,09/03/22,87872833,Beverages
Colorado,09/10/22,93763867,Beverages
Colorado,09/17/22,87833564,Beverages
Colorado,09/24/22,94481081,Beverages
Colorado,10/01/22,85840586,Beverages
Colorado,10/08/22,89834851,Beverages
Colorado,10/15/22,90637378,Beverages
Colorado,10/22/22,86913306,Beverages
Colorado,10/29/22,93665942,Beverages
Colorado,11/05/22,93574342,Beverages
Colorado,11/12/22,88734230,Beverages
Colorado,11/19/22,89918075,Beverages
Colorado,11/26/22,93067110,Beverages
Colorado,12/03/22,86070248,Beverages
Colorado,12/10/22,87564152,Beverages
Colorado,12/17/22,81697355,Beverages
Colorado,12/24/22,87618692,Beverages
Colorado,12/31/22,88721492,Beverages
Connecticut,01/12/19,44269095,Beverages
Connecticut,01/19/19,43913744,Beverages
Connecticut,01/26/19,44363384,Beverages
Connecticut,02/02/19,46765138,Beverages
Connecticut,02/09/19,46004545,Beverages
Connecticut,02/16/19,44549089,Beverages
Connecticut,02/23/19,48082447,Beverages
Connecticut,03/02/19,57173889,Beverages
Connecticut,03/09/19,57419074,Beverages
Connecticut,03/16/19,55616528,Beverages
Connecticut,03/23/19,57048955,Beverages
Connecticut,03/30/19,45158743,Beverages
Connecticut,04/06/19,63293123,Beverages
Connecticut,04/13/19,57084745,Beverages
Connecticut,04/20/19,56132327,Beverages
Connecticut,04/27/19,56709084,Beverages
Connecticut,05/04/19,54822782,Beverages
Connecticut,05/11/19,53410079,Beverages
Connecticut,05/18/19,55955647,Beverages
Connecticut,05/25/19,53210503,Beverages
Connecticut,06/01/19,60770066,Beverages
Connecticut,06/08/19,56629108,Beverages
Connecticut,06/15/19,60121969,Beverages
Connecticut,06/22/19,56392785,Beverages
Connecticut,06/29/19,56693142,Beverages
Connecticut,07/06/19,58662189,Beverages
Connecticut,07/13/19,57600489,Beverages
Connecticut,07/20/19,58528887,Beverages
Connecticut,07/27/19,58992420,Beverages
Connecticut,08/03/19,53920084,Beverages
Connecticut,08/10/19,54780303,Beverages
Connecticut,08/17/19,53135540,Beverages
Connecticut,08/24/19,57294287,Beverages
Connecticut,08/31/19,57020833,Beverages
Connecticut,09/07/19,48539737,Beverages
Connecticut,09/14/19,47839892,Beverages
Connecticut,09/21/19,39411621,Beverages
Connecticut,09/28/19,47296027,Beverages
Connecticut,10/05/19,49693521,Beverages
Connecticut,10/12/19,49304406,Beverages
Connecticut,10/19/19,49849979,Beverages
Connecticut,10/26/19,42394134,Beverages
Connecticut,11/02/19,46370321,Beverages
Connecticut,11/09/19,48256300,Beverages
Connecticut,11/16/19,48904181,Beverages
Connecticut,11/23/19,51263335,Beverages
Connecticut,11/30/19,58588157,Beverages
Connecticut,12/07/19,42440142,Beverages
Connecticut,12/14/19,43150808,Beverages
Connecticut,12/21/19,47235176,Beverages
Connecticut,12/28/19,46293880,Beverages
Connecticut,01/04/20,47876393,Beverages
Connecticut,01/11/20,46230448,Beverages
Connecticut,01/18/20,46384444,Beverages
Connecticut,01/25/20,46263484,Beverages
Connecticut,02/01/20,44969626,Beverages
Connecticut,02/08/20,38982988,Beverages
Connecticut,02/15/20,47034291,Beverages
Connecticut,02/22/20,47830301,Beverages
Connecticut,02/29/20,46569231,Beverages
Connecticut,03/07/20,53075583,Beverages
Connecticut,03/14/20,57660574,Beverages
Connecticut,03/21/20,56292052,Beverages
Connecticut,03/28/20,54051229,Beverages
Connecticut,04/04/20,54350115,Beverages
Connecticut,04/11/20,53166916,Beverages
Connecticut,04/18/20,58440600,Beverages
Connecticut,04/25/20,55684981,Beverages
Connecticut,05/02/20,57251602,Beverages
Connecticut,05/09/20,53105886,Beverages
Connecticut,05/16/20,57274776,Beverages
Connecticut,05/23/20,56587281,Beverages
Connecticut,05/30/20,54914822,Beverages
Connecticut,06/06/20,58998324,Beverages
Connecticut,06/13/20,58705362,Beverages
Connecticut,06/20/20,59360563,Beverages
Connecticut,06/27/20,58095303,Beverages
Connecticut,07/04/20,58853150,Beverages
Connecticut,07/11/20,58929991,Beverages
Connecticut,07/18/20,57509817,Beverages
Connecticut,07/25/20,56473128,Beverages
Connecticut,08/01/20,57712084,Beverages
Connecticut,08/08/20,57154129,Beverages
Connecticut,08/15/20,56385917,Beverages
Connecticut,08/22/20,53739283,Beverages
Connecticut,08/29/20,55207917,Beverages
Connecticut,09/05/20,46360190,Beverages
Connecticut,09/12/20,47406752,Beverages
Connecticut,09/19/20,47630044,Beverages
Connecticut,09/26/20,46969991,Beverages
Connecticut,10/03/20,47411253,Beverages
Connecticut,10/10/20,58348782,Beverages
Connecticut,10/17/20,46457207,Beverages
Connecticut,10/24/20,50466998,Beverages
Connecticut,10/31/20,48780347,Beverages
Connecticut,11/07/20,47782199,Beverages
Connecticut,11/14/20,47147477,Beverages
Connecticut,11/21/20,51227367,Beverages
Connecticut,11/28/20,51521864,Beverages
Connecticut,12/05/20,46922860,Beverages
Connecticut,12/12/20,43344465,Beverages
Connecticut,12/19/20,43686732,Beverages
Connecticut,12/26/20,48038316,Beverages
Connecticut,01/02/21,45840492,Beverages
Connecticut,01/09/21,48136230,Beverages
Connecticut,01/16/21,45522555,Beverages
Connecticut,01/23/21,45975618,Beverages
Connecticut,01/30/21,49339546,Beverages
Connecticut,02/06/21,59004085,Beverages
Connecticut,02/13/21,46525138,Beverages
Connecticut,02/20/21,48388405,Beverages
Connecticut,02/27/21,46223236,Beverages
Connecticut,03/06/21,56027155,Beverages
Connecticut,03/13/21,54284443,Beverages
Connecticut,03/20/21,57955380,Beverages
Connecticut,03/27/21,54233230,Beverages
Connecticut,04/03/21,59147464,Beverages
Connecticut,04/10/21,57653447,Beverages
Connecticut,04/17/21,68554319,Beverages
Connecticut,04/24/21,54476294,Beverages
Connecticut,05/01/21,54449625,Beverages
Connecticut,05/08/21,57021708,Beverages
Connecticut,05/15/21,56228794,Beverages
Connecticut,05/22/21,58588990,Beverages
Connecticut,05/29/21,56687707,Beverages
Connecticut,06/05/21,60300597,Beverages
Connecticut,06/12/21,59694428,Beverages
Connecticut,06/19/21,61823797,Beverages
Connecticut,06/26/21,59441840,Beverages
Connecticut,07/03/21,56734776,Beverages
Connecticut,07/10/21,61033622,Beverages
Connecticut,07/17/21,56147052,Beverages
Connecticut,07/24/21,60406250,Beverages
Connecticut,07/31/21,56399503,Beverages
Connecticut,08/07/21,57408227,Beverages
Connecticut,08/14/21,58919146,Beverages
Connecticut,08/21/21,50507403,Beverages
Connecticut,08/28/21,57562534,Beverages
Connecticut,09/04/21,50336627,Beverages
Connecticut,09/11/21,47649276,Beverages
Connecticut,09/18/21,47453259,Beverages
Connecticut,09/25/21,48411653,Beverages
Connecticut,10/02/21,46831128,Beverages
Connecticut,10/09/21,49870238,Beverages
Connecticut,10/16/21,47156673,Beverages
Connecticut,10/23/21,48441308,Beverages
Connecticut,10/30/21,50039216,Beverages
Connecticut,11/06/21,48289207,Beverages
Connecticut,11/13/21,49668283,Beverages
Connecticut,11/20/21,48330972,Beverages
Connecticut,11/27/21,48012467,Beverages
Connecticut,12/04/21,47724121,Beverages
Connecticut,12/11/21,52515152,Beverages
Connecticut,12/18/21,45763309,Beverages
Connecticut,12/25/21,45582222,Beverages
Connecticut,01/01/22,46687637,Beverages
Connecticut,01/08/22,48617202,Beverages
Connecticut,01/15/22,46737329,Beverages
Connecticut,01/22/22,47346601,Beverages
Connecticut,01/29/22,48100715,Beverages
Connecticut,02/05/22,48652978,Beverages
Connecticut,02/12/22,46105243,Beverages
Connecticut,02/19/22,49916651,Beverages
Connecticut,02/26/22,48667527,Beverages
Connecticut,03/05/22,55197610,Beverages
Connecticut,03/12/22,59180283,Beverages
Connecticut,03/19/22,59230859,Beverages
Connecticut,03/26/22,55577644,Beverages
Connecticut,04/02/22,58486864,Beverages
Connecticut,04/09/22,59363563,Beverages
Connecticut,04/16/22,55497359,Beverages
Connecticut,04/23/22,60202124,Beverages
Connecticut,04/30/22,59029294,Beverages
Connecticut,05/07/22,58672788,Beverages
Connecticut,05/14/22,55738306,Beverages
Connecticut,05/21/22,58311750,Beverages
Connecticut,05/28/22,57711369,Beverages
Connecticut,06/04/22,63655931,Beverages
Connecticut,06/11/22,63663477,Beverages
Connecticut,06/18/22,61410180,Beverages
Connecticut,06/25/22,59617137,Beverages
Connecticut,07/02/22,57378384,Beverages
Connecticut,07/09/22,60106622,Beverages
Connecticut,07/16/22,60545504,Beverages
Connecticut,07/23/22,56386586,Beverages
Connecticut,07/30/22,61466259,Beverages
Connecticut,08/06/22,56151023,Beverages
Connecticut,08/13/22,58211849,Beverages
Connecticut,08/20/22,57967682,Beverages
Connecticut,08/27/22,58171377,Beverages
Connecticut,09/03/22,50648542,Beverages
Connecticut,09/10/22,49313545,Beverages
Connecticut,09/17/22,51890829,Beverages
Connecticut,09/24/22,49596149,Beverages
Connecticut,10/01/22,50328542,Beverages
Connecticut,10/08/22,49788079,Beverages
Connecticut,10/15/22,40608444,Beverages
Connecticut,10/22/22,51822026,Beverages
Connecticut,10/29/22,48030465,Beverages
Connecticut,11/05/22,50145569,Beverages
Connecticut,11/12/22,51256382,Beverages
Connecticut,11/19/22,48408506,Beverages
Connecticut,11/26/22,52077515,Beverages
Connecticut,12/03/22,47154121,Beverages
Connecticut,12/10/22,45603310,Beverages
Connecticut,12/17/22,48248172,Beverages
Connecticut,12/24/22,45753918,Beverages
Connecticut,12/31/22,45086831,Beverages
Florida,01/12/19,331925452,Beverages
Florida,01/19/19,273166230,Beverages
Florida,01/26/19,324760124,Beverages
Florida,02/02/19,380934954,Beverages
Florida,02/09/19,342337319,Beverages
Florida,02/16/19,343757049,Beverages
Florida,02/23/19,339963670,Beverages
Florida,03/02/19,392972122,Beverages
Florida,03/09/19,390858630,Beverages
Florida,03/16/19,378141346,Beverages
Florida,03/23/19,380423482,Beverages
Florida,03/30/19,413804045,Beverages
Florida,04/06/19,414073474,Beverages
Florida,04/13/19,387819547,Beverages
Florida,04/20/19,395212011,Beverages
Florida,04/27/19,402531836,Beverages
Florida,05/04/19,376500680,Beverages
Florida,05/11/19,383979582,Beverages
Florida,05/18/19,381951255,Beverages
Florida,05/25/19,405507356,Beverages
Florida,06/01/19,441042649,Beverages
Florida,06/08/19,420677167,Beverages
Florida,06/15/19,425294212,Beverages
Florida,06/22/19,421377056,Beverages
Florida,06/29/19,420810773,Beverages
Florida,07/06/19,428324342,Beverages
Florida,07/13/19,407877404,Beverages
Florida,07/20/19,412765912,Beverages
Florida,07/27/19,412914919,Beverages
Florida,08/03/19,412112452,Beverages
Florida,08/10/19,413828604,Beverages
Florida,08/17/19,400768578,Beverages
Florida,08/24/19,409501872,Beverages
Florida,08/31/19,397212505,Beverages
Florida,09/07/19,332096342,Beverages
Florida,09/14/19,328829230,Beverages
Florida,09/21/19,405119381,Beverages
Florida,09/28/19,353569594,Beverages
Florida,10/05/19,347285066,Beverages
Florida,10/12/19,347429866,Beverages
Florida,10/19/19,339797653,Beverages
Florida,10/26/19,331855362,Beverages
Florida,11/02/19,358891614,Beverages
Florida,11/09/19,351254014,Beverages
Florida,11/16/19,353151793,Beverages
Florida,11/23/19,368071282,Beverages
Florida,11/30/19,350084871,Beverages
Florida,12/07/19,326499275,Beverages
Florida,12/14/19,308077025,Beverages
Florida,12/21/19,338863095,Beverages
Florida,12/28/19,332699616,Beverages
Florida,01/04/20,320928138,Beverages
Florida,01/11/20,320549966,Beverages
Florida,01/18/20,320695589,Beverages
Florida,01/25/20,349798070,Beverages
Florida,02/01/20,335886681,Beverages
Florida,02/08/20,355267291,Beverages
Florida,02/15/20,339813143,Beverages
Florida,02/22/20,353659381,Beverages
Florida,02/29/20,328982860,Beverages
Florida,03/07/20,349564549,Beverages
Florida,03/14/20,411946044,Beverages
Florida,03/21/20,414684526,Beverages
Florida,03/28/20,390416968,Beverages
Florida,04/04/20,400854747,Beverages
Florida,04/11/20,390248142,Beverages
Florida,04/18/20,405413152,Beverages
Florida,04/25/20,385709827,Beverages
Florida,05/02/20,408694867,Beverages
Florida,05/09/20,403617899,Beverages
Florida,05/16/20,404780423,Beverages
Florida,05/23/20,410017282,Beverages
Florida,05/30/20,387554282,Beverages
Florida,06/06/20,411332092,Beverages
Florida,06/13/20,415761467,Beverages
Florida,06/20/20,402733607,Beverages
Florida,06/27/20,496815674,Beverages
Florida,07/04/20,371638416,Beverages
Florida,07/11/20,412075267,Beverages
Florida,07/18/20,355030297,Beverages
Florida,07/25/20,512502412,Beverages
Florida,08/01/20,416751917,Beverages
Florida,08/08/20,418761335,Beverages
Florida,08/15/20,406772538,Beverages
Florida,08/22/20,330911039,Beverages
Florida,08/29/20,398512844,Beverages
Florida,09/05/20,338705516,Beverages
Florida,09/12/20,343414185,Beverages
Florida,09/19/20,357318718,Beverages
Florida,09/26/20,353891588,Beverages
Florida,10/03/20,351551194,Beverages
Florida,10/10/20,351363526,Beverages
Florida,10/17/20,356583231,Beverages
Florida,10/24/20,363029255,Beverages
Florida,10/31/20,345321636,Beverages
Florida,11/07/20,341843758,Beverages
Florida,11/14/20,363304707,Beverages
Florida,11/21/20,361371597,Beverages
Florida,11/28/20,343844036,Beverages
Florida,12/05/20,328305148,Beverages
Florida,12/12/20,319085044,Beverages
Florida,12/19/20,334669725,Beverages
Florida,12/26/20,333818421,Beverages
Florida,01/02/21,324027912,Beverages
Florida,01/09/21,337970263,Beverages
Florida,01/16/21,347704133,Beverages
Florida,01/23/21,330481694,Beverages
Florida,01/30/21,340896792,Beverages
Florida,02/06/21,330294281,Beverages
Florida,02/13/21,354100267,Beverages
Florida,02/20/21,339362292,Beverages
Florida,02/27/21,347652775,Beverages
Florida,03/06/21,413053847,Beverages
Florida,03/13/21,423928635,Beverages
Florida,03/20/21,336815510,Beverages
Florida,03/27/21,426448742,Beverages
Florida,04/03/21,397499287,Beverages
Florida,04/10/21,415331584,Beverages
Florida,04/17/21,398508517,Beverages
Florida,04/24/21,405466735,Beverages
Florida,05/01/21,484234696,Beverages
Florida,05/08/21,419902181,Beverages
Florida,05/15/21,419878429,Beverages
Florida,05/22/21,387667310,Beverages
Florida,05/29/21,401621451,Beverages
Florida,06/05/21,443540776,Beverages
Florida,06/12/21,440296376,Beverages
Florida,06/19/21,427993644,Beverages
Florida,06/26/21,430577965,Beverages
Florida,07/03/21,425401864,Beverages
Florida,07/10/21,410942274,Beverages
Florida,07/17/21,482057479,Beverages
Florida,07/24/21,432218257,Beverages
Florida,07/31/21,436226596,Beverages
Florida,08/07/21,416491156,Beverages
Florida,08/14/21,424325545,Beverages
Florida,08/21/21,411017076,Beverages
Florida,08/28/21,400117554,Beverages
Florida,09/04/21,361811859,Beverages
Florida,09/11/21,357369483,Beverages
Florida,09/18/21,425338379,Beverages
Florida,09/25/21,364254109,Beverages
Florida,10/02/21,355983951,Beverages
Florida,10/09/21,338290129,Beverages
Florida,10/16/21,343449807,Beverages
Florida,10/23/21,366613205,Beverages
Florida,10/30/21,347606308,Beverages
Florida,11/06/21,446475804,Beverages
Florida,11/13/21,351838854,Beverages
Florida,11/20/21,376271122,Beverages
Florida,11/27/21,346477011,Beverages
Florida,12/04/21,324310959,Beverages
Florida,12/11/21,338870982,Beverages
Florida,12/18/21,347492902,Beverages
Florida,12/25/21,329809979,Beverages
Florida,01/01/22,328328202,Beverages
Florida,01/08/22,334043274,Beverages
Florida,01/15/22,332078919,Beverages
Florida,01/22/22,357310327,Beverages
Florida,01/29/22,345122217,Beverages
Florida,02/05/22,281151339,Beverages
Florida,02/12/22,336193359,Beverages
Florida,02/19/22,340360546,Beverages
Florida,02/26/22,359042119,Beverages
Florida,03/05/22,408260727,Beverages
Florida,03/12/22,426336793,Beverages
Florida,03/19/22,410265049,Beverages
Florida,03/26/22,428003199,Beverages
Florida,04/02/22,424844583,Beverages
Florida,04/09/22,430020213,Beverages
Florida,04/16/22,401384071,Beverages
Florida,04/23/22,404574709,Beverages
Florida,04/30/22,392893137,Beverages
Florida,05/07/22,405453003,Beverages
Florida,05/14/22,425217789,Beverages
Florida,05/21/22,391571264,Beverages
Florida,05/28/22,387950435,Beverages
Florida,06/04/22,455046670,Beverages
Florida,06/11/22,454964444,Beverages
Florida,06/18/22,524001811,Beverages
Florida,06/25/22,519078694,Beverages
Florida,07/02/22,435355892,Beverages
Florida,07/09/22,434734789,Beverages
Florida,07/16/22,422477681,Beverages
Florida,07/23/22,413243085,Beverages
Florida,07/30/22,402968576,Beverages
Florida,08/06/22,437737415,Beverages
Florida,08/13/22,406691418,Beverages
Florida,08/20/22,427599098,Beverages
Florida,08/27/22,412912008,Beverages
Florida,09/03/22,364974572,Beverages
Florida,09/10/22,371633797,Beverages
Florida,09/17/22,351379672,Beverages
Florida,09/24/22,353427924,Beverages
Florida,10/01/22,355860012,Beverages
Florida,10/08/22,368917679,Beverages
Florida,10/15/22,347377796,Beverages
Florida,10/22/22,357684295,Beverages
Florida,10/29/22,344464113,Beverages
Florida,11/05/22,363726982,Beverages
Florida,11/12/22,369280228,Beverages
Florida,11/19/22,361248812,Beverages
Florida,11/26/22,373082016,Beverages
Florida,12/03/22,335249875,Beverages
Florida,12/10/22,342206070,Beverages
Florida,12/17/22,353209826,Beverages
Florida,12/24/22,327823406,Beverages
Florida,12/31/22,327824661,Beverages
Georgia,01/12/19,174364529,Beverages
Georgia,01/19/19,188687731,Beverages
Georgia,01/26/19,174736623,Beverages
Georgia,02/02/19,177721304,Beverages
Georgia,02/09/19,188280781,Beverages
Georgia,02/16/19,178950414,Beverages
Georgia,02/23/19,189957121,Beverages
Georgia,03/02/19,219684102,Beverages
Georgia,03/09/19,218804415,Beverages
Georgia,03/16/19,217150735,Beverages
Georgia,03/23/19,209275836,Beverages
Georgia,03/30/19,211792428,Beverages
Georgia,04/06/19,222595628,Beverages
Georgia,04/13/19,211030214,Beverages
Georgia,04/20/19,219590361,Beverages
Georgia,04/27/19,219860959,Beverages
Georgia,05/04/19,216978519,Beverages
Georgia,05/11/19,217411686,Beverages
Georgia,05/18/19,226977078,Beverages
Georgia,05/25/19,225802313,Beverages
Georgia,06/01/19,244413348,Beverages
Georgia,06/08/19,238431022,Beverages
Georgia,06/15/19,228745733,Beverages
Georgia,06/22/19,231754487,Beverages
Georgia,06/29/19,226085626,Beverages
Georgia,07/06/19,237107428,Beverages
Georgia,07/13/19,230686066,Beverages
Georgia,07/20/19,218869243,Beverages
Georgia,07/27/19,214482463,Beverages
Georgia,08/03/19,217256441,Beverages
Georgia,08/10/19,232847528,Beverages
Georgia,08/17/19,230618743,Beverages
Georgia,08/24/19,215823764,Beverages
Georgia,08/31/19,211579027,Beverages
Georgia,09/07/19,194926575,Beverages
Georgia,09/14/19,185586590,Beverages
Georgia,09/21/19,200265545,Beverages
Georgia,09/28/19,195497410,Beverages
Georgia,10/05/19,196536458,Beverages
Georgia,10/12/19,193373828,Beverages
Georgia,10/19/19,188501886,Beverages
Georgia,10/26/19,240465380,Beverages
Georgia,11/02/19,193453038,Beverages
Georgia,11/09/19,203023327,Beverages
Georgia,11/16/19,192934577,Beverages
Georgia,11/23/19,199831699,Beverages
Georgia,11/30/19,193901181,Beverages
Georgia,12/07/19,174078401,Beverages
Georgia,12/14/19,179073955,Beverages
Georgia,12/21/19,176671267,Beverages
Georgia,12/28/19,190165053,Beverages
Georgia,01/04/20,175067812,Beverages
Georgia,01/11/20,192235189,Beverages
Georgia,01/18/20,177484290,Beverages
Georgia,01/25/20,188387185,Beverages
Georgia,02/01/20,155318494,Beverages
Georgia,02/08/20,185614360,Beverages
Georgia,02/15/20,187896329,Beverages
Georgia,02/22/20,191142945,Beverages
Georgia,02/29/20,222501729,Beverages
Georgia,03/07/20,232406641,Beverages
Georgia,03/14/20,215218866,Beverages
Georgia,03/21/20,228487474,Beverages
Georgia,03/28/20,216706965,Beverages
Georgia,04/04/20,227826472,Beverages
Georgia,04/11/20,265339452,Beverages
Georgia,04/18/20,232568795,Beverages
Georgia,04/25/20,232159167,Beverages
Georgia,05/02/20,226785805,Beverages
Georgia,05/09/20,226341086,Beverages
Georgia,05/16/20,223834757,Beverages
Georgia,05/23/20,224574471,Beverages
Georgia,05/30/20,226722047,Beverages
Georgia,06/06/20,245077889,Beverages
Georgia,06/13/20,243996587,Beverages
Georgia,06/20/20,233723238,Beverages
Georgia,06/27/20,227496647,Beverages
Georgia,07/04/20,236453721,Beverages
Georgia,07/11/20,224320058,Beverages
Georgia,07/18/20,237196669,Beverages
Georgia,07/25/20,202354047,Beverages
Georgia,08/01/20,221011040,Beverages
Georgia,08/08/20,220742670,Beverages
Georgia,08/15/20,224596961,Beverages
Georgia,08/22/20,227112223,Beverages
Georgia,08/29/20,214660718,Beverages
Georgia,09/05/20,200950497,Beverages
Georgia,09/12/20,200327339,Beverages
Georgia,09/19/20,194750144,Beverages
Georgia,09/26/20,196136353,Beverages
Georgia,10/03/20,198616812,Beverages
Georgia,10/10/20,185894067,Beverages
Georgia,10/17/20,202891762,Beverages
Georgia,10/24/20,196008913,Beverages
Georgia,10/31/20,193375854,Beverages
Georgia,11/07/20,200045360,Beverages
Georgia,11/14/20,196795532,Beverages
Georgia,11/21/20,193725475,Beverages
Georgia,11/28/20,198391846,Beverages
Georgia,12/05/20,183620877,Beverages
Georgia,12/12/20,174095627,Beverages
Georgia,12/19/20,179374550,Beverages
Georgia,12/26/20,175526910,Beverages
Georgia,01/02/21,185551721,Beverages
Georgia,01/09/21,185389654,Beverages
Georgia,01/16/21,179335140,Beverages
Georgia,01/23/21,186122088,Beverages
Georgia,01/30/21,184358754,Beverages
Georgia,02/06/21,183446913,Beverages
Georgia,02/13/21,184826869,Beverages
Georgia,02/20/21,198983462,Beverages
Georgia,02/27/21,195971583,Beverages
Georgia,03/06/21,220466267,Beverages
Georgia,03/13/21,220165305,Beverages
Georgia,03/20/21,227066709,Beverages
Georgia,03/27/21,223247810,Beverages
Georgia,04/03/21,233260670,Beverages
Georgia,04/10/21,236066920,Beverages
Georgia,04/17/21,222590479,Beverages
Georgia,04/24/21,226317495,Beverages
Georgia,05/01/21,234211710,Beverages
Georgia,05/08/21,222690418,Beverages
Georgia,05/15/21,224432819,Beverages
Georgia,05/22/21,231521070,Beverages
Georgia,05/29/21,230054902,Beverages
Georgia,06/05/21,248596454,Beverages
Georgia,06/12/21,244001826,Beverages
Georgia,06/19/21,244201905,Beverages
Georgia,06/26/21,243320949,Beverages
Georgia,07/03/21,228251040,Beverages
Georgia,07/10/21,224211739,Beverages
Georgia,07/17/21,240070773,Beverages
Georgia,07/24/21,225413340,Beverages
Georgia,07/31/21,220911285,Beverages
Georgia,08/07/21,239932519,Beverages
Georgia,08/14/21,226492179,Beverages
Georgia,08/21/21,222535347,Beverages
Georgia,08/28/21,230525561,Beverages
Georgia,09/04/21,188983941,Beverages
Georgia,09/11/21,192027498,Beverages
Georgia,09/18/21,206010939,Beverages
Georgia,09/25/21,197902292,Beverages
Georgia,10/02/21,195363955,Beverages
Georgia,10/09/21,200759661,Beverages
Georgia,10/16/21,190698918,Beverages
Georgia,10/23/21,195859459,Beverages
Georgia,10/30/21,200771979,Beverages
Georgia,11/06/21,191221725,Beverages
Georgia,11/13/21,192053578,Beverages
Georgia,11/20/21,193473180,Beverages
Georgia,11/27/21,195756909,Beverages
Georgia,12/04/21,189751102,Beverages
Georgia,12/11/21,183751837,Beverages
Georgia,12/18/21,175835039,Beverages
Georgia,12/25/21,177887463,Beverages
Georgia,01/01/22,188212835,Beverages
Georgia,01/08/22,191808257,Beverages
Georgia,01/15/22,180138738,Beverages
Georgia,01/22/22,191231770,Beverages
Georgia,01/29/22,197795028,Beverages
Georgia,02/05/22,192369741,Beverages
Georgia,02/12/22,199245245,Beverages
Georgia,02/19/22,188298679,Beverages
Georgia,02/26/22,202673820,Beverages
Georgia,03/05/22,218791856,Beverages
Georgia,03/12/22,236045615,Beverages
Georgia,03/19/22,222741411,Beverages
Georgia,03/26/22,238523045,Beverages
Georgia,04/02/22,230953238,Beverages
Georgia,04/09/22,220008190,Beverages
Georgia,04/16/22,220013804,Beverages
Georgia,04/23/22,236441948,Beverages
Georgia,04/30/22,240374985,Beverages
Georgia,05/07/22,224283719,Beverages
Georgia,05/14/22,224211209,Beverages
Georgia,05/21/22,216960162,Beverages
Georgia,05/28/22,224950659,Beverages
Georgia,06/04/22,249940845,Beverages
Georgia,06/11/22,232790423,Beverages
Georgia,06/18/22,247444220,Beverages
Georgia,06/25/22,230165860,Beverages
Georgia,07/02/22,247327958,Beverages
Georgia,07/09/22,228996629,Beverages
Georgia,07/16/22,240001810,Beverages
Georgia,07/23/22,242644059,Beverages
Georgia,07/30/22,235847300,Beverages
Georgia,08/06/22,238251316,Beverages
Georgia,08/13/22,238808405,Beverages
Georgia,08/20/22,225111478,Beverages
Georgia,08/27/22,237142493,Beverages
Georgia,09/03/22,205770582,Beverages
Georgia,09/10/22,203200323,Beverages
Georgia,09/17/22,201367904,Beverages
Georgia,09/24/22,192762011,Beverages
Georgia,10/01/22,203916583,Beverages
Georgia,10/08/22,193781661,Beverages
Georgia,10/15/22,194841537,Beverages
Georgia,10/22/22,198937829,Beverages
Georgia,10/29/22,201161980,Beverages
Georgia,11/05/22,193198255,Beverages
Georgia,11/12/22,200196605,Beverages
Georgia,11/19/22,206771172,Beverages
Georgia,11/26/22,199915452,Beverages
Georgia,12/03/22,180784094,Beverages
Georgia,12/10/22,188786901,Beverages
Georgia,12/17/22,183071860,Beverages
Georgia,12/24/22,192239048,Beverages
Georgia,12/31/22,191572257,Beverages
Illinois,01/12/19,155407625,Beverages
Illinois,01/19/19,158123439,Beverages
Illinois,01/26/19,149891387,Beverages
Illinois,02/02/19,158643816,Beverages
Illinois,02/09/19,131967256,Beverages
Illinois,02/16/19,153299051,Beverages
Illinois,02/23/19,163735917,Beverages
Illinois,03/02/19,186885927,Beverages
Illinois,03/09/19,190227039,Beverages
Illinois,03/16/19,179807920,Beverages
Illinois,03/23/19,189978680,Beverages
Illinois,03/30/19,188809425,Beverages
Illinois,04/06/19,190306647,Beverages
Illinois,04/13/19,189400070,Beverages
Illinois,04/20/19,191350069,Beverages
Illinois,04/27/19,192928982,Beverages
Illinois,05/04/19,159481357,Beverages
Illinois,05/11/19,152195380,Beverages
Illinois,05/18/19,179770400,Beverages
Illinois,05/25/19,189452212,Beverages
Illinois,06/01/19,236231754,Beverages
Illinois,06/08/19,200766532,Beverages
Illinois,06/15/19,187101703,Beverages
Illinois,06/22/19,197973246,Beverages
Illinois,06/29/19,185472824,Beverages
Illinois,07/06/19,195631820,Beverages
Illinois,07/13/19,194616420,Beverages
Illinois,07/20/19,192816149,Beverages
Illinois,07/27/19,199466889,Beverages
Illinois,08/03/19,188093827,Beverages
Illinois,08/10/19,186227990,Beverages
Illinois,08/17/19,189352314,Beverages
Illinois,08/24/19,194883002,Beverages
Illinois,08/31/19,186824084,Beverages
Illinois,09/07/19,169644506,Beverages
Illinois,09/14/19,163787656,Beverages
Illinois,09/21/19,164704592,Beverages
Illinois,09/28/19,154019611,Beverages
Illinois,10/05/19,164148260,Beverages
Illinois,10/12/19,159509475,Beverages
Illinois,10/19/19,156524644,Beverages
Illinois,10/26/19,165477197,Beverages
Illinois,11/02/19,165376954,Beverages
Illinois,11/09/19,158008624,Beverages
Illinois,11/16/19,166039472,Beverages
Illinois,11/23/19,168652317,Beverages
Illinois,11/30/19,168976326,Beverages
Illinois,12/07/19,174583583,Beverages
Illinois,12/14/19,144190324,Beverages
Illinois,12/21/19,151627567,Beverages
Illinois,12/28/19,156148802,Beverages
Illinois,01/04/20,156414603,Beverages
Illinois,01/11/20,161148196,Beverages
Illinois,01/18/20,161365422,Beverages
Illinois,01/25/20,150424113,Beverages
Illinois,02/01/20,151484802,Beverages
Illinois,02/08/20,161870097,Beverages
Illinois,02/15/20,155066008,Beverages
Illinois,02/22/20,161834044,Beverages
Illinois,02/29/20,163559178,Beverages
Illinois,03/07/20,187775740,Beverages
Illinois,03/14/20,191572830,Beverages
Illinois,03/21/20,194022806,Beverages
Illinois,03/28/20,181424953,Beverages
Illinois,04/04/20,183128608,Beverages
Illinois,04/11/20,190275572,Beverages
Illinois,04/18/20,196355002,Beverages
Illinois,04/25/20,180690833,Beverages
Illinois,05/02/20,185955851,Beverages
Illinois,05/09/20,189706850,Beverages
Illinois,05/16/20,182229042,Beverages
Illinois,05/23/20,190385614,Beverages
Illinois,05/30/20,178041325,Beverages
Illinois,06/06/20,191737796,Beverages
Illinois,06/13/20,191096803,Beverages
Illinois,06/20/20,199060421,Beverages
Illinois,06/27/20,190743585,Beverages
Illinois,07/04/20,186560986,Beverages
Illinois,07/11/20,189372323,Beverages
Illinois,07/18/20,226274162,Beverages
Illinois,07/25/20,188267012,Beverages
Illinois,08/01/20,195340471,Beverages
Illinois,08/08/20,185581780,Beverages
Illinois,08/15/20,183604174,Beverages
Illinois,08/22/20,196556692,Beverages
Illinois,08/29/20,181187230,Beverages
Illinois,09/05/20,160793403,Beverages
Illinois,09/12/20,168746841,Beverages
Illinois,09/19/20,164950563,Beverages
Illinois,09/26/20,157789984,Beverages
Illinois,10/03/20,160016140,Beverages
Illinois,10/10/20,157106842,Beverages
Illinois,10/17/20,161131410,Beverages
Illinois,10/24/20,157484543,Beverages
Illinois,10/31/20,164682455,Beverages
Illinois,11/07/20,167292314,Beverages
Illinois,11/14/20,171464420,Beverages
Illinois,11/21/20,164587829,Beverages
Illinois,11/28/20,174384394,Beverages
Illinois,12/05/20,158629339,Beverages
Illinois,12/12/20,148938278,Beverages
Illinois,12/19/20,158323377,Beverages
Illinois,12/26/20,155307157,Beverages
Illinois,01/02/21,154380526,Beverages
Illinois,01/09/21,155134728,Beverages
Illinois,01/16/21,156837710,Beverages
Illinois,01/23/21,152576509,Beverages
Illinois,01/30/21,166602993,Beverages
Illinois,02/06/21,161341829,Beverages
Illinois,02/13/21,160875049,Beverages
Illinois,02/20/21,157382723,Beverages
Illinois,02/27/21,160303187,Beverages
Illinois,03/06/21,183244397,Beverages
Illinois,03/13/21,184569944,Beverages
Illinois,03/20/21,185576844,Beverages
Illinois,03/27/21,197427185,Beverages
Illinois,04/03/21,199491120,Beverages
Illinois,04/10/21,192669628,Beverages
Illinois,04/17/21,188763182,Beverages
Illinois,04/24/21,188355750,Beverages
Illinois,05/01/21,191569992,Beverages
Illinois,05/08/21,195593230,Beverages
Illinois,05/15/21,192616012,Beverages
Illinois,05/22/21,183303006,Beverages
Illinois,05/29/21,183101428,Beverages
Illinois,06/05/21,194489991,Beverages
Illinois,06/12/21,209626585,Beverages
Illinois,06/19/21,207639810,Beverages
Illinois,06/26/21,200597863,Beverages
Illinois,07/03/21,192150226,Beverages
Illinois,07/10/21,249015580,Beverages
Illinois,07/17/21,200176656,Beverages
Illinois,07/24/21,202526977,Beverages
Illinois,07/31/21,186183604,Beverages
Illinois,08/07/21,198814000,Beverages
Illinois,08/14/21,199020156,Beverages
Illinois,08/21/21,197108017,Beverages
Illinois,08/28/21,190081581,Beverages
Illinois,09/04/21,166462320,Beverages
Illinois,09/11/21,145229485,Beverages
Illinois,09/18/21,166389768,Beverages
Illinois,09/25/21,172888725,Beverages
Illinois,10/02/21,166073297,Beverages
Illinois,10/09/21,158433872,Beverages
Illinois,10/16/21,165369545,Beverages
Illinois,10/23/21,193320125,Beverages
Illinois,10/30/21,162480432,Beverages
Illinois,11/06/21,167255425,Beverages
Illinois,11/13/21,175523180,Beverages
Illinois,11/20/21,176475797,Beverages
Illinois,11/27/21,172088894,Beverages
Illinois,12/04/21,147193701,Beverages
Illinois,12/11/21,157299300,Beverages
Illinois,12/18/21,156784122,Beverages
Illinois,12/25/21,162141058,Beverages
Illinois,01/01/22,155761854,Beverages
Illinois,01/08/22,162837352,Beverages
Illinois,01/15/22,153263309,Beverages
Illinois,01/22/22,159502283,Beverages
Illinois,01/29/22,159012494,Beverages
Illinois,02/05/22,155133017,Beverages
Illinois,02/12/22,164973737,Beverages
Illinois,02/19/22,159055191,Beverages
Illinois,02/26/22,166709476,Beverages
Illinois,03/05/22,192947216,Beverages
Illinois,03/12/22,201319394,Beverages
Illinois,03/19/22,192861305,Beverages
Illinois,03/26/22,194810024,Beverages
Illinois,04/02/22,192847175,Beverages
Illinois,04/09/22,189776159,Beverages
Illinois,04/16/22,190310957,Beverages
Illinois,04/23/22,185695935,Beverages
Illinois,04/30/22,194042414,Beverages
Illinois,05/07/22,201185494,Beverages
Illinois,05/14/22,186296785,Beverages
Illinois,05/21/22,186375134,Beverages
Illinois,05/28/22,186196657,Beverages
Illinois,06/04/22,206612300,Beverages
Illinois,06/11/22,240237174,Beverages
Illinois,06/18/22,208828690,Beverages
Illinois,06/25/22,209539178,Beverages
Illinois,07/02/22,211398735,Beverages
Illinois,07/09/22,207206378,Beverages
Illinois,07/16/22,190956736,Beverages
Illinois,07/23/22,203010794,Beverages
Illinois,07/30/22,196740296,Beverages
Illinois,08/06/22,205501969,Beverages
Illinois,08/13/22,193106906,Beverages
Illinois,08/20/22,191478996,Beverages
Illinois,08/27/22,189091779,Beverages
Illinois,09/03/22,168089564,Beverages
Illinois,09/10/22,162463110,Beverages
Illinois,09/17/22,169140693,Beverages
Illinois,09/24/22,168342528,Beverages
Illinois,10/01/22,170063336,Beverages
Illinois,10/08/22,162898926,Beverages
Illinois,10/15/22,169582870,Beverages
Illinois,10/22/22,166519912,Beverages
Illinois,10/29/22,172337165,Beverages
Illinois,11/05/22,175711030,Beverages
Illinois,11/12/22,173638714,Beverages
Illinois,11/19/22,170033434,Beverages
Illinois,11/26/22,164204822,Beverages
Illinois,12/03/22,160957535,Beverages
Illinois,12/10/22,158386215,Beverages
Illinois,12/17/22,152113784,Beverages
Illinois,12/24/22,154597309,Beverages
Illinois,12/31/22,161665017,Beverages
Indiana,01/12/19,102002447,Beverages
Indiana,01/19/19,107993750,Beverages
Indiana,01/26/19,104714469,Beverages
Indiana,02/02/19,106621370,Beverages
Indiana,02/09/19,112858424,Beverages
Indiana,02/16/19,107215744,Beverages
Indiana,02/23/19,109523601,Beverages
Indiana,03/02/19,123281129,Beverages
Indiana,03/09/19,131914209,Beverages
Indiana,03/16/19,126141748,Beverages
Indiana,03/23/19,126651016,Beverages
Indiana,03/30/19,128113396,Beverages
Indiana,04/06/19,134102084,Beverages
Indiana,04/13/19,127900769,Beverages
Indiana,04/20/19,133616188,Beverages
Indiana,04/27/19,125618483,Beverages
Indiana,05/04/19,128603027,Beverages
Indiana,05/11/19,132992595,Beverages
Indiana,05/18/19,126591033,Beverages
Indiana,05/25/19,131691177,Beverages
Indiana,06/01/19,138481328,Beverages
Indiana,06/08/19,144325178,Beverages
Indiana,06/15/19,143565298,Beverages
Indiana,06/22/19,116671615,Beverages
Indiana,06/29/19,133487602,Beverages
Indiana,07/06/19,137352073,Beverages
Indiana,07/13/19,132239018,Beverages
Indiana,07/20/19,138363241,Beverages
Indiana,07/27/19,129568618,Beverages
Indiana,08/03/19,115595317,Beverages
Indiana,08/10/19,126187085,Beverages
Indiana,08/17/19,131883739,Beverages
Indiana,08/24/19,135111051,Beverages
Indiana,08/31/19,131817843,Beverages
Indiana,09/07/19,110327908,Beverages
Indiana,09/14/19,111275653,Beverages
Indiana,09/21/19,114800694,Beverages
Indiana,09/28/19,107956591,Beverages
Indiana,10/05/19,109289399,Beverages
Indiana,10/12/19,99231523,Beverages
Indiana,10/19/19,110117688,Beverages
Indiana,10/26/19,116002892,Beverages
Indiana,11/02/19,111940850,Beverages
Indiana,11/09/19,111773847,Beverages
Indiana,11/16/19,118906424,Beverages
Indiana,11/23/19,115224735,Beverages
Indiana,11/30/19,114149221,Beverages
Indiana,12/07/19,100971917,Beverages
Indiana,12/14/19,101081546,Beverages
Indiana,12/21/19,105503832,Beverages
Indiana,12/28/19,111487305,Beverages
Indiana,01/04/20,102632418,Beverages
Indiana,01/11/20,105755755,Beverages
Indiana,01/18/20,112189946,Beverages
Indiana,01/25/20,109154929,Beverages
Indiana,02/01/20,110993336,Beverages
Indiana,02/08/20,115468995,Beverages
Indiana,02/15/20,115786980,Beverages
Indiana,02/22/20,115610216,Beverages
Indiana,02/29/20,114509914,Beverages
Indiana,03/07/20,127870302,Beverages
Indiana,03/14/20,136330405,Beverages
Indiana,03/21/20,131019457,Beverages
Indiana,03/28/20,130332930,Beverages
Indiana,04/04/20,131276098,Beverages
Indiana,04/11/20,138335563,Beverages
Indiana,04/18/20,131058535,Beverages
Indiana,04/25/20,128747824,Beverages
Indiana,05/02/20,125271725,Beverages
Indiana,05/09/20,129481740,Beverages
Indiana,05/16/20,135448926,Beverages
Indiana,05/23/20,124682203,Beverages
Indiana,05/30/20,128107791,Beverages
Indiana,06/06/20,143552096,Beverages
Indiana,06/13/20,137421216,Beverages
Indiana,06/20/20,132651793,Beverages
Indiana,06/27/20,135805059,Beverages
Indiana,07/04/20,133643240,Beverages
Indiana,07/11/20,142618143,Beverages
Indiana,07/18/20,132544942,Beverages
Indiana,07/25/20,158420916,Beverages
Indiana,08/01/20,109059434,Beverages
Indiana,08/08/20,127166156,Beverages
Indiana,08/15/20,136248096,Beverages
Indiana,08/22/20,136428803,Beverages
Indiana,08/29/20,128961416,Beverages
Indiana,09/05/20,113215233,Beverages
Indiana,09/12/20,108933006,Beverages
Indiana,09/19/20,114896908,Beverages
Indiana,09/26/20,117358891,Beverages
Indiana,10/03/20,114707412,Beverages
Indiana,10/10/20,110052980,Beverages
Indiana,10/17/20,111098142,Beverages
Indiana,10/24/20,113196378,Beverages
Indiana,10/31/20,110937353,Beverages
Indiana,11/07/20,112627106,Beverages
Indiana,11/14/20,118215655,Beverages
Indiana,11/21/20,114761612,Beverages
Indiana,11/28/20,119924426,Beverages
Indiana,12/05/20,109599523,Beverages
Indiana,12/12/20,107320957,Beverages
Indiana,12/19/20,108735858,Beverages
Indiana,12/26/20,105679442,Beverages
Indiana,01/02/21,114038077,Beverages
Indiana,01/09/21,112131779,Beverages
Indiana,01/16/21,109229194,Beverages
Indiana,01/23/21,107260112,Beverages
Indiana,01/30/21,112483109,Beverages
Indiana,02/06/21,115527361,Beverages
Indiana,02/13/21,118045183,Beverages
Indiana,02/20/21,111337186,Beverages
Indiana,02/27/21,109323032,Beverages
Indiana,03/06/21,134956995,Beverages
Indiana,03/13/21,137214013,Beverages
Indiana,03/20/21,134215345,Beverages
Indiana,03/27/21,127699213,Beverages
Indiana,04/03/21,134336770,Beverages
Indiana,04/10/21,127631906,Beverages
Indiana,04/17/21,127469364,Beverages
Indiana,04/24/21,133625396,Beverages
Indiana,05/01/21,128873774,Beverages
Indiana,05/08/21,136401321,Beverages
Indiana,05/15/21,134311552,Beverages
Indiana,05/22/21,135513137,Beverages
Indiana,05/29/21,130701781,Beverages
Indiana,06/05/21,145605795,Beverages
Indiana,06/12/21,122884869,Beverages
Indiana,06/19/21,144418453,Beverages
Indiana,06/26/21,141737726,Beverages
Indiana,07/03/21,133360365,Beverages
Indiana,07/10/21,132927035,Beverages
Indiana,07/17/21,145356152,Beverages
Indiana,07/24/21,133779523,Beverages
Indiana,07/31/21,133651867,Beverages
Indiana,08/07/21,130934037,Beverages
Indiana,08/14/21,142222974,Beverages
Indiana,08/21/21,139846597,Beverages
Indiana,08/28/21,137049408,Beverages
Indiana,09/04/21,117961909,Beverages
Indiana,09/11/21,117364968,Beverages
Indiana,09/18/21,113693855,Beverages
Indiana,09/25/21,113018358,Beverages
Indiana,10/02/21,113088353,Beverages
Indiana,10/09/21,119136082,Beverages
Indiana,10/16/21,111305325,Beverages
Indiana,10/23/21,117917754,Beverages
Indiana,10/30/21,111692383,Beverages
Indiana,11/06/21,115568201,Beverages
Indiana,11/13/21,122977409,Beverages
Indiana,11/20/21,141678482,Beverages
Indiana,11/27/21,122744639,Beverages
Indiana,12/04/21,107595763,Beverages
Indiana,12/11/21,110293599,Beverages
Indiana,12/18/21,109005262,Beverages
Indiana,12/25/21,113125836,Beverages
Indiana,01/01/22,113848199,Beverages
Indiana,01/08/22,91332984,Beverages
Indiana,01/15/22,107035280,Beverages
Indiana,01/22/22,113655323,Beverages
Indiana,01/29/22,117881603,Beverages
Indiana,02/05/22,109704479,Beverages
Indiana,02/12/22,111957502,Beverages
Indiana,02/19/22,117095535,Beverages
Indiana,02/26/22,118635863,Beverages
Indiana,03/05/22,137343371,Beverages
Indiana,03/12/22,112637867,Beverages
Indiana,03/19/22,129876269,Beverages
Indiana,03/26/22,133360667,Beverages
Indiana,04/02/22,162031754,Beverages
Indiana,04/09/22,133402930,Beverages
Indiana,04/16/22,136463627,Beverages
Indiana,04/23/22,130549152,Beverages
Indiana,04/30/22,139699747,Beverages
Indiana,05/07/22,136869532,Beverages
Indiana,05/14/22,133087479,Beverages
Indiana,05/21/22,137634379,Beverages
Indiana,05/28/22,126643559,Beverages
Indiana,06/04/22,143227118,Beverages
Indiana,06/11/22,137526719,Beverages
Indiana,06/18/22,148838468,Beverages
Indiana,06/25/22,143924697,Beverages
Indiana,07/02/22,136267908,Beverages
Indiana,07/09/22,139652478,Beverages
Indiana,07/16/22,138979043,Beverages
Indiana,07/23/22,134100418,Beverages
Indiana,07/30/22,133408621,Beverages
Indiana,08/06/22,145059127,Beverages
Indiana,08/13/22,138118233,Beverages
Indiana,08/20/22,143903668,Beverages
Indiana,08/27/22,140884838,Beverages
Indiana,09/03/22,116141063,Beverages
Indiana,09/10/22,120205547,Beverages
Indiana,09/17/22,115796910,Beverages
Indiana,09/24/22,119434517,Beverages
Indiana,10/01/22,118786011,Beverages
Indiana,10/08/22,120304307,Beverages
Indiana,10/15/22,122509317,Beverages
Indiana,10/22/22,121086169,Beverages
Indiana,10/29/22,137977654,Beverages
Indiana,11/05/22,116828708,Beverages
Indiana,11/12/22,123163403,Beverages
Indiana,11/19/22,116887450,Beverages
Indiana,11/26/22,121088359,Beverages
Indiana,12/03/22,107123664,Beverages
Indiana,12/10/22,112963604,Beverages
Indiana,12/17/22,114331422,Beverages
Indiana,12/24/22,111060885,Beverages
Indiana,12/31/22,106990396,Beverages
Iowa,01/12/19,57677577,Beverages
Iowa,01/19/19,54347909,Beverages
Iowa,01/26/19,56485666,Beverages
Iowa,02/02/19,54286733,Beverages
Iowa,02/09/19,56762015,Beverages
Iowa,02/16/19,58993107,Beverages
Iowa,02/23/19,59302248,Beverages
Iowa,03/02/19,68030913,Beverages
Iowa,03/09/19,65783675,Beverages
Iowa,03/16/19,67204792,Beverages
Iowa,03/23/19,69940071,Beverages
Iowa,03/30/19,69374187,Beverages
Iowa,04/06/19,70265216,Beverages
Iowa,04/13/19,69971676,Beverages
Iowa,04/20/19,65695880,Beverages
Iowa,04/27/19,67185142,Beverages
Iowa,05/04/19,65453484,Beverages
Iowa,05/11/19,65421794,Beverages
Iowa,05/18/19,65972880,Beverages
Iowa,05/25/19,63706548,Beverages
Iowa,06/01/19,71837335,Beverages
Iowa,06/08/19,68718278,Beverages
Iowa,06/15/19,73741067,Beverages
Iowa,06/22/19,63009844,Beverages
Iowa,06/29/19,71413945,Beverages
Iowa,07/06/19,70923811,Beverages
Iowa,07/13/19,71670227,Beverages
Iowa,07/20/19,70132550,Beverages
Iowa,07/27/19,66340887,Beverages
Iowa,08/03/19,69089063,Beverages
Iowa,08/10/19,67406856,Beverages
Iowa,08/17/19,65266446,Beverages
Iowa,08/24/19,65274645,Beverages
Iowa,08/31/19,65391566,Beverages
Iowa,09/07/19,58738363,Beverages
Iowa,09/14/19,60508628,Beverages
Iowa,09/21/19,57388161,Beverages
Iowa,09/28/19,58517868,Beverages
Iowa,10/05/19,58706172,Beverages
Iowa,10/12/19,57799976,Beverages
Iowa,10/19/19,56445662,Beverages
Iowa,10/26/19,58306778,Beverages
Iowa,11/02/19,56439465,Beverages
Iowa,11/09/19,60664953,Beverages
Iowa,11/16/19,61387077,Beverages
Iowa,11/23/19,59605816,Beverages
Iowa,11/30/19,62053536,Beverages
Iowa,12/07/19,53178841,Beverages
Iowa,12/14/19,52670349,Beverages
Iowa,12/21/19,57664280,Beverages
Iowa,12/28/19,67981380,Beverages
Iowa,01/04/20,55600319,Beverages
Iowa,01/11/20,70676150,Beverages
Iowa,01/18/20,56345497,Beverages
Iowa,01/25/20,50430932,Beverages
Iowa,02/01/20,50328091,Beverages
Iowa,02/08/20,56095765,Beverages
Iowa,02/15/20,57262549,Beverages
Iowa,02/22/20,57143738,Beverages
Iowa,02/29/20,58599278,Beverages
Iowa,03/07/20,67079778,Beverages
Iowa,03/14/20,81141184,Beverages
Iowa,03/21/20,67697309,Beverages
Iowa,03/28/20,66536106,Beverages
Iowa,04/04/20,65193899,Beverages
Iowa,04/11/20,71049573,Beverages
Iowa,04/18/20,57474102,Beverages
Iowa,04/25/20,70953132,Beverages
Iowa,05/02/20,68373409,Beverages
Iowa,05/09/20,68286811,Beverages
Iowa,05/16/20,65063602,Beverages
Iowa,05/23/20,67588804,Beverages
Iowa,05/30/20,66729257,Beverages
Iowa,06/06/20,73749932,Beverages
Iowa,06/13/20,71731769,Beverages
Iowa,06/20/20,69484317,Beverages
Iowa,06/27/20,70530365,Beverages
Iowa,07/04/20,70203714,Beverages
Iowa,07/11/20,70406935,Beverages
Iowa,07/18/20,72511610,Beverages
Iowa,07/25/20,69799363,Beverages
Iowa,08/01/20,66433544,Beverages
Iowa,08/08/20,69546207,Beverages
Iowa,08/15/20,69202576,Beverages
Iowa,08/22/20,65463487,Beverages
Iowa,08/29/20,65236965,Beverages
Iowa,09/05/20,59545081,Beverages
Iowa,09/12/20,56514889,Beverages
Iowa,09/19/20,61178233,Beverages
Iowa,09/26/20,56647268,Beverages
Iowa,10/03/20,56979442,Beverages
Iowa,10/10/20,59381924,Beverages
Iowa,10/17/20,58557841,Beverages
Iowa,10/24/20,60669638,Beverages
Iowa,10/31/20,57646227,Beverages
Iowa,11/07/20,60360723,Beverages
Iowa,11/14/20,57324842,Beverages
Iowa,11/21/20,61488705,Beverages
Iowa,11/28/20,60905267,Beverages
Iowa,12/05/20,52569031,Beverages
Iowa,12/12/20,53742490,Beverages
Iowa,12/19/20,58437721,Beverages
Iowa,12/26/20,57525899,Beverages
Iowa,01/02/21,55990009,Beverages
Iowa,01/09/21,54328994,Beverages
Iowa,01/16/21,58655398,Beverages
Iowa,01/23/21,57570149,Beverages
Iowa,01/30/21,60061743,Beverages
Iowa,02/06/21,56663496,Beverages
Iowa,02/13/21,59862853,Beverages
Iowa,02/20/21,56959098,Beverages
Iowa,02/27/21,60642653,Beverages
Iowa,03/06/21,68018455,Beverages
Iowa,03/13/21,72187013,Beverages
Iowa,03/20/21,71095021,Beverages
Iowa,03/27/21,70716681,Beverages
Iowa,04/03/21,69706166,Beverages
Iowa,04/10/21,71263075,Beverages
Iowa,04/17/21,66063695,Beverages
Iowa,04/24/21,66523535,Beverages
Iowa,05/01/21,69198340,Beverages
Iowa,05/08/21,68811588,Beverages
Iowa,05/15/21,65953402,Beverages
Iowa,05/22/21,67478504,Beverages
Iowa,05/29/21,65575935,Beverages
Iowa,06/05/21,76815128,Beverages
Iowa,06/12/21,77247196,Beverages
Iowa,06/19/21,72172838,Beverages
Iowa,06/26/21,72704007,Beverages
Iowa,07/03/21,71376311,Beverages
Iowa,07/10/21,72533671,Beverages
Iowa,07/17/21,71376956,Beverages
Iowa,07/24/21,71681720,Beverages
Iowa,07/31/21,87020898,Beverages
Iowa,08/07/21,59718528,Beverages
Iowa,08/14/21,68447183,Beverages
Iowa,08/21/21,70302299,Beverages
Iowa,08/28/21,71216191,Beverages
Iowa,09/04/21,60253413,Beverages
Iowa,09/11/21,58748595,Beverages
Iowa,09/18/21,60684934,Beverages
Iowa,09/25/21,70517412,Beverages
Iowa,10/02/21,62479079,Beverages
Iowa,10/09/21,57614466,Beverages
Iowa,10/16/21,57776835,Beverages
Iowa,10/23/21,60730373,Beverages
Iowa,10/30/21,57622685,Beverages
Iowa,11/06/21,59833571,Beverages
Iowa,11/13/21,59424349,Beverages
Iowa,11/20/21,59838634,Beverages
Iowa,11/27/21,59202831,Beverages
Iowa,12/04/21,54663188,Beverages
Iowa,12/11/21,57744316,Beverages
Iowa,12/18/21,55209904,Beverages
Iowa,12/25/21,55736746,Beverages
Iowa,01/01/22,55255466,Beverages
Iowa,01/08/22,56772982,Beverages
Iowa,01/15/22,58333541,Beverages
Iowa,01/22/22,55620192,Beverages
Iowa,01/29/22,56579355,Beverages
Iowa,02/05/22,60380026,Beverages
Iowa,02/12/22,50601989,Beverages
Iowa,02/19/22,51999485,Beverages
Iowa,02/26/22,61719751,Beverages
Iowa,03/05/22,68269300,Beverages
Iowa,03/12/22,68724451,Beverages
Iowa,03/19/22,71482196,Beverages
Iowa,03/26/22,72282261,Beverages
Iowa,04/02/22,61528044,Beverages
Iowa,04/09/22,71707696,Beverages
Iowa,04/16/22,87326351,Beverages
Iowa,04/23/22,66908108,Beverages
Iowa,04/30/22,66375524,Beverages
Iowa,05/07/22,66360214,Beverages
Iowa,05/14/22,68860713,Beverages
Iowa,05/21/22,61220015,Beverages
Iowa,05/28/22,67585341,Beverages
Iowa,06/04/22,72897741,Beverages
Iowa,06/11/22,75781381,Beverages
Iowa,06/18/22,72830459,Beverages
Iowa,06/25/22,75839435,Beverages
Iowa,07/02/22,76873220,Beverages
Iowa,07/09/22,70333408,Beverages
Iowa,07/16/22,74278939,Beverages
Iowa,07/23/22,70092897,Beverages
Iowa,07/30/22,70475930,Beverages
Iowa,08/06/22,72502283,Beverages
Iowa,08/13/22,69229560,Beverages
Iowa,08/20/22,69204379,Beverages
Iowa,08/27/22,72585186,Beverages
Iowa,09/03/22,60400846,Beverages
Iowa,09/10/22,63476760,Beverages
Iowa,09/17/22,59021201,Beverages
Iowa,09/24/22,60150456,Beverages
Iowa,10/01/22,58230223,Beverages
Iowa,10/08/22,58552330,Beverages
Iowa,10/15/22,59904201,Beverages
Iowa,10/22/22,63449367,Beverages
Iowa,10/29/22,63528695,Beverages
Iowa,11/05/22,63174895,Beverages
Iowa,11/12/22,62978171,Beverages
Iowa,11/19/22,63226434,Beverages
Iowa,11/26/22,62418856,Beverages
Iowa,12/03/22,56547559,Beverages
Iowa,12/10/22,55753860,Beverages
Iowa,12/17/22,59237030,Beverages
Iowa,12/24/22,60132670,Beverages
Iowa,12/31/22,58834381,Beverages
Kansas,01/12/19,45321031,Beverages
Kansas,01/19/19,43385988,Beverages
Kansas,01/26/19,42827431,Beverages
Kansas,02/02/19,45784265,Beverages
Kansas,02/09/19,43809450,Beverages
Kansas,02/16/19,43626602,Beverages
Kansas,02/23/19,46280757,Beverages
Kansas,03/02/19,54869705,Beverages
Kansas,03/09/19,51396510,Beverages
Kansas,03/16/19,53527014,Beverages
Kansas,03/23/19,54512584,Beverages
Kansas,03/30/19,53927720,Beverages
Kansas,04/06/19,55122050,Beverages
Kansas,04/13/19,54444416,Beverages
Kansas,04/20/19,55056190,Beverages
Kansas,04/27/19,54187938,Beverages
Kansas,05/04/19,55007271,Beverages
Kansas,05/11/19,50776409,Beverages
Kansas,05/18/19,65584421,Beverages
Kansas,05/25/19,51606516,Beverages
Kansas,06/01/19,55586949,Beverages
Kansas,06/08/19,57556943,Beverages
Kansas,06/15/19,54436641,Beverages
Kansas,06/22/19,56663558,Beverages
Kansas,06/29/19,58178009,Beverages
Kansas,07/06/19,53091806,Beverages
Kansas,07/13/19,55393794,Beverages
Kansas,07/20/19,53108150,Beverages
Kansas,07/27/19,52092319,Beverages
Kansas,08/03/19,53911706,Beverages
Kansas,08/10/19,53559925,Beverages
Kansas,08/17/19,53632455,Beverages
Kansas,08/24/19,53863405,Beverages
Kansas,08/31/19,53064237,Beverages
Kansas,09/07/19,48286172,Beverages
Kansas,09/14/19,47181658,Beverages
Kansas,09/21/19,54363680,Beverages
Kansas,09/28/19,46392085,Beverages
Kansas,10/05/19,46808763,Beverages
Kansas,10/12/19,46129205,Beverages
Kansas,10/19/19,45809559,Beverages
Kansas,10/26/19,45284815,Beverages
Kansas,11/02/19,54621430,Beverages
Kansas,11/09/19,47087133,Beverages
Kansas,11/16/19,48770602,Beverages
Kansas,11/23/19,48599865,Beverages
Kansas,11/30/19,48824122,Beverages
Kansas,12/07/19,44127519,Beverages
Kansas,12/14/19,42383153,Beverages
Kansas,12/21/19,44847099,Beverages
Kansas,12/28/19,42887039,Beverages
Kansas,01/04/20,46187366,Beverages
Kansas,01/11/20,43416588,Beverages
Kansas,01/18/20,43864208,Beverages
Kansas,01/25/20,43241455,Beverages
Kansas,02/01/20,46457339,Beverages
Kansas,02/08/20,47031735,Beverages
Kansas,02/15/20,47047660,Beverages
Kansas,02/22/20,43821136,Beverages
Kansas,02/29/20,43992637,Beverages
Kansas,03/07/20,52988212,Beverages
Kansas,03/14/20,52871024,Beverages
Kansas,03/21/20,56227202,Beverages
Kansas,03/28/20,56134939,Beverages
Kansas,04/04/20,54353301,Beverages
Kansas,04/11/20,53182308,Beverages
Kansas,04/18/20,62404390,Beverages
Kansas,04/25/20,47345934,Beverages
Kansas,05/02/20,56216498,Beverages
Kansas,05/09/20,53812787,Beverages
Kansas,05/16/20,53022068,Beverages
Kansas,05/23/20,51707072,Beverages
Kansas,05/30/20,52598195,Beverages
Kansas,06/06/20,59442950,Beverages
Kansas,06/13/20,57569591,Beverages
Kansas,06/20/20,56120175,Beverages
Kansas,06/27/20,59511236,Beverages
Kansas,07/04/20,57366264,Beverages
Kansas,07/11/20,58395165,Beverages
Kansas,07/18/20,54546172,Beverages
Kansas,07/25/20,52798068,Beverages
Kansas,08/01/20,52654864,Beverages
Kansas,08/08/20,52829039,Beverages
Kansas,08/15/20,54567974,Beverages
Kansas,08/22/20,52532683,Beverages
Kansas,08/29/20,54244699,Beverages
Kansas,09/05/20,45328791,Beverages
Kansas,09/12/20,40015541,Beverages
Kansas,09/19/20,48850360,Beverages
Kansas,09/26/20,46005313,Beverages
Kansas,10/03/20,46472875,Beverages
Kansas,10/10/20,47328418,Beverages
Kansas,10/17/20,48123786,Beverages
Kansas,10/24/20,46458444,Beverages
Kansas,10/31/20,48933715,Beverages
Kansas,11/07/20,48417376,Beverages
Kansas,11/14/20,48173546,Beverages
Kansas,11/21/20,47606130,Beverages
Kansas,11/28/20,46236719,Beverages
Kansas,12/05/20,45877924,Beverages
Kansas,12/12/20,36972046,Beverages
Kansas,12/19/20,45994223,Beverages
Kansas,12/26/20,45628996,Beverages
Kansas,01/02/21,46471112,Beverages
Kansas,01/09/21,45543979,Beverages
Kansas,01/16/21,45182306,Beverages
Kansas,01/23/21,46137535,Beverages
Kansas,01/30/21,45583383,Beverages
Kansas,02/06/21,47187025,Beverages
Kansas,02/13/21,47190866,Beverages
Kansas,02/20/21,47974446,Beverages
Kansas,02/27/21,47465172,Beverages
Kansas,03/06/21,55272364,Beverages
Kansas,03/13/21,55800411,Beverages
Kansas,03/20/21,53458992,Beverages
Kansas,03/27/21,57518124,Beverages
Kansas,04/03/21,55336465,Beverages
Kansas,04/10/21,55454285,Beverages
Kansas,04/17/21,56361549,Beverages
Kansas,04/24/21,53174892,Beverages
Kansas,05/01/21,54593095,Beverages
Kansas,05/08/21,54689439,Beverages
Kansas,05/15/21,52778920,Beverages
Kansas,05/22/21,51887572,Beverages
Kansas,05/29/21,55880491,Beverages
Kansas,06/05/21,58009982,Beverages
Kansas,06/12/21,56787679,Beverages
Kansas,06/19/21,56510319,Beverages
Kansas,06/26/21,56336382,Beverages
Kansas,07/03/21,56968065,Beverages
Kansas,07/10/21,59015766,Beverages
Kansas,07/17/21,54691531,Beverages
Kansas,07/24/21,57047534,Beverages
Kansas,07/31/21,54822288,Beverages
Kansas,08/07/21,54783469,Beverages
Kansas,08/14/21,57843169,Beverages
Kansas,08/21/21,54410897,Beverages
Kansas,08/28/21,53661218,Beverages
Kansas,09/04/21,39192391,Beverages
Kansas,09/11/21,48982709,Beverages
Kansas,09/18/21,42148852,Beverages
Kansas,09/25/21,47722212,Beverages
Kansas,10/02/21,49499157,Beverages
Kansas,10/09/21,47692250,Beverages
Kansas,10/16/21,46681107,Beverages
Kansas,10/23/21,49502518,Beverages
Kansas,10/30/21,50067098,Beverages
Kansas,11/06/21,47263936,Beverages
Kansas,11/13/21,47523382,Beverages
Kansas,11/20/21,50103108,Beverages
Kansas,11/27/21,51290096,Beverages
Kansas,12/04/21,44717780,Beverages
Kansas,12/11/21,53675275,Beverages
Kansas,12/18/21,44334308,Beverages
Kansas,12/25/21,44643879,Beverages
Kansas,01/01/22,45146915,Beverages
Kansas,01/08/22,45005247,Beverages
Kansas,01/15/22,44499854,Beverages
Kansas,01/22/22,46426080,Beverages
Kansas,01/29/22,45510588,Beverages
Kansas,02/05/22,46644026,Beverages
Kansas,02/12/22,49148247,Beverages
Kansas,02/19/22,49317147,Beverages
Kansas,02/26/22,47225679,Beverages
Kansas,03/05/22,55553942,Beverages
Kansas,03/12/22,54184952,Beverages
Kansas,03/19/22,53576248,Beverages
Kansas,03/26/22,45019145,Beverages
Kansas,04/02/22,54988137,Beverages
Kansas,04/09/22,55150015,Beverages
Kansas,04/16/22,57061307,Beverages
Kansas,04/23/22,58095334,Beverages
Kansas,04/30/22,56652788,Beverages
Kansas,05/07/22,54933775,Beverages
Kansas,05/14/22,57614274,Beverages
Kansas,05/21/22,54976222,Beverages
Kansas,05/28/22,52607890,Beverages
Kansas,06/04/22,60364241,Beverages
Kansas,06/11/22,57547789,Beverages
Kansas,06/18/22,59553694,Beverages
Kansas,06/25/22,60791313,Beverages
Kansas,07/02/22,57551480,Beverages
Kansas,07/09/22,56744411,Beverages
Kansas,07/16/22,59109338,Beverages
Kansas,07/23/22,55217183,Beverages
Kansas,07/30/22,55878340,Beverages
Kansas,08/06/22,58220034,Beverages
Kansas,08/13/22,57704084,Beverages
Kansas,08/20/22,57658764,Beverages
Kansas,08/27/22,54793627,Beverages
Kansas,09/03/22,47153122,Beverages
Kansas,09/10/22,48690749,Beverages
Kansas,09/17/22,46524585,Beverages
Kansas,09/24/22,49922389,Beverages
Kansas,10/01/22,46265600,Beverages
Kansas,10/08/22,49445185,Beverages
Kansas,10/15/22,50441508,Beverages
Kansas,10/22/22,46786609,Beverages
Kansas,10/29/22,49831752,Beverages
Kansas,11/05/22,48086693,Beverages
Kansas,11/12/22,46794924,Beverages
Kansas,11/19/22,48906444,Beverages
Kansas,11/26/22,47813057,Beverages
Kansas,12/03/22,46311479,Beverages
Kansas,12/10/22,46410286,Beverages
Kansas,12/17/22,45478562,Beverages
Kansas,12/24/22,46876945,Beverages
Kansas,12/31/22,44352270,Beverages
Kentucky,01/12/19,86462799,Beverages
Kentucky,01/19/19,81912877,Beverages
Kentucky,01/26/19,86996533,Beverages
Kentucky,02/02/19,83057556,Beverages
Kentucky,02/09/19,68957612,Beverages
Kentucky,02/16/19,87461433,Beverages
Kentucky,02/23/19,82182619,Beverages
Kentucky,03/02/19,100536535,Beverages
Kentucky,03/09/19,97972580,Beverages
Kentucky,03/16/19,100110224,Beverages
Kentucky,03/23/19,96982126,Beverages
Kentucky,03/30/19,98393975,Beverages
Kentucky,04/06/19,101065954,Beverages
Kentucky,04/13/19,96518868,Beverages
Kentucky,04/20/19,116350094,Beverages
Kentucky,04/27/19,99832044,Beverages
Kentucky,05/04/19,102512498,Beverages
Kentucky,05/11/19,104421876,Beverages
Kentucky,05/18/19,95623407,Beverages
Kentucky,05/25/19,100329589,Beverages
Kentucky,06/01/19,106439712,Beverages
Kentucky,06/08/19,105940376,Beverages
Kentucky,06/15/19,111089405,Beverages
Kentucky,06/22/19,105357051,Beverages
Kentucky,06/29/19,109666900,Beverages
Kentucky,07/06/19,105336245,Beverages
Kentucky,07/13/19,104742936,Beverages
Kentucky,07/20/19,105908198,Beverages
Kentucky,07/27/19,100341704,Beverages
Kentucky,08/03/19,99513179,Beverages
Kentucky,08/10/19,101609263,Beverages
Kentucky,08/17/19,98667468,Beverages
Kentucky,08/24/19,98239541,Beverages
Kentucky,08/31/19,99495969,Beverages
Kentucky,09/07/19,88058730,Beverages
Kentucky,09/14/19,89993681,Beverages
Kentucky,09/21/19,89843299,Beverages
Kentucky,09/28/19,90862601,Beverages
Kentucky,10/05/19,83462936,Beverages
Kentucky,10/12/19,90968123,Beverages
Kentucky,10/19/19,83981273,Beverages
Kentucky,10/26/19,90996868,Beverages
Kentucky,11/02/19,88973942,Beverages
Kentucky,11/09/19,90964009,Beverages
Kentucky,11/16/19,87789189,Beverages
Kentucky,11/23/19,89685213,Beverages
Kentucky,11/30/19,89519330,Beverages
Kentucky,12/07/19,82870585,Beverages
Kentucky,12/14/19,81301544,Beverages
Kentucky,12/21/19,84488380,Beverages
Kentucky,12/28/19,87524236,Beverages
Kentucky,01/04/20,81841786,Beverages
Kentucky,01/11/20,87370184,Beverages
Kentucky,01/18/20,88783268,Beverages
Kentucky,01/25/20,89576903,Beverages
Kentucky,02/01/20,88532691,Beverages
Kentucky,02/08/20,82064573,Beverages
Kentucky,02/15/20,72222159,Beverages
Kentucky,02/22/20,87354937,Beverages
Kentucky,02/29/20,86328861,Beverages
Kentucky,03/07/20,98387736,Beverages
Kentucky,03/14/20,104905915,Beverages
Kentucky,03/21/20,104278047,Beverages
Kentucky,03/28/20,107025718,Beverages
Kentucky,04/04/20,100805684,Beverages
Kentucky,04/11/20,105167199,Beverages
Kentucky,04/18/20,99282565,Beverages
Kentucky,04/25/20,104524515,Beverages
Kentucky,05/02/20,100664443,Beverages
Kentucky,05/09/20,99493246,Beverages
Kentucky,05/16/20,102531499,Beverages
Kentucky,05/23/20,105448830,Beverages
Kentucky,05/30/20,103197854,Beverages
Kentucky,06/06/20,113188718,Beverages
Kentucky,06/13/20,113427891,Beverages
Kentucky,06/20/20,106084668,Beverages
Kentucky,06/27/20,106203864,Beverages
Kentucky,07/04/20,106135960,Beverages
Kentucky,07/11/20,103236816,Beverages
Kentucky,07/18/20,103419037,Beverages
Kentucky,07/25/20,101483715,Beverages
Kentucky,08/01/20,103398011,Beverages
Kentucky,08/08/20,104827064,Beverages
Kentucky,08/15/20,99925544,Beverages
Kentucky,08/22/20,104859081,Beverages
Kentucky,08/29/20,104920878,Beverages
Kentucky,09/05/20,107125911,Beverages
Kentucky,09/12/20,85800346,Beverages
Kentucky,09/19/20,89081026,Beverages
Kentucky,09/26/20,87316505,Beverages
Kentucky,10/03/20,92238343,Beverages
Kentucky,10/10/20,87936293,Beverages
Kentucky,10/17/20,91323720,Beverages
Kentucky,10/24/20,93572468,Beverages
Kentucky,10/31/20,89735951,Beverages
Kentucky,11/07/20,92039735,Beverages
Kentucky,11/14/20,95266425,Beverages
Kentucky,11/21/20,105218184,Beverages
Kentucky,11/28/20,95205646,Beverages
Kentucky,12/05/20,85766307,Beverages
Kentucky,12/12/20,79843768,Beverages
Kentucky,12/19/20,84197655,Beverages
Kentucky,12/26/20,84366268,Beverages
Kentucky,01/02/21,83497615,Beverages
Kentucky,01/09/21,82023219,Beverages
Kentucky,01/16/21,88110047,Beverages
Kentucky,01/23/21,83872412,Beverages
Kentucky,01/30/21,85262399,Beverages
Kentucky,02/06/21,85806697,Beverages
Kentucky,02/13/21,87473119,Beverages
Kentucky,02/20/21,91430720,Beverages
Kentucky,02/27/21,90181642,Beverages
Kentucky,03/06/21,98738582,Beverages
Kentucky,03/13/21,105948918,Beverages
Kentucky,03/20/21,85502612,Beverages
Kentucky,03/27/21,119155695,Beverages
Kentucky,04/03/21,103736570,Beverages
Kentucky,04/10/21,123983766,Beverages
Kentucky,04/17/21,104630563,Beverages
Kentucky,04/24/21,104974418,Beverages
Kentucky,05/01/21,106646055,Beverages
Kentucky,05/08/21,100764812,Beverages
Kentucky,05/15/21,107209624,Beverages
Kentucky,05/22/21,102473867,Beverages
Kentucky,05/29/21,97636273,Beverages
Kentucky,06/05/21,106352380,Beverages
Kentucky,06/12/21,115115141,Beverages
Kentucky,06/19/21,109886813,Beverages
Kentucky,06/26/21,114530838,Beverages
Kentucky,07/03/21,111227342,Beverages
Kentucky,07/10/21,111796529,Beverages
Kentucky,07/17/21,107141565,Beverages
Kentucky,07/24/21,105584282,Beverages
Kentucky,07/31/21,102002151,Beverages
Kentucky,08/07/21,109921654,Beverages
Kentucky,08/14/21,107759870,Beverages
Kentucky,08/21/21,102541517,Beverages
Kentucky,08/28/21,107779552,Beverages
Kentucky,09/04/21,94744146,Beverages
Kentucky,09/11/21,91196957,Beverages
Kentucky,09/18/21,94415537,Beverages
Kentucky,09/25/21,86037727,Beverages
Kentucky,10/02/21,92029012,Beverages
Kentucky,10/09/21,87794660,Beverages
Kentucky,10/16/21,94642190,Beverages
Kentucky,10/23/21,94182866,Beverages
Kentucky,10/30/21,86931201,Beverages
Kentucky,11/06/21,87258032,Beverages
Kentucky,11/13/21,87633137,Beverages
Kentucky,11/20/21,88457954,Beverages
Kentucky,11/27/21,88795204,Beverages
Kentucky,12/04/21,80721264,Beverages
Kentucky,12/11/21,73918524,Beverages
Kentucky,12/18/21,83509566,Beverages
Kentucky,12/25/21,87745538,Beverages
Kentucky,01/01/22,88407027,Beverages
Kentucky,01/08/22,85058535,Beverages
Kentucky,01/15/22,84681842,Beverages
Kentucky,01/22/22,87516473,Beverages
Kentucky,01/29/22,83655810,Beverages
Kentucky,02/05/22,88541351,Beverages
Kentucky,02/12/22,93026737,Beverages
Kentucky,02/19/22,92512652,Beverages
Kentucky,02/26/22,90233643,Beverages
Kentucky,03/05/22,105763300,Beverages
Kentucky,03/12/22,103823742,Beverages
Kentucky,03/19/22,104935295,Beverages
Kentucky,03/26/22,109390478,Beverages
Kentucky,04/02/22,110510975,Beverages
Kentucky,04/09/22,102911043,Beverages
Kentucky,04/16/22,109667886,Beverages
Kentucky,04/23/22,104747376,Beverages
Kentucky,04/30/22,105397021,Beverages
Kentucky,05/07/22,102462250,Beverages
Kentucky,05/14/22,119767272,Beverages
Kentucky,05/21/22,100331443,Beverages
Kentucky,05/28/22,98953620,Beverages
Kentucky,06/04/22,138426653,Beverages
Kentucky,06/11/22,117730619,Beverages
Kentucky,06/18/22,111169051,Beverages
Kentucky,06/25/22,116534416,Beverages
Kentucky,07/02/22,112529524,Beverages
Kentucky,07/09/22,111069271,Beverages
Kentucky,07/16/22,111195798,Beverages
Kentucky,07/23/22,109700169,Beverages
Kentucky,07/30/22,104952352,Beverages
Kentucky,08/06/22,102483510,Beverages
Kentucky,08/13/22,106612425,Beverages
Kentucky,08/20/22,102689873,Beverages
Kentucky,08/27/22,101671535,Beverages
Kentucky,09/03/22,90679799,Beverages
Kentucky,09/10/22,92279012,Beverages
Kentucky,09/17/22,89790790,Beverages
Kentucky,09/24/22,89014437,Beverages
Kentucky,10/01/22,93498922,Beverages
Kentucky,10/08/22,90467181,Beverages
Kentucky,10/15/22,96194477,Beverages
Kentucky,10/22/22,94779944,Beverages
Kentucky,10/29/22,88296260,Beverages
Kentucky,11/05/22,90449691,Beverages
Kentucky,11/12/22,95577113,Beverages
Kentucky,11/19/22,96654487,Beverages
Kentucky,11/26/22,95675697,Beverages
Kentucky,12/03/22,81265976,Beverages
Kentucky,12/10/22,81309614,Beverages
Kentucky,12/17/22,84558031,Beverages
Kentucky,12/24/22,88871263,Beverages
Kentucky,12/31/22,89829810,Beverages
Louisiana,01/12/19,85784785,Beverages
Louisiana,01/19/19,88437875,Beverages
Louisiana,01/26/19,84860365,Beverages
Louisiana,02/02/19,88686666,Beverages
Louisiana,02/09/19,85125966,Beverages
Louisiana,02/16/19,89149599,Beverages
Louisiana,02/23/19,88661283,Beverages
Louisiana,03/02/19,104869572,Beverages
Louisiana,03/09/19,105044275,Beverages
Louisiana,03/16/19,104726344,Beverages
Louisiana,03/23/19,101872835,Beverages
Louisiana,03/30/19,102747937,Beverages
Louisiana,04/06/19,104772472,Beverages
Louisiana,04/13/19,102119252,Beverages
Louisiana,04/20/19,100669185,Beverages
Louisiana,04/27/19,108118523,Beverages
Louisiana,05/04/19,99906458,Beverages
Louisiana,05/11/19,106851981,Beverages
Louisiana,05/18/19,99276444,Beverages
Louisiana,05/25/19,106254622,Beverages
Louisiana,06/01/19,113716526,Beverages
Louisiana,06/08/19,134189592,Beverages
Louisiana,06/15/19,106305212,Beverages
Louisiana,06/22/19,110276546,Beverages
Louisiana,06/29/19,107080562,Beverages
Louisiana,07/06/19,114467553,Beverages
Louisiana,07/13/19,104104818,Beverages
Louisiana,07/20/19,107681064,Beverages
Louisiana,07/27/19,109021054,Beverages
Louisiana,08/03/19,111075819,Beverages
Louisiana,08/10/19,102263495,Beverages
Louisiana,08/17/19,107277495,Beverages
Louisiana,08/24/19,106665572,Beverages
Louisiana,08/31/19,104492081,Beverages
Louisiana,09/07/19,87815259,Beverages
Louisiana,09/14/19,93932744,Beverages
Louisiana,09/21/19,90512923,Beverages
Louisiana,09/28/19,91579160,Beverages
Louisiana,10/05/19,94242905,Beverages
Louisiana,10/12/19,90537763,Beverages
Louisiana,10/19/19,93951840,Beverages
Louisiana,10/26/19,92987803,Beverages
Louisiana,11/02/19,87994850,Beverages
Louisiana,11/09/19,91434223,Beverages
Louisiana,11/16/19,88284628,Beverages
Louisiana,11/23/19,94888794,Beverages
Louisiana,11/30/19,93857954,Beverages
Louisiana,12/07/19,82773708,Beverages
Louisiana,12/14/19,87523700,Beverages
Louisiana,12/21/19,83443090,Beverages
Louisiana,12/28/19,82689669,Beverages
Louisiana,01/04/20,89830836,Beverages
Louisiana,01/11/20,87222966,Beverages
Louisiana,01/18/20,92000561,Beverages
Louisiana,01/25/20,87662963,Beverages
Louisiana,02/01/20,87598838,Beverages
Louisiana,02/08/20,93780325,Beverages
Louisiana,02/15/20,92719314,Beverages
Louisiana,02/22/20,92019741,Beverages
Louisiana,02/29/20,86506897,Beverages
Louisiana,03/07/20,107650052,Beverages
Louisiana,03/14/20,100915997,Beverages
Louisiana,03/21/20,108526355,Beverages
Louisiana,03/28/20,111436560,Beverages
Louisiana,04/04/20,110220727,Beverages
Louisiana,04/11/20,106225616,Beverages
Louisiana,04/18/20,102214969,Beverages
Louisiana,04/25/20,104274302,Beverages
Louisiana,05/02/20,107366727,Beverages
Louisiana,05/09/20,102621646,Beverages
Louisiana,05/16/20,99825336,Beverages
Louisiana,05/23/20,104497375,Beverages
Louisiana,05/30/20,105225746,Beverages
Louisiana,06/06/20,114101068,Beverages
Louisiana,06/13/20,115406917,Beverages
Louisiana,06/20/20,116065974,Beverages
Louisiana,06/27/20,110189654,Beverages
Louisiana,07/04/20,109506048,Beverages
Louisiana,07/11/20,110300131,Beverages
Louisiana,07/18/20,106158095,Beverages
Louisiana,07/25/20,109276702,Beverages
Louisiana,08/01/20,113638888,Beverages
Louisiana,08/08/20,107143346,Beverages
Louisiana,08/15/20,110968624,Beverages
Louisiana,08/22/20,108950626,Beverages
Louisiana,08/29/20,108652686,Beverages
Louisiana,09/05/20,94303290,Beverages
Louisiana,09/12/20,94755902,Beverages
Louisiana,09/19/20,88382117,Beverages
Louisiana,09/26/20,90826493,Beverages
Louisiana,10/03/20,93277934,Beverages
Louisiana,10/10/20,95025805,Beverages
Louisiana,10/17/20,94152357,Beverages
Louisiana,10/24/20,94539276,Beverages
Louisiana,10/31/20,97462724,Beverages
Louisiana,11/07/20,89148437,Beverages
Louisiana,11/14/20,89699250,Beverages
Louisiana,11/21/20,91838723,Beverages
Louisiana,11/28/20,97723583,Beverages
Louisiana,12/05/20,74078679,Beverages
Louisiana,12/12/20,84139525,Beverages
Louisiana,12/19/20,89440172,Beverages
Louisiana,12/26/20,91348375,Beverages
Louisiana,01/02/21,89577440,Beverages
Louisiana,01/09/21,85282511,Beverages
Louisiana,01/16/21,89692500,Beverages
Louisiana,01/23/21,87687975,Beverages
Louisiana,01/30/21,89050165,Beverages
Louisiana,02/06/21,88501591,Beverages
Louisiana,02/13/21,89501301,Beverages
Louisiana,02/20/21,88963757,Beverages
Louisiana,02/27/21,89430411,Beverages
Louisiana,03/06/21,102939028,Beverages
Louisiana,03/13/21,111847758,Beverages
Louisiana,03/20/21,112731568,Beverages
Louisiana,03/27/21,112636272,Beverages
Louisiana,04/03/21,105756856,Beverages
Louisiana,04/10/21,105772823,Beverages
Louisiana,04/17/21,103969130,Beverages
Louisiana,04/24/21,106824330,Beverages
Louisiana,05/01/21,103576392,Beverages
Louisiana,05/08/21,108674157,Beverages
Louisiana,05/15/21,102487192,Beverages
Louisiana,05/22/21,110881663,Beverages
Louisiana,05/29/21,104368722,Beverages
Louisiana,06/05/21,115881133,Beverages
Louisiana,06/12/21,116959715,Beverages
Louisiana,06/19/21,94835022,Beverages
Louisiana,06/26/21,112819829,Beverages
Louisiana,07/03/21,108895041,Beverages
Louisiana,07/10/21,110527948,Beverages
Louisiana,07/17/21,106158337,Beverages
Louisiana,07/24/21,113106144,Beverages
Louisiana,07/31/21,106386030,Beverages
Louisiana,08/07/21,107426598,Beverages
Louisiana,08/14/21,113298167,Beverages
Louisiana,08/21/21,108376294,Beverages
Louisiana,08/28/21,105483928,Beverages
Louisiana,09/04/21,94798976,Beverages
Louisiana,09/11/21,93413700,Beverages
Louisiana,09/18/21,97983853,Beverages
Louisiana,09/25/21,94820180,Beverages
Louisiana,10/02/21,97165993,Beverages
Louisiana,10/09/21,89058894,Beverages
Louisiana,10/16/21,92430866,Beverages
Louisiana,10/23/21,96786355,Beverages
Louisiana,10/30/21,92426262,Beverages
Louisiana,11/06/21,90823148,Beverages
Louisiana,11/13/21,99183599,Beverages
Louisiana,11/20/21,99012497,Beverages
Louisiana,11/27/21,91633030,Beverages
Louisiana,12/04/21,90458038,Beverages
Louisiana,12/11/21,83079611,Beverages
Louisiana,12/18/21,84203556,Beverages
Louisiana,12/25/21,90060252,Beverages
Louisiana,01/01/22,85334222,Beverages
Louisiana,01/08/22,90766280,Beverages
Louisiana,01/15/22,88750112,Beverages
Louisiana,01/22/22,92817671,Beverages
Louisiana,01/29/22,88592286,Beverages
Louisiana,02/05/22,88977575,Beverages
Louisiana,02/12/22,88388564,Beverages
Louisiana,02/19/22,91799105,Beverages
Louisiana,02/26/22,94848625,Beverages
Louisiana,03/05/22,104807346,Beverages
Louisiana,03/12/22,103785256,Beverages
Louisiana,03/19/22,110977765,Beverages
Louisiana,03/26/22,112529887,Beverages
Louisiana,04/02/22,107339002,Beverages
Louisiana,04/09/22,104674635,Beverages
Louisiana,04/16/22,114663161,Beverages
Louisiana,04/23/22,111976565,Beverages
Louisiana,04/30/22,104930144,Beverages
Louisiana,05/07/22,90537906,Beverages
Louisiana,05/14/22,111755270,Beverages
Louisiana,05/21/22,111113698,Beverages
Louisiana,05/28/22,111602139,Beverages
Louisiana,06/04/22,118343911,Beverages
Louisiana,06/11/22,115561337,Beverages
Louisiana,06/18/22,133422410,Beverages
Louisiana,06/25/22,112678910,Beverages
Louisiana,07/02/22,112815173,Beverages
Louisiana,07/09/22,115318593,Beverages
Louisiana,07/16/22,118479667,Beverages
Louisiana,07/23/22,115097839,Beverages
Louisiana,07/30/22,93749457,Beverages
Louisiana,08/06/22,127209566,Beverages
Louisiana,08/13/22,110253127,Beverages
Louisiana,08/20/22,107191957,Beverages
Louisiana,08/27/22,112827445,Beverages
Louisiana,09/03/22,99073891,Beverages
Louisiana,09/10/22,99837218,Beverages
Louisiana,09/17/22,92027515,Beverages
Louisiana,09/24/22,94439388,Beverages
Louisiana,10/01/22,95740280,Beverages
Louisiana,10/08/22,82731271,Beverages
Louisiana,10/15/22,94700297,Beverages
Louisiana,10/22/22,92578854,Beverages
Louisiana,10/29/22,94322887,Beverages
Louisiana,11/05/22,95822980,Beverages
Louisiana,11/12/22,97047295,Beverages
Louisiana,11/19/22,99780359,Beverages
Louisiana,11/26/22,99498623,Beverages
Louisiana,12/03/22,88055040,Beverages
Louisiana,12/10/22,88323508,Beverages
Louisiana,12/17/22,92887563,Beverages
Louisiana,12/24/22,93807204,Beverages
Louisiana,12/31/22,91505046,Beverages
Maine,01/12/19,21953153,Beverages
Maine,01/19/19,22015232,Beverages
Maine,01/26/19,22942763,Beverages
Maine,02/02/19,22540270,Beverages
Maine,02/09/19,23084070,Beverages
Maine,02/16/19,23897875,Beverages
Maine,02/23/19,23536733,Beverages
Maine,03/02/19,28835030,Beverages
Maine,03/09/19,26983771,Beverages
Maine,03/16/19,26551770,Beverages
Maine,03/23/19,26767653,Beverages
Maine,03/30/19,26980300,Beverages
Maine,04/06/19,28449690,Beverages
Maine,04/13/19,27979336,Beverages
Maine,04/20/19,26459182,Beverages
Maine,04/27/19,26871810,Beverages
Maine,05/04/19,27187032,Beverages
Maine,05/11/19,27906815,Beverages
Maine,05/18/19,26583300,Beverages
Maine,05/25/19,26936414,Beverages
Maine,06/01/19,28202222,Beverages
Maine,06/08/19,30846661,Beverages
Maine,06/15/19,34610806,Beverages
Maine,06/22/19,30196125,Beverages
Maine,06/29/19,30377810,Beverages
Maine,07/06/19,25089272,Beverages
Maine,07/13/19,29006471,Beverages
Maine,07/20/19,28122198,Beverages
Maine,07/27/19,29225999,Beverages
Maine,08/03/19,29463884,Beverages
Maine,08/10/19,28835974,Beverages
Maine,08/17/19,29068258,Beverages
Maine,08/24/19,26707374,Beverages
Maine,08/31/19,28678019,Beverages
Maine,09/07/19,23374798,Beverages
Maine,09/14/19,24899243,Beverages
Maine,09/21/19,21354839,Beverages
Maine,09/28/19,23738316,Beverages
Maine,10/05/19,23505368,Beverages
Maine,10/12/19,25247352,Beverages
Maine,10/19/19,24143113,Beverages
Maine,10/26/19,29632607,Beverages
Maine,11/02/19,24695574,Beverages
Maine,11/09/19,23206448,Beverages
Maine,11/16/19,24409808,Beverages
Maine,11/23/19,23582500,Beverages
Maine,11/30/19,24782464,Beverages
Maine,12/07/19,22396115,Beverages
Maine,12/14/19,22901726,Beverages
Maine,12/21/19,23554941,Beverages
Maine,12/28/19,22070046,Beverages
Maine,01/04/20,23039962,Beverages
Maine,01/11/20,23433558,Beverages
Maine,01/18/20,23985445,Beverages
Maine,01/25/20,24532346,Beverages
Maine,02/01/20,23429968,Beverages
Maine,02/08/20,22782210,Beverages
Maine,02/15/20,23865815,Beverages
Maine,02/22/20,23652392,Beverages
Maine,02/29/20,24778462,Beverages
Maine,03/07/20,26842713,Beverages
Maine,03/14/20,29095192,Beverages
Maine,03/21/20,28699036,Beverages
Maine,03/28/20,28444976,Beverages
Maine,04/04/20,28908940,Beverages
Maine,04/11/20,28466813,Beverages
Maine,04/18/20,28634843,Beverages
Maine,04/25/20,26933265,Beverages
Maine,05/02/20,28162674,Beverages
Maine,05/09/20,27608156,Beverages
Maine,05/16/20,28258070,Beverages
Maine,05/23/20,26496051,Beverages
Maine,05/30/20,28316294,Beverages
Maine,06/06/20,29954198,Beverages
Maine,06/13/20,29858916,Beverages
Maine,06/20/20,30616685,Beverages
Maine,06/27/20,29334878,Beverages
Maine,07/04/20,30262787,Beverages
Maine,07/11/20,28801356,Beverages
Maine,07/18/20,28897079,Beverages
Maine,07/25/20,28013716,Beverages
Maine,08/01/20,28583631,Beverages
Maine,08/08/20,27370153,Beverages
Maine,08/15/20,29647242,Beverages
Maine,08/22/20,27334564,Beverages
Maine,08/29/20,33171371,Beverages
Maine,09/05/20,25376038,Beverages
Maine,09/12/20,23393692,Beverages
Maine,09/19/20,24813558,Beverages
Maine,09/26/20,23849418,Beverages
Maine,10/03/20,24400777,Beverages
Maine,10/10/20,25006287,Beverages
Maine,10/17/20,24896480,Beverages
Maine,10/24/20,24538927,Beverages
Maine,10/31/20,25201653,Beverages
Maine,11/07/20,25787640,Beverages
Maine,11/14/20,24778945,Beverages
Maine,11/21/20,25459562,Beverages
Maine,11/28/20,25948067,Beverages
Maine,12/05/20,22053142,Beverages
Maine,12/12/20,22368650,Beverages
Maine,12/19/20,22433003,Beverages
Maine,12/26/20,22318669,Beverages
Maine,01/02/21,23885564,Beverages
Maine,01/09/21,22257906,Beverages
Maine,01/16/21,24462674,Beverages
Maine,01/23/21,28223188,Beverages
Maine,01/30/21,24172382,Beverages
Maine,02/06/21,19522106,Beverages
Maine,02/13/21,24816752,Beverages
Maine,02/20/21,24361262,Beverages
Maine,02/27/21,23275006,Beverages
Maine,03/06/21,28806733,Beverages
Maine,03/13/21,29488804,Beverages
Maine,03/20/21,27934583,Beverages
Maine,03/27/21,28897373,Beverages
Maine,04/03/21,27414317,Beverages
Maine,04/10/21,28612626,Beverages
Maine,04/17/21,29868328,Beverages
Maine,04/24/21,27369426,Beverages
Maine,05/01/21,32697151,Beverages
Maine,05/08/21,28674209,Beverages
Maine,05/15/21,28451697,Beverages
Maine,05/22/21,26853789,Beverages
Maine,05/29/21,23053121,Beverages
Maine,06/05/21,31267019,Beverages
Maine,06/12/21,30864607,Beverages
Maine,06/19/21,26754603,Beverages
Maine,06/26/21,29645776,Beverages
Maine,07/03/21,29824645,Beverages
Maine,07/10/21,31130369,Beverages
Maine,07/17/21,28460608,Beverages
Maine,07/24/21,29722099,Beverages
Maine,07/31/21,30178581,Beverages
Maine,08/07/21,29128378,Beverages
Maine,08/14/21,27963972,Beverages
Maine,08/21/21,28274411,Beverages
Maine,08/28/21,27860963,Beverages
Maine,09/04/21,22138472,Beverages
Maine,09/11/21,23616237,Beverages
Maine,09/18/21,23761945,Beverages
Maine,09/25/21,23748016,Beverages
Maine,10/02/21,24009105,Beverages
Maine,10/09/21,23537422,Beverages
Maine,10/16/21,23915854,Beverages
Maine,10/23/21,23849283,Beverages
Maine,10/30/21,21426431,Beverages
Maine,11/06/21,26070337,Beverages
Maine,11/13/21,24094521,Beverages
Maine,11/20/21,24632499,Beverages
Maine,11/27/21,25125055,Beverages
Maine,12/04/21,22955534,Beverages
Maine,12/11/21,22870610,Beverages
Maine,12/18/21,23875459,Beverages
Maine,12/25/21,22576922,Beverages
Maine,01/01/22,23237735,Beverages
Maine,01/08/22,24391055,Beverages
Maine,01/15/22,23092747,Beverages
Maine,01/22/22,23027944,Beverages
Maine,01/29/22,23196443,Beverages
Maine,02/05/22,24918027,Beverages
Maine,02/12/22,24547803,Beverages
Maine,02/19/22,24596189,Beverages
Maine,02/26/22,24260531,Beverages
Maine,03/05/22,29159907,Beverages
Maine,03/12/22,29878744,Beverages
Maine,03/19/22,30091234,Beverages
Maine,03/26/22,29044450,Beverages
Maine,04/02/22,29678270,Beverages
Maine,04/09/22,27968691,Beverages
Maine,04/16/22,29547075,Beverages
Maine,04/23/22,28764648,Beverages
Maine,04/30/22,24089419,Beverages
Maine,05/07/22,34092545,Beverages
Maine,05/14/22,29103697,Beverages
Maine,05/21/22,27713864,Beverages
Maine,05/28/22,29400529,Beverages
Maine,06/04/22,32429076,Beverages
Maine,06/11/22,30803817,Beverages
Maine,06/18/22,29401623,Beverages
Maine,06/25/22,30884708,Beverages
Maine,07/02/22,31586947,Beverages
Maine,07/09/22,30263940,Beverages
Maine,07/16/22,30400723,Beverages
Maine,07/23/22,29373583,Beverages
Maine,07/30/22,28714544,Beverages
Maine,08/06/22,29654095,Beverages
Maine,08/13/22,29959903,Beverages
Maine,08/20/22,29412798,Beverages
Maine,08/27/22,28909155,Beverages
Maine,09/03/22,25114076,Beverages
Maine,09/10/22,24897754,Beverages
Maine,09/17/22,24682402,Beverages
Maine,09/24/22,26071113,Beverages
Maine,10/01/22,24064403,Beverages
Maine,10/08/22,24653758,Beverages
Maine,10/15/22,25018726,Beverages
Maine,10/22/22,25918228,Beverages
Maine,10/29/22,25146037,Beverages
Maine,11/05/22,25042764,Beverages
Maine,11/12/22,26271931,Beverages
Maine,11/19/22,25667078,Beverages
Maine,11/26/22,25144447,Beverages
Maine,12/03/22,24303187,Beverages
Maine,12/10/22,23612157,Beverages
Maine,12/17/22,22465539,Beverages
Maine,12/24/22,23745952,Beverages
Maine,12/31/22,23538128,Beverages
Maryland,01/12/19,78803888,Beverages
Maryland,01/19/19,81036935,Beverages
Maryland,01/26/19,66785207,Beverages
Maryland,02/02/19,81749346,Beverages
Maryland,02/09/19,82442852,Beverages
Maryland,02/16/19,80338527,Beverages
Maryland,02/23/19,85985101,Beverages
Maryland,03/02/19,99688446,Beverages
Maryland,03/09/19,100024585,Beverages
Maryland,03/16/19,101542852,Beverages
Maryland,03/23/19,102293525,Beverages
Maryland,03/30/19,100676844,Beverages
Maryland,04/06/19,103646886,Beverages
Maryland,04/13/19,93811145,Beverages
Maryland,04/20/19,101220283,Beverages
Maryland,04/27/19,97781845,Beverages
Maryland,05/04/19,102145794,Beverages
Maryland,05/11/19,94866688,Beverages
Maryland,05/18/19,101287284,Beverages
Maryland,05/25/19,98169626,Beverages
Maryland,06/01/19,108820077,Beverages
Maryland,06/08/19,105140943,Beverages
Maryland,06/15/19,108886795,Beverages
Maryland,06/22/19,100760319,Beverages
Maryland,06/29/19,105196085,Beverages
Maryland,07/06/19,105009674,Beverages
Maryland,07/13/19,106758967,Beverages
Maryland,07/20/19,97615230,Beverages
Maryland,07/27/19,102997921,Beverages
Maryland,08/03/19,104512761,Beverages
Maryland,08/10/19,100190133,Beverages
Maryland,08/17/19,97361202,Beverages
Maryland,08/24/19,98608444,Beverages
Maryland,08/31/19,101291251,Beverages
Maryland,09/07/19,82834433,Beverages
Maryland,09/14/19,86312955,Beverages
Maryland,09/21/19,85229216,Beverages
Maryland,09/28/19,85192808,Beverages
Maryland,10/05/19,88302163,Beverages
Maryland,10/12/19,89836426,Beverages
Maryland,10/19/19,103519253,Beverages
Maryland,10/26/19,86423282,Beverages
Maryland,11/02/19,82708363,Beverages
Maryland,11/09/19,90088643,Beverages
Maryland,11/16/19,84768352,Beverages
Maryland,11/23/19,86846856,Beverages
Maryland,11/30/19,90658715,Beverages
Maryland,12/07/19,83887195,Beverages
Maryland,12/14/19,76918407,Beverages
Maryland,12/21/19,80462465,Beverages
Maryland,12/28/19,85141758,Beverages
Maryland,01/04/20,80108572,Beverages
Maryland,01/11/20,84343719,Beverages
Maryland,01/18/20,86177979,Beverages
Maryland,01/25/20,85775697,Beverages
Maryland,02/01/20,84370552,Beverages
Maryland,02/08/20,81186888,Beverages
Maryland,02/15/20,70341391,Beverages
Maryland,02/22/20,86374370,Beverages
Maryland,02/29/20,82282766,Beverages
Maryland,03/07/20,101026031,Beverages
Maryland,03/14/20,97885835,Beverages
Maryland,03/21/20,95626248,Beverages
Maryland,03/28/20,95518868,Beverages
Maryland,04/04/20,101201226,Beverages
Maryland,04/11/20,102332523,Beverages
Maryland,04/18/20,101826004,Beverages
Maryland,04/25/20,101672610,Beverages
Maryland,05/02/20,103955137,Beverages
Maryland,05/09/20,101174371,Beverages
Maryland,05/16/20,97371245,Beverages
Maryland,05/23/20,102753911,Beverages
Maryland,05/30/20,95150419,Beverages
Maryland,06/06/20,109833365,Beverages
Maryland,06/13/20,107687803,Beverages
Maryland,06/20/20,106791240,Beverages
Maryland,06/27/20,107520052,Beverages
Maryland,07/04/20,105653320,Beverages
Maryland,07/11/20,102728069,Beverages
Maryland,07/18/20,99131466,Beverages
Maryland,07/25/20,102501799,Beverages
Maryland,08/01/20,98633141,Beverages
Maryland,08/08/20,97183922,Beverages
Maryland,08/15/20,98526413,Beverages
Maryland,08/22/20,100244527,Beverages
Maryland,08/29/20,99620736,Beverages
Maryland,09/05/20,87411670,Beverages
Maryland,09/12/20,87997336,Beverages
Maryland,09/19/20,76459049,Beverages
Maryland,09/26/20,89651406,Beverages
Maryland,10/03/20,90646757,Beverages
Maryland,10/10/20,88754339,Beverages
Maryland,10/17/20,89817509,Beverages
Maryland,10/24/20,90218502,Beverages
Maryland,10/31/20,85561524,Beverages
Maryland,11/07/20,90281047,Beverages
Maryland,11/14/20,85638446,Beverages
Maryland,11/21/20,86583790,Beverages
Maryland,11/28/20,86845527,Beverages
Maryland,12/05/20,72429673,Beverages
Maryland,12/12/20,78234294,Beverages
Maryland,12/19/20,85122946,Beverages
Maryland,12/26/20,79519647,Beverages
Maryland,01/02/21,80894571,Beverages
Maryland,01/09/21,86307549,Beverages
Maryland,01/16/21,80085153,Beverages
Maryland,01/23/21,85299876,Beverages
Maryland,01/30/21,85239134,Beverages
Maryland,02/06/21,85353360,Beverages
Maryland,02/13/21,87290015,Beverages
Maryland,02/20/21,83756991,Beverages
Maryland,02/27/21,88479884,Beverages
Maryland,03/06/21,100871958,Beverages
Maryland,03/13/21,84031114,Beverages
Maryland,03/20/21,100149471,Beverages
Maryland,03/27/21,104231640,Beverages
Maryland,04/03/21,99061415,Beverages
Maryland,04/10/21,98481713,Beverages
Maryland,04/17/21,98112642,Beverages
Maryland,04/24/21,103473539,Beverages
Maryland,05/01/21,100112664,Beverages
Maryland,05/08/21,121937843,Beverages
Maryland,05/15/21,97327081,Beverages
Maryland,05/22/21,105028625,Beverages
Maryland,05/29/21,95442081,Beverages
Maryland,06/05/21,113455069,Beverages
Maryland,06/12/21,110023442,Beverages
Maryland,06/19/21,111710223,Beverages
Maryland,06/26/21,106415129,Beverages
Maryland,07/03/21,108802858,Beverages
Maryland,07/10/21,103211030,Beverages
Maryland,07/17/21,101857955,Beverages
Maryland,07/24/21,105887135,Beverages
Maryland,07/31/21,102970805,Beverages
Maryland,08/07/21,98712829,Beverages
Maryland,08/14/21,107256739,Beverages
Maryland,08/21/21,103206243,Beverages
Maryland,08/28/21,99372996,Beverages
Maryland,09/04/21,88481735,Beverages
Maryland,09/11/21,91320088,Beverages
Maryland,09/18/21,90849359,Beverages
Maryland,09/25/21,84633400,Beverages
Maryland,10/02/21,84362623,Beverages
Maryland,10/09/21,88599331,Beverages
Maryland,10/16/21,89253863,Beverages
Maryland,10/23/21,85996133,Beverages
Maryland,10/30/21,89120660,Beverages
Maryland,11/06/21,91711588,Beverages
Maryland,11/13/21,93824141,Beverages
Maryland,11/20/21,86151111,Beverages
Maryland,11/27/21,92680424,Beverages
Maryland,12/04/21,84489173,Beverages
Maryland,12/11/21,85911501,Beverages
Maryland,12/18/21,79308048,Beverages
Maryland,12/25/21,84313540,Beverages
Maryland,01/01/22,83147716,Beverages
Maryland,01/08/22,82148816,Beverages
Maryland,01/15/22,86656647,Beverages
Maryland,01/22/22,85465288,Beverages
Maryland,01/29/22,87901710,Beverages
Maryland,02/05/22,89820709,Beverages
Maryland,02/12/22,84231002,Beverages
Maryland,02/19/22,86440830,Beverages
Maryland,02/26/22,88323466,Beverages
Maryland,03/05/22,98914677,Beverages
Maryland,03/12/22,105134006,Beverages
Maryland,03/19/22,101528858,Beverages
Maryland,03/26/22,101961850,Beverages
Maryland,04/02/22,101176135,Beverages
Maryland,04/09/22,107636574,Beverages
Maryland,04/16/22,106111767,Beverages
Maryland,04/23/22,104452732,Beverages
Maryland,04/30/22,98021774,Beverages
Maryland,05/07/22,103182167,Beverages
Maryland,05/14/22,102349456,Beverages
Maryland,05/21/22,97076454,Beverages
Maryland,05/28/22,105086276,Beverages
Maryland,06/04/22,105074100,Beverages
Maryland,06/11/22,110160165,Beverages
Maryland,06/18/22,107029866,Beverages
Maryland,06/25/22,105457550,Beverages
Maryland,07/02/22,111283830,Beverages
Maryland,07/09/22,105064714,Beverages
Maryland,07/16/22,106587697,Beverages
Maryland,07/23/22,104684332,Beverages
Maryland,07/30/22,104375482,Beverages
Maryland,08/06/22,85079564,Beverages
Maryland,08/13/22,102538186,Beverages
Maryland,08/20/22,107480022,Beverages
Maryland,08/27/22,104261226,Beverages
Maryland,09/03/22,93614506,Beverages
Maryland,09/10/22,87371539,Beverages
Maryland,09/17/22,92533971,Beverages
Maryland,09/24/22,88793870,Beverages
Maryland,10/01/22,88987098,Beverages
Maryland,10/08/22,87732118,Beverages
Maryland,10/15/22,85921370,Beverages
Maryland,10/22/22,89273693,Beverages
Maryland,10/29/22,86481874,Beverages
Maryland,11/05/22,86788640,Beverages
Maryland,11/12/22,93670509,Beverages
Maryland,11/19/22,88782468,Beverages
Maryland,11/26/22,90353722,Beverages
Maryland,12/03/22,83588605,Beverages
Maryland,12/10/22,79409180,Beverages
Maryland,12/17/22,87754111,Beverages
Maryland,12/24/22,81324693,Beverages
Maryland,12/31/22,88213105,Beverages
Massachusetts,01/12/19,94453793,Beverages
Massachusetts,01/19/19,86684994,Beverages
Massachusetts,01/26/19,90218767,Beverages
Massachusetts,02/02/19,92073506,Beverages
Massachusetts,02/09/19,74960594,Beverages
Massachusetts,02/16/19,89402370,Beverages
Massachusetts,02/23/19,96609401,Beverages
Massachusetts,03/02/19,103831393,Beverages
Massachusetts,03/09/19,109971518,Beverages
Massachusetts,03/16/19,114235537,Beverages
Massachusetts,03/23/19,109878968,Beverages
Massachusetts,03/30/19,110505453,Beverages
Massachusetts,04/06/19,106963467,Beverages
Massachusetts,04/13/19,135067150,Beverages
Massachusetts,04/20/19,108285792,Beverages
Massachusetts,04/27/19,111400980,Beverages
Massachusetts,05/04/19,113839878,Beverages
Massachusetts,05/11/19,106604294,Beverages
Massachusetts,05/18/19,107792150,Beverages
Massachusetts,05/25/19,109753034,Beverages
Massachusetts,06/01/19,122086021,Beverages
Massachusetts,06/08/19,120438339,Beverages
Massachusetts,06/15/19,119504741,Beverages
Massachusetts,06/22/19,113918531,Beverages
Massachusetts,06/29/19,114057047,Beverages
Massachusetts,07/06/19,119025066,Beverages
Massachusetts,07/13/19,108578614,Beverages
Massachusetts,07/20/19,107515415,Beverages
Massachusetts,07/27/19,108759380,Beverages
Massachusetts,08/03/19,110596119,Beverages
Massachusetts,08/10/19,113480350,Beverages
Massachusetts,08/17/19,108533124,Beverages
Massachusetts,08/24/19,112986191,Beverages
Massachusetts,08/31/19,104304343,Beverages
Massachusetts,09/07/19,94906972,Beverages
Massachusetts,09/14/19,92460848,Beverages
Massachusetts,09/21/19,98302040,Beverages
Massachusetts,09/28/19,94712722,Beverages
Massachusetts,10/05/19,99457076,Beverages
Massachusetts,10/12/19,92373483,Beverages
Massachusetts,10/19/19,92402509,Beverages
Massachusetts,10/26/19,97245138,Beverages
Massachusetts,11/02/19,100040610,Beverages
Massachusetts,11/09/19,96412876,Beverages
Massachusetts,11/16/19,100666646,Beverages
Massachusetts,11/23/19,95962841,Beverages
Massachusetts,11/30/19,94473717,Beverages
Massachusetts,12/07/19,92218325,Beverages
Massachusetts,12/14/19,85715712,Beverages
Massachusetts,12/21/19,93322626,Beverages
Massachusetts,12/28/19,89465847,Beverages
Massachusetts,01/04/20,91689620,Beverages
Massachusetts,01/11/20,88856494,Beverages
Massachusetts,01/18/20,95652360,Beverages
Massachusetts,01/25/20,87980717,Beverages
Massachusetts,02/01/20,94104563,Beverages
Massachusetts,02/08/20,97195929,Beverages
Massachusetts,02/15/20,89769186,Beverages
Massachusetts,02/22/20,98457101,Beverages
Massachusetts,02/29/20,94762261,Beverages
Massachusetts,03/07/20,109308147,Beverages
Massachusetts,03/14/20,111577547,Beverages
Massachusetts,03/21/20,110893582,Beverages
Massachusetts,03/28/20,112260619,Beverages
Massachusetts,04/04/20,114870359,Beverages
Massachusetts,04/11/20,107434197,Beverages
Massachusetts,04/18/20,113654861,Beverages
Massachusetts,04/25/20,113400991,Beverages
Massachusetts,05/02/20,108186074,Beverages
Massachusetts,05/09/20,114653031,Beverages
Massachusetts,05/16/20,106160573,Beverages
Massachusetts,05/23/20,105076233,Beverages
Massachusetts,05/30/20,107950371,Beverages
Massachusetts,06/06/20,123171999,Beverages
Massachusetts,06/13/20,117361139,Beverages
Massachusetts,06/20/20,144461084,Beverages
Massachusetts,06/27/20,116476214,Beverages
Massachusetts,07/04/20,117552506,Beverages
Massachusetts,07/11/20,116289614,Beverages
Massachusetts,07/18/20,117201045,Beverages
Massachusetts,07/25/20,110998827,Beverages
Massachusetts,08/01/20,111607708,Beverages
Massachusetts,08/08/20,107634591,Beverages
Massachusetts,08/15/20,116792207,Beverages
Massachusetts,08/22/20,110263731,Beverages
Massachusetts,08/29/20,113192815,Beverages
Massachusetts,09/05/20,92665001,Beverages
Massachusetts,09/12/20,99910408,Beverages
Massachusetts,09/19/20,99674829,Beverages
Massachusetts,09/26/20,96765509,Beverages
Massachusetts,10/03/20,95218918,Beverages
Massachusetts,10/10/20,98633009,Beverages
Massachusetts,10/17/20,98190348,Beverages
Massachusetts,10/24/20,93671318,Beverages
Massachusetts,10/31/20,116153732,Beverages
Massachusetts,11/07/20,100331268,Beverages
Massachusetts,11/14/20,96324468,Beverages
Massachusetts,11/21/20,102323921,Beverages
Massachusetts,11/28/20,94756361,Beverages
Massachusetts,12/05/20,92222183,Beverages
Massachusetts,12/12/20,87955923,Beverages
Massachusetts,12/19/20,86612088,Beverages
Massachusetts,12/26/20,91315091,Beverages
Massachusetts,01/02/21,87591550,Beverages
Massachusetts,01/09/21,90866783,Beverages
Massachusetts,01/16/21,94372711,Beverages
Massachusetts,01/23/21,97536463,Beverages
Massachusetts,01/30/21,92873089,Beverages
Massachusetts,02/06/21,95654276,Beverages
Massachusetts,02/13/21,91236132,Beverages
Massachusetts,02/20/21,93882679,Beverages
Massachusetts,02/27/21,95284145,Beverages
Massachusetts,03/06/21,112993373,Beverages
Massachusetts,03/13/21,111180820,Beverages
Massachusetts,03/20/21,111657870,Beverages
Massachusetts,03/27/21,116214574,Beverages
Massachusetts,04/03/21,107402379,Beverages
Massachusetts,04/10/21,112999599,Beverages
Massachusetts,04/17/21,116270422,Beverages
Massachusetts,04/24/21,110129918,Beverages
Massachusetts,05/01/21,111777595,Beverages
Massachusetts,05/08/21,106559088,Beverages
Massachusetts,05/15/21,108543708,Beverages
Massachusetts,05/22/21,106380644,Beverages
Massachusetts,05/29/21,111406774,Beverages
Massachusetts,06/05/21,125435603,Beverages
Massachusetts,06/12/21,103120767,Beverages
Massachusetts,06/19/21,117928847,Beverages
Massachusetts,06/26/21,120802489,Beverages
Massachusetts,07/03/21,116058366,Beverages
Massachusetts,07/10/21,112521683,Beverages
Massachusetts,07/17/21,96558849,Beverages
Massachusetts,07/24/21,113325899,Beverages
Massachusetts,07/31/21,115310642,Beverages
Massachusetts,08/07/21,111717323,Beverages
Massachusetts,08/14/21,112515098,Beverages
Massachusetts,08/21/21,114258029,Beverages
Massachusetts,08/28/21,118479390,Beverages
Massachusetts,09/04/21,99224404,Beverages
Massachusetts,09/11/21,93471262,Beverages
Massachusetts,09/18/21,96680260,Beverages
Massachusetts,09/25/21,99364578,Beverages
Massachusetts,10/02/21,98563101,Beverages
Massachusetts,10/09/21,97258721,Beverages
Massachusetts,10/16/21,95626893,Beverages
Massachusetts,10/23/21,98510505,Beverages
Massachusetts,10/30/21,101217891,Beverages
Massachusetts,11/06/21,100214500,Beverages
Massachusetts,11/13/21,103474114,Beverages
Massachusetts,11/20/21,86647002,Beverages
Massachusetts,11/27/21,96516846,Beverages
Massachusetts,12/04/21,93642179,Beverages
Massachusetts,12/11/21,90897829,Beverages
Massachusetts,12/18/21,91418019,Beverages
Massachusetts,12/25/21,91915122,Beverages
Massachusetts,01/01/22,92022737,Beverages
Massachusetts,01/08/22,88967577,Beverages
Massachusetts,01/15/22,93482035,Beverages
Massachusetts,01/22/22,94167964,Beverages
Massachusetts,01/29/22,94113868,Beverages
Massachusetts,02/05/22,99747760,Beverages
Massachusetts,02/12/22,109771057,Beverages
Massachusetts,02/19/22,92468528,Beverages
Massachusetts,02/26/22,93874991,Beverages
Massachusetts,03/05/22,115040562,Beverages
Massachusetts,03/12/22,116493264,Beverages
Massachusetts,03/19/22,117030974,Beverages
Massachusetts,03/26/22,113977739,Beverages
Massachusetts,04/02/22,108727602,Beverages
Massachusetts,04/09/22,115575613,Beverages
Massachusetts,04/16/22,109406571,Beverages
Massachusetts,04/23/22,118793352,Beverages
Massachusetts,04/30/22,109490316,Beverages
Massachusetts,05/07/22,114471263,Beverages
Massachusetts,05/14/22,107888889,Beverages
Massachusetts,05/21/22,99452109,Beverages
Massachusetts,05/28/22,117712609,Beverages
Massachusetts,06/04/22,118447243,Beverages
Massachusetts,06/11/22,121427314,Beverages
Massachusetts,06/18/22,121280667,Beverages
Massachusetts,06/25/22,122958462,Beverages
Massachusetts,07/02/22,114854849,Beverages
Massachusetts,07/09/22,114828265,Beverages
Massachusetts,07/16/22,115977167,Beverages
Massachusetts,07/23/22,111802712,Beverages
Massachusetts,07/30/22,112404640,Beverages
Massachusetts,08/06/22,116245243,Beverages
Massachusetts,08/13/22,116774322,Beverages
Massachusetts,08/20/22,118386197,Beverages
Massachusetts,08/27/22,114663205,Beverages
Massachusetts,09/03/22,102135492,Beverages
Massachusetts,09/10/22,99928523,Beverages
Massachusetts,09/17/22,86572254,Beverages
Massachusetts,09/24/22,102781124,Beverages
Massachusetts,10/01/22,100808904,Beverages
Massachusetts,10/08/22,103620178,Beverages
Massachusetts,10/15/22,102067451,Beverages
Massachusetts,10/22/22,103870175,Beverages
Massachusetts,10/29/22,102373704,Beverages
Massachusetts,11/05/22,99622575,Beverages
Massachusetts,11/12/22,103326011,Beverages
Massachusetts,11/19/22,105757373,Beverages
Massachusetts,11/26/22,99274782,Beverages
Massachusetts,12/03/22,92127299,Beverages
Massachusetts,12/10/22,90785829,Beverages
Massachusetts,12/17/22,95210147,Beverages
Massachusetts,12/24/22,94865701,Beverages
Massachusetts,12/31/22,96238819,Beverages
Michigan,01/12/19,152476827,Beverages
Michigan,01/19/19,144545337,Beverages
Michigan,01/26/19,148654096,Beverages
Michigan,02/02/19,147880953,Beverages
Michigan,02/09/19,144371977,Beverages
Michigan,02/16/19,158532020,Beverages
Michigan,02/23/19,147297603,Beverages
Michigan,03/02/19,172822485,Beverages
Michigan,03/09/19,183010774,Beverages
Michigan,03/16/19,173531228,Beverages
Michigan,03/23/19,180271375,Beverages
Michigan,03/30/19,178765967,Beverages
Michigan,04/06/19,179791062,Beverages
Michigan,04/13/19,178674797,Beverages
Michigan,04/20/19,183909028,Beverages
Michigan,04/27/19,171395604,Beverages
Michigan,05/04/19,185154587,Beverages
Michigan,05/11/19,174578596,Beverages
Michigan,05/18/19,176542426,Beverages
Michigan,05/25/19,183072510,Beverages
Michigan,06/01/19,186528925,Beverages
Michigan,06/08/19,188059707,Beverages
Michigan,06/15/19,188432622,Beverages
Michigan,06/22/19,183821418,Beverages
Michigan,06/29/19,180531575,Beverages
Michigan,07/06/19,187277473,Beverages
Michigan,07/13/19,193092856,Beverages
Michigan,07/20/19,192175263,Beverages
Michigan,07/27/19,176248036,Beverages
Michigan,08/03/19,189267569,Beverages
Michigan,08/10/19,187747480,Beverages
Michigan,08/17/19,188562019,Beverages
Michigan,08/24/19,171015197,Beverages
Michigan,08/31/19,171165914,Beverages
Michigan,09/07/19,153046259,Beverages
Michigan,09/14/19,157066535,Beverages
Michigan,09/21/19,157687862,Beverages
Michigan,09/28/19,160116558,Beverages
Michigan,10/05/19,149360385,Beverages
Michigan,10/12/19,129315401,Beverages
Michigan,10/19/19,155514326,Beverages
Michigan,10/26/19,151103203,Beverages
Michigan,11/02/19,155891868,Beverages
Michigan,11/09/19,164245729,Beverages
Michigan,11/16/19,156564601,Beverages
Michigan,11/23/19,166718326,Beverages
Michigan,11/30/19,166738487,Beverages
Michigan,12/07/19,142277130,Beverages
Michigan,12/14/19,144362247,Beverages
Michigan,12/21/19,150198417,Beverages
Michigan,12/28/19,140878902,Beverages
Michigan,01/04/20,147663677,Beverages
Michigan,01/11/20,143804829,Beverages
Michigan,01/18/20,173982219,Beverages
Michigan,01/25/20,156807202,Beverages
Michigan,02/01/20,145785164,Beverages
Michigan,02/08/20,154310026,Beverages
Michigan,02/15/20,146519183,Beverages
Michigan,02/22/20,155846722,Beverages
Michigan,02/29/20,154528536,Beverages
Michigan,03/07/20,176777027,Beverages
Michigan,03/14/20,187250524,Beverages
Michigan,03/21/20,173638976,Beverages
Michigan,03/28/20,181272914,Beverages
Michigan,04/04/20,190067622,Beverages
Michigan,04/11/20,181028344,Beverages
Michigan,04/18/20,183519062,Beverages
Michigan,04/25/20,179360238,Beverages
Michigan,05/02/20,224536924,Beverages
Michigan,05/09/20,175167638,Beverages
Michigan,05/16/20,178490445,Beverages
Michigan,05/23/20,171868700,Beverages
Michigan,05/30/20,182028243,Beverages
Michigan,06/06/20,183568204,Beverages
Michigan,06/13/20,201158584,Beverages
Michigan,06/20/20,183747261,Beverages
Michigan,06/27/20,196898473,Beverages
Michigan,07/04/20,190858616,Beverages
Michigan,07/11/20,182264565,Beverages
Michigan,07/18/20,191240899,Beverages
Michigan,07/25/20,180816312,Beverages
Michigan,08/01/20,186189837,Beverages
Michigan,08/08/20,178198902,Beverages
Michigan,08/15/20,175489692,Beverages
Michigan,08/22/20,187688437,Beverages
Michigan,08/29/20,176420273,Beverages
Michigan,09/05/20,152227019,Beverages
Michigan,09/12/20,162811754,Beverages
Michigan,09/19/20,156295461,Beverages
Michigan,09/26/20,151525542,Beverages
Michigan,10/03/20,160333685,Beverages
Michigan,10/10/20,158687059,Beverages
Michigan,10/17/20,150442002,Beverages
Michigan,10/24/20,166280921,Beverages
Michigan,10/31/20,161999127,Beverages
Michigan,11/07/20,163280108,Beverages
Michigan,11/14/20,156302527,Beverages
Michigan,11/21/20,163903224,Beverages
Michigan,11/28/20,157351288,Beverages
Michigan,12/05/20,141860731,Beverages
Michigan,12/12/20,148063455,Beverages
Michigan,12/19/20,151664309,Beverages
Michigan,12/26/20,146697503,Beverages
Michigan,01/02/21,147627200,Beverages
Michigan,01/09/21,145638081,Beverages
Michigan,01/16/21,147863875,Beverages
Michigan,01/23/21,155351361,Beverages
Michigan,01/30/21,157678666,Beverages
Michigan,02/06/21,155462699,Beverages
Michigan,02/13/21,151623571,Beverages
Michigan,02/20/21,148265782,Beverages
Michigan,02/27/21,159741217,Beverages
Michigan,03/06/21,177123542,Beverages
Michigan,03/13/21,184504575,Beverages
Michigan,03/20/21,189515213,Beverages
Michigan,03/27/21,175150054,Beverages
Michigan,04/03/21,180470820,Beverages
Michigan,04/10/21,177681190,Beverages
Michigan,04/17/21,184057016,Beverages
Michigan,04/24/21,183953625,Beverages
Michigan,05/01/21,180261433,Beverages
Michigan,05/08/21,175325655,Beverages
Michigan,05/15/21,179599521,Beverages
Michigan,05/22/21,177985265,Beverages
Michigan,05/29/21,187321478,Beverages
Michigan,06/05/21,190968387,Beverages
Michigan,06/12/21,198290274,Beverages
Michigan,06/19/21,188873285,Beverages
Michigan,06/26/21,187050690,Beverages
Michigan,07/03/21,193280903,Beverages
Michigan,07/10/21,183122878,Beverages
Michigan,07/17/21,194425185,Beverages
Michigan,07/24/21,183498528,Beverages
Michigan,07/31/21,194473830,Beverages
Michigan,08/07/21,187926726,Beverages
Michigan,08/14/21,150828448,Beverages
Michigan,08/21/21,188493718,Beverages
Michigan,08/28/21,178461072,Beverages
Michigan,09/04/21,158020494,Beverages
Michigan,09/11/21,161143596,Beverages
Michigan,09/18/21,162378682,Beverages
Michigan,09/25/21,160409205,Beverages
Michigan,10/02/21,156100625,Beverages
Michigan,10/09/21,165854085,Beverages
Michigan,10/16/21,161869109,Beverages
Michigan,10/23/21,156079981,Beverages
Michigan,10/30/21,160621213,Beverages
Michigan,11/06/21,168206667,Beverages
Michigan,11/13/21,160142101,Beverages
Michigan,11/20/21,168444770,Beverages
Michigan,11/27/21,165675764,Beverages
Michigan,12/04/21,183555587,Beverages
Michigan,12/11/21,141969531,Beverages
Michigan,12/18/21,153026914,Beverages
Michigan,12/25/21,145554099,Beverages
Michigan,01/01/22,144469034,Beverages
Michigan,01/08/22,146086321,Beverages
Michigan,01/15/22,147402333,Beverages
Michigan,01/22/22,150891718,Beverages
Michigan,01/29/22,160520992,Beverages
Michigan,02/05/22,162480988,Beverages
Michigan,02/12/22,162883508,Beverages
Michigan,02/19/22,152728073,Beverages
Michigan,02/26/22,153991816,Beverages
Michigan,03/05/22,185644064,Beverages
Michigan,03/12/22,194491302,Beverages
Michigan,03/19/22,186557512,Beverages
Michigan,03/26/22,182506745,Beverages
Michigan,04/02/22,181667713,Beverages
Michigan,04/09/22,182184624,Beverages
Michigan,04/16/22,187791856,Beverages
Michigan,04/23/22,181238802,Beverages
Michigan,04/30/22,194570938,Beverages
Michigan,05/07/22,185263607,Beverages
Michigan,05/14/22,185778666,Beverages
Michigan,05/21/22,189386379,Beverages
Michigan,05/28/22,187415955,Beverages
Michigan,06/04/22,209045789,Beverages
Michigan,06/11/22,204602885,Beverages
Michigan,06/18/22,193307653,Beverages
Michigan,06/25/22,195244072,Beverages
Michigan,07/02/22,193280048,Beverages
Michigan,07/09/22,187588723,Beverages
Michigan,07/16/22,231796290,Beverages
Michigan,07/23/22,189371351,Beverages
Michigan,07/30/22,189178041,Beverages
Michigan,08/06/22,181903619,Beverages
Michigan,08/13/22,198637119,Beverages
Michigan,08/20/22,180039075,Beverages
Michigan,08/27/22,183260765,Beverages
Michigan,09/03/22,166234558,Beverages
Michigan,09/10/22,161053975,Beverages
Michigan,09/17/22,161701987,Beverages
Michigan,09/24/22,161313820,Beverages
Michigan,10/01/22,162241097,Beverages
Michigan,10/08/22,167258184,Beverages
Michigan,10/15/22,165110498,Beverages
Michigan,10/22/22,166392490,Beverages
Michigan,10/29/22,169703006,Beverages
Michigan,11/05/22,156558285,Beverages
Michigan,11/12/22,156921895,Beverages
Michigan,11/19/22,166002120,Beverages
Michigan,11/26/22,204304274,Beverages
Michigan,12/03/22,146227142,Beverages
Michigan,12/10/22,151089938,Beverages
Michigan,12/17/22,155764662,Beverages
Michigan,12/24/22,156526595,Beverages
Michigan,12/31/22,157295958,Beverages
Minnesota,01/12/19,77164933,Beverages
Minnesota,01/19/19,81096180,Beverages
Minnesota,01/26/19,78554482,Beverages
Minnesota,02/02/19,75824978,Beverages
Minnesota,02/09/19,83776881,Beverages
Minnesota,02/16/19,82647179,Beverages
Minnesota,02/23/19,78307541,Beverages
Minnesota,03/02/19,92349323,Beverages
Minnesota,03/09/19,97146687,Beverages
Minnesota,03/16/19,98551870,Beverages
Minnesota,03/23/19,98049568,Beverages
Minnesota,03/30/19,98427012,Beverages
Minnesota,04/06/19,95781904,Beverages
Minnesota,04/13/19,98416765,Beverages
Minnesota,04/20/19,80195139,Beverages
Minnesota,04/27/19,92712688,Beverages
Minnesota,05/04/19,98588208,Beverages
Minnesota,05/11/19,97229806,Beverages
Minnesota,05/18/19,90278190,Beverages
Minnesota,05/25/19,93204132,Beverages
Minnesota,06/01/19,105414450,Beverages
Minnesota,06/08/19,104993285,Beverages
Minnesota,06/15/19,100286275,Beverages
Minnesota,06/22/19,98098669,Beverages
Minnesota,06/29/19,121118032,Beverages
Minnesota,07/06/19,94797049,Beverages
Minnesota,07/13/19,98698199,Beverages
Minnesota,07/20/19,86889957,Beverages
Minnesota,07/27/19,94771191,Beverages
Minnesota,08/03/19,98415863,Beverages
Minnesota,08/10/19,93261109,Beverages
Minnesota,08/17/19,96625797,Beverages
Minnesota,08/24/19,92040217,Beverages
Minnesota,08/31/19,98090795,Beverages
Minnesota,09/07/19,84612579,Beverages
Minnesota,09/14/19,83785782,Beverages
Minnesota,09/21/19,100188834,Beverages
Minnesota,09/28/19,85124996,Beverages
Minnesota,10/05/19,80855855,Beverages
Minnesota,10/12/19,78619490,Beverages
Minnesota,10/19/19,85439330,Beverages
Minnesota,10/26/19,85098050,Beverages
Minnesota,11/02/19,81718072,Beverages
Minnesota,11/09/19,87606669,Beverages
Minnesota,11/16/19,87583344,Beverages
Minnesota,11/23/19,82616349,Beverages
Minnesota,11/30/19,88491948,Beverages
Minnesota,12/07/19,77426933,Beverages
Minnesota,12/14/19,79140004,Beverages
Minnesota,12/21/19,76003664,Beverages
Minnesota,12/28/19,79214171,Beverages
Minnesota,01/04/20,79310210,Beverages
Minnesota,01/11/20,76409181,Beverages
Minnesota,01/18/20,80381105,Beverages
Minnesota,01/25/20,79873017,Beverages
Minnesota,02/01/20,83810655,Beverages
Minnesota,02/08/20,82712875,Beverages
Minnesota,02/15/20,77564365,Beverages
Minnesota,02/22/20,83265852,Beverages
Minnesota,02/29/20,96760283,Beverages
Minnesota,03/07/20,96212360,Beverages
Minnesota,03/14/20,91564541,Beverages
Minnesota,03/21/20,93644063,Beverages
Minnesota,03/28/20,92118228,Beverages
Minnesota,04/04/20,93564201,Beverages
Minnesota,04/11/20,95442116,Beverages
Minnesota,04/18/20,96536197,Beverages
Minnesota,04/25/20,91077359,Beverages
Minnesota,05/02/20,99408830,Beverages
Minnesota,05/09/20,91395960,Beverages
Minnesota,05/16/20,98992062,Beverages
Minnesota,05/23/20,94727036,Beverages
Minnesota,05/30/20,89326033,Beverages
Minnesota,06/06/20,98223444,Beverages
Minnesota,06/13/20,106122020,Beverages
Minnesota,06/20/20,103002472,Beverages
Minnesota,06/27/20,101794535,Beverages
Minnesota,07/04/20,102533832,Beverages
Minnesota,07/11/20,99235239,Beverages
Minnesota,07/18/20,95790777,Beverages
Minnesota,07/25/20,96574924,Beverages
Minnesota,08/01/20,94676055,Beverages
Minnesota,08/08/20,93945823,Beverages
Minnesota,08/15/20,94713833,Beverages
Minnesota,08/22/20,94517594,Beverages
Minnesota,08/29/20,100315751,Beverages
Minnesota,09/05/20,84701433,Beverages
Minnesota,09/12/20,82706814,Beverages
Minnesota,09/19/20,84873416,Beverages
Minnesota,09/26/20,81716514,Beverages
Minnesota,10/03/20,80269657,Beverages
Minnesota,10/10/20,83740380,Beverages
Minnesota,10/17/20,81783337,Beverages
Minnesota,10/24/20,70325922,Beverages
Minnesota,10/31/20,85532131,Beverages
Minnesota,11/07/20,84250329,Beverages
Minnesota,11/14/20,86309873,Beverages
Minnesota,11/21/20,86809735,Beverages
Minnesota,11/28/20,84326838,Beverages
Minnesota,12/05/20,80699317,Beverages
Minnesota,12/12/20,79834649,Beverages
Minnesota,12/19/20,77059321,Beverages
Minnesota,12/26/20,80248579,Beverages
Minnesota,01/02/21,77556423,Beverages
Minnesota,01/09/21,82794124,Beverages
Minnesota,01/16/21,77922554,Beverages
Minnesota,01/23/21,83357835,Beverages
Minnesota,01/30/21,82773245,Beverages
Minnesota,02/06/21,80847393,Beverages
Minnesota,02/13/21,80145192,Beverages
Minnesota,02/20/21,85427330,Beverages
Minnesota,02/27/21,82199836,Beverages
Minnesota,03/06/21,96854605,Beverages
Minnesota,03/13/21,95956888,Beverages
Minnesota,03/20/21,98701278,Beverages
Minnesota,03/27/21,93423280,Beverages
Minnesota,04/03/21,102105544,Beverages
Minnesota,04/10/21,99774288,Beverages
Minnesota,04/17/21,101059875,Beverages
Minnesota,04/24/21,94380154,Beverages
Minnesota,05/01/21,96207445,Beverages
Minnesota,05/08/21,93358155,Beverages
Minnesota,05/15/21,92182497,Beverages
Minnesota,05/22/21,97858125,Beverages
Minnesota,05/29/21,99774351,Beverages
Minnesota,06/05/21,104213894,Beverages
Minnesota,06/12/21,101243433,Beverages
Minnesota,06/19/21,99613890,Beverages
Minnesota,06/26/21,106366109,Beverages
Minnesota,07/03/21,90102910,Beverages
Minnesota,07/10/21,96723703,Beverages
Minnesota,07/17/21,103090553,Beverages
Minnesota,07/24/21,98473998,Beverages
Minnesota,07/31/21,99202787,Beverages
Minnesota,08/07/21,96817390,Beverages
Minnesota,08/14/21,96027289,Beverages
Minnesota,08/21/21,114772821,Beverages
Minnesota,08/28/21,97306529,Beverages
Minnesota,09/04/21,82493476,Beverages
Minnesota,09/11/21,89115009,Beverages
Minnesota,09/18/21,85706841,Beverages
Minnesota,09/25/21,86899711,Beverages
Minnesota,10/02/21,85717993,Beverages
Minnesota,10/09/21,80723514,Beverages
Minnesota,10/16/21,82612426,Beverages
Minnesota,10/23/21,84423565,Beverages
Minnesota,10/30/21,81915673,Beverages
Minnesota,11/06/21,86236611,Beverages
Minnesota,11/13/21,88038221,Beverages
Minnesota,11/20/21,90295337,Beverages
Minnesota,11/27/21,87516488,Beverages
Minnesota,12/04/21,76877881,Beverages
Minnesota,12/11/21,80754522,Beverages
Minnesota,12/18/21,82753034,Beverages
Minnesota,12/25/21,79289440,Beverages
Minnesota,01/01/22,79863596,Beverages
Minnesota,01/08/22,83398521,Beverages
Minnesota,01/15/22,69224621,Beverages
Minnesota,01/22/22,79067668,Beverages
Minnesota,01/29/22,81700689,Beverages
Minnesota,02/05/22,86169124,Beverages
Minnesota,02/12/22,71169444,Beverages
Minnesota,02/19/22,84697283,Beverages
Minnesota,02/26/22,83659990,Beverages
Minnesota,03/05/22,99860620,Beverages
Minnesota,03/12/22,98078625,Beverages
Minnesota,03/19/22,94330739,Beverages
Minnesota,03/26/22,97193518,Beverages
Minnesota,04/02/22,95189766,Beverages
Minnesota,04/09/22,95076276,Beverages
Minnesota,04/16/22,101272786,Beverages
Minnesota,04/23/22,88052649,Beverages
Minnesota,04/30/22,94933482,Beverages
Minnesota,05/07/22,99234922,Beverages
Minnesota,05/14/22,97829359,Beverages
Minnesota,05/21/22,99071790,Beverages
Minnesota,05/28/22,94002417,Beverages
Minnesota,06/04/22,102221451,Beverages
Minnesota,06/11/22,107902010,Beverages
Minnesota,06/18/22,102598947,Beverages
Minnesota,06/25/22,99775308,Beverages
Minnesota,07/02/22,99141188,Beverages
Minnesota,07/09/22,103445802,Beverages
Minnesota,07/16/22,105950505,Beverages
Minnesota,07/23/22,97274401,Beverages
Minnesota,07/30/22,99558744,Beverages
Minnesota,08/06/22,100608711,Beverages
Minnesota,08/13/22,95748892,Beverages
Minnesota,08/20/22,95370474,Beverages
Minnesota,08/27/22,103623357,Beverages
Minnesota,09/03/22,87608112,Beverages
Minnesota,09/10/22,89722553,Beverages
Minnesota,09/17/22,83103569,Beverages
Minnesota,09/24/22,88223746,Beverages
Minnesota,10/01/22,87798723,Beverages
Minnesota,10/08/22,83569309,Beverages
Minnesota,10/15/22,83762974,Beverages
Minnesota,10/22/22,88800128,Beverages
Minnesota,10/29/22,86207960,Beverages
Minnesota,11/05/22,89862847,Beverages
Minnesota,11/12/22,84910590,Beverages
Minnesota,11/19/22,86068255,Beverages
Minnesota,11/26/22,86147529,Beverages
Minnesota,12/03/22,79419624,Beverages
Minnesota,12/10/22,77073595,Beverages
Minnesota,12/17/22,82252599,Beverages
Minnesota,12/24/22,84681223,Beverages
Minnesota,12/31/22,80648585,Beverages
Mississippi,01/12/19,33447190,Beverages
Mississippi,01/19/19,32896857,Beverages
Mississippi,01/26/19,34500933,Beverages
Mississippi,02/02/19,33893929,Beverages
Mississippi,02/09/19,35990940,Beverages
Mississippi,02/16/19,35606318,Beverages
Mississippi,02/23/19,36720768,Beverages
Mississippi,03/02/19,42765599,Beverages
Mississippi,03/09/19,41091139,Beverages
Mississippi,03/16/19,41155125,Beverages
Mississippi,03/23/19,40467339,Beverages
Mississippi,03/30/19,42901000,Beverages
Mississippi,04/06/19,42216268,Beverages
Mississippi,04/13/19,39967994,Beverages
Mississippi,04/20/19,39868166,Beverages
Mississippi,04/27/19,42919218,Beverages
Mississippi,05/04/19,43290620,Beverages
Mississippi,05/11/19,34207893,Beverages
Mississippi,05/18/19,39409126,Beverages
Mississippi,05/25/19,42114015,Beverages
Mississippi,06/01/19,44417695,Beverages
Mississippi,06/08/19,44047031,Beverages
Mississippi,06/15/19,44986308,Beverages
Mississippi,06/22/19,44501059,Beverages
Mississippi,06/29/19,42965281,Beverages
Mississippi,07/06/19,43950990,Beverages
Mississippi,07/13/19,44637149,Beverages
Mississippi,07/20/19,42561550,Beverages
Mississippi,07/27/19,44485590,Beverages
Mississippi,08/03/19,40326830,Beverages
Mississippi,08/10/19,43561860,Beverages
Mississippi,08/17/19,40946365,Beverages
Mississippi,08/24/19,42787313,Beverages
Mississippi,08/31/19,41055563,Beverages
Mississippi,09/07/19,36429468,Beverages
Mississippi,09/14/19,36290605,Beverages
Mississippi,09/21/19,37772169,Beverages
Mississippi,09/28/19,37140534,Beverages
Mississippi,10/05/19,37582273,Beverages
Mississippi,10/12/19,36323358,Beverages
Mississippi,10/19/19,37563300,Beverages
Mississippi,10/26/19,35449074,Beverages
Mississippi,11/02/19,35540860,Beverages
Mississippi,11/09/19,35337481,Beverages
Mississippi,11/16/19,38374878,Beverages
Mississippi,11/23/19,37962518,Beverages
Mississippi,11/30/19,36310253,Beverages
Mississippi,12/07/19,34611029,Beverages
Mississippi,12/14/19,35473519,Beverages
Mississippi,12/21/19,35723887,Beverages
Mississippi,12/28/19,33322607,Beverages
Mississippi,01/04/20,35218006,Beverages
Mississippi,01/11/20,42947835,Beverages
Mississippi,01/18/20,34680055,Beverages
Mississippi,01/25/20,36014086,Beverages
Mississippi,02/01/20,34226627,Beverages
Mississippi,02/08/20,34815192,Beverages
Mississippi,02/15/20,34354443,Beverages
Mississippi,02/22/20,29818399,Beverages
Mississippi,02/29/20,35120181,Beverages
Mississippi,03/07/20,40114597,Beverages
Mississippi,03/14/20,42449937,Beverages
Mississippi,03/21/20,42118307,Beverages
Mississippi,03/28/20,40700991,Beverages
Mississippi,04/04/20,42735443,Beverages
Mississippi,04/11/20,41810054,Beverages
Mississippi,04/18/20,41798071,Beverages
Mississippi,04/25/20,40115404,Beverages
Mississippi,05/02/20,42827922,Beverages
Mississippi,05/09/20,41000671,Beverages
Mississippi,05/16/20,41095437,Beverages
Mississippi,05/23/20,42188221,Beverages
Mississippi,05/30/20,42910468,Beverages
Mississippi,06/06/20,45906956,Beverages
Mississippi,06/13/20,46390726,Beverages
Mississippi,06/20/20,45277214,Beverages
Mississippi,06/27/20,44143752,Beverages
Mississippi,07/04/20,44953852,Beverages
Mississippi,07/11/20,35648896,Beverages
Mississippi,07/18/20,44291171,Beverages
Mississippi,07/25/20,41932718,Beverages
Mississippi,08/01/20,44338249,Beverages
Mississippi,08/08/20,41974299,Beverages
Mississippi,08/15/20,41756790,Beverages
Mississippi,08/22/20,36964245,Beverages
Mississippi,08/29/20,43941822,Beverages
Mississippi,09/05/20,34936065,Beverages
Mississippi,09/12/20,36123115,Beverages
Mississippi,09/19/20,36763509,Beverages
Mississippi,09/26/20,36067632,Beverages
Mississippi,10/03/20,34935300,Beverages
Mississippi,10/10/20,37467507,Beverages
Mississippi,10/17/20,35838186,Beverages
Mississippi,10/24/20,37887975,Beverages
Mississippi,10/31/20,37767702,Beverages
Mississippi,11/07/20,32219158,Beverages
Mississippi,11/14/20,39031187,Beverages
Mississippi,11/21/20,38208290,Beverages
Mississippi,11/28/20,36392143,Beverages
Mississippi,12/05/20,33557267,Beverages
Mississippi,12/12/20,33311195,Beverages
Mississippi,12/19/20,32972747,Beverages
Mississippi,12/26/20,34449935,Beverages
Mississippi,01/02/21,35310717,Beverages
Mississippi,01/09/21,34380904,Beverages
Mississippi,01/16/21,36628416,Beverages
Mississippi,01/23/21,34098701,Beverages
Mississippi,01/30/21,35194168,Beverages
Mississippi,02/06/21,35416442,Beverages
Mississippi,02/13/21,36419547,Beverages
Mississippi,02/20/21,35179552,Beverages
Mississippi,02/27/21,37477490,Beverages
Mississippi,03/06/21,40884898,Beverages
Mississippi,03/13/21,43581140,Beverages
Mississippi,03/20/21,43353024,Beverages
Mississippi,03/27/21,43757521,Beverages
Mississippi,04/03/21,40844210,Beverages
Mississippi,04/10/21,42164396,Beverages
Mississippi,04/17/21,41631901,Beverages
Mississippi,04/24/21,44554710,Beverages
Mississippi,05/01/21,44496864,Beverages
Mississippi,05/08/21,40497864,Beverages
Mississippi,05/15/21,42071120,Beverages
Mississippi,05/22/21,41228873,Beverages
Mississippi,05/29/21,42574042,Beverages
Mississippi,06/05/21,43984096,Beverages
Mississippi,06/12/21,56197258,Beverages
Mississippi,06/19/21,44587618,Beverages
Mississippi,06/26/21,45624748,Beverages
Mississippi,07/03/21,46310681,Beverages
Mississippi,07/10/21,46043582,Beverages
Mississippi,07/17/21,42755624,Beverages
Mississippi,07/24/21,44792977,Beverages
Mississippi,07/31/21,41851935,Beverages
Mississippi,08/07/21,44154298,Beverages
Mississippi,08/14/21,35942391,Beverages
Mississippi,08/21/21,42558758,Beverages
Mississippi,08/28/21,44640294,Beverages
Mississippi,09/04/21,35599958,Beverages
Mississippi,09/11/21,37355090,Beverages
Mississippi,09/18/21,37976147,Beverages
Mississippi,09/25/21,36067697,Beverages
Mississippi,10/02/21,38490897,Beverages
Mississippi,10/09/21,32115173,Beverages
Mississippi,10/16/21,35508398,Beverages
Mississippi,10/23/21,37429627,Beverages
Mississippi,10/30/21,36079090,Beverages
Mississippi,11/06/21,38612973,Beverages
Mississippi,11/13/21,38751163,Beverages
Mississippi,11/20/21,38395470,Beverages
Mississippi,11/27/21,38684526,Beverages
Mississippi,12/04/21,36066861,Beverages
Mississippi,12/11/21,34320030,Beverages
Mississippi,12/18/21,33798726,Beverages
Mississippi,12/25/21,33777514,Beverages
Mississippi,01/01/22,34825794,Beverages
Mississippi,01/08/22,36365066,Beverages
Mississippi,01/15/22,36449526,Beverages
Mississippi,01/22/22,36256712,Beverages
Mississippi,01/29/22,34840249,Beverages
Mississippi,02/05/22,36183542,Beverages
Mississippi,02/12/22,36864826,Beverages
Mississippi,02/19/22,35991178,Beverages
Mississippi,02/26/22,36317686,Beverages
Mississippi,03/05/22,43548700,Beverages
Mississippi,03/12/22,50052249,Beverages
Mississippi,03/19/22,45454424,Beverages
Mississippi,03/26/22,38107116,Beverages
Mississippi,04/02/22,41757376,Beverages
Mississippi,04/09/22,45514082,Beverages
Mississippi,04/16/22,43425018,Beverages
Mississippi,04/23/22,44854338,Beverages
Mississippi,04/30/22,45015048,Beverages
Mississippi,05/07/22,43318809,Beverages
Mississippi,05/14/22,44534137,Beverages
Mississippi,05/21/22,40790440,Beverages
Mississippi,05/28/22,43575821,Beverages
Mississippi,06/04/22,48727823,Beverages
Mississippi,06/11/22,46075183,Beverages
Mississippi,06/18/22,45952196,Beverages
Mississippi,06/25/22,46298070,Beverages
Mississippi,07/02/22,45400783,Beverages
Mississippi,07/09/22,44272532,Beverages
Mississippi,07/16/22,43494457,Beverages
Mississippi,07/23/22,43984016,Beverages
Mississippi,07/30/22,42603624,Beverages
Mississippi,08/06/22,44586279,Beverages
Mississippi,08/13/22,45000946,Beverages
Mississippi,08/20/22,43792319,Beverages
Mississippi,08/27/22,44931737,Beverages
Mississippi,09/03/22,38876853,Beverages
Mississippi,09/10/22,36206047,Beverages
Mississippi,09/17/22,37256099,Beverages
Mississippi,09/24/22,38920604,Beverages
Mississippi,10/01/22,37065449,Beverages
Mississippi,10/08/22,39089509,Beverages
Mississippi,10/15/22,39092793,Beverages
Mississippi,10/22/22,37628141,Beverages
Mississippi,10/29/22,36130262,Beverages
Mississippi,11/05/22,37565190,Beverages
Mississippi,11/12/22,39362693,Beverages
Mississippi,11/19/22,40251955,Beverages
Mississippi,11/26/22,37995510,Beverages
Mississippi,12/03/22,35885180,Beverages
Mississippi,12/10/22,35136477,Beverages
Mississippi,12/17/22,36893203,Beverages
Mississippi,12/24/22,36680779,Beverages
Mississippi,12/31/22,43928256,Beverages
Missouri,01/12/19,88908247,Beverages
Missouri,01/19/19,93688343,Beverages
Missouri,01/26/19,96788435,Beverages
Missouri,02/02/19,91523820,Beverages
Missouri,02/09/19,89853792,Beverages
Missouri,02/16/19,93964513,Beverages
Missouri,02/23/19,92358537,Beverages
Missouri,03/02/19,110437905,Beverages
Missouri,03/09/19,113779152,Beverages
Missouri,03/16/19,115904466,Beverages
Missouri,03/23/19,115240202,Beverages
Missouri,03/30/19,107794614,Beverages
Missouri,04/06/19,111448779,Beverages
Missouri,04/13/19,108005341,Beverages
Missouri,04/20/19,110540071,Beverages
Missouri,04/27/19,109729548,Beverages
Missouri,05/04/19,115795128,Beverages
Missouri,05/11/19,114327338,Beverages
Missouri,05/18/19,107800418,Beverages
Missouri,05/25/19,110279521,Beverages
Missouri,06/01/19,114152587,Beverages
Missouri,06/08/19,116753814,Beverages
Missouri,06/15/19,114810037,Beverages
Missouri,06/22/19,120470664,Beverages
Missouri,06/29/19,119139822,Beverages
Missouri,07/06/19,103724104,Beverages
Missouri,07/13/19,111519185,Beverages
Missouri,07/20/19,96286740,Beverages
Missouri,07/27/19,110092988,Beverages
Missouri,08/03/19,111141981,Beverages
Missouri,08/10/19,117208900,Beverages
Missouri,08/17/19,112856803,Beverages
Missouri,08/24/19,109261991,Beverages
Missouri,08/31/19,118029936,Beverages
Missouri,09/07/19,94356281,Beverages
Missouri,09/14/19,96683230,Beverages
Missouri,09/21/19,95199978,Beverages
Missouri,09/28/19,93951958,Beverages
Missouri,10/05/19,92525201,Beverages
Missouri,10/12/19,101586791,Beverages
Missouri,10/19/19,94668363,Beverages
Missouri,10/26/19,100108135,Beverages
Missouri,11/02/19,96595112,Beverages
Missouri,11/09/19,103286399,Beverages
Missouri,11/16/19,98825492,Beverages
Missouri,11/23/19,99289782,Beverages
Missouri,11/30/19,96881044,Beverages
Missouri,12/07/19,77491748,Beverages
Missouri,12/14/19,91659137,Beverages
Missouri,12/21/19,93082545,Beverages
Missouri,12/28/19,88796378,Beverages
Missouri,01/04/20,92259770,Beverages
Missouri,01/11/20,90446624,Beverages
Missouri,01/18/20,92243192,Beverages
Missouri,01/25/20,97022854,Beverages
Missouri,02/01/20,98330120,Beverages
Missouri,02/08/20,99218471,Beverages
Missouri,02/15/20,94615847,Beverages
Missouri,02/22/20,99494620,Beverages
Missouri,02/29/20,93164645,Beverages
Missouri,03/07/20,118547912,Beverages
Missouri,03/14/20,108635326,Beverages
Missouri,03/21/20,119319609,Beverages
Missouri,03/28/20,112155639,Beverages
Missouri,04/04/20,111014874,Beverages
Missouri,04/11/20,112777521,Beverages
Missouri,04/18/20,115618596,Beverages
Missouri,04/25/20,110946566,Beverages
Missouri,05/02/20,112850189,Beverages
Missouri,05/09/20,109260521,Beverages
Missouri,05/16/20,111555430,Beverages
Missouri,05/23/20,108333229,Beverages
Missouri,05/30/20,116720349,Beverages
Missouri,06/06/20,119062280,Beverages
Missouri,06/13/20,118001581,Beverages
Missouri,06/20/20,115720865,Beverages
Missouri,06/27/20,97267232,Beverages
Missouri,07/04/20,118090610,Beverages
Missouri,07/11/20,120862558,Beverages
Missouri,07/18/20,119113258,Beverages
Missouri,07/25/20,110776586,Beverages
Missouri,08/01/20,120626614,Beverages
Missouri,08/08/20,115866190,Beverages
Missouri,08/15/20,113145784,Beverages
Missouri,08/22/20,116261474,Beverages
Missouri,08/29/20,116586182,Beverages
Missouri,09/05/20,95604808,Beverages
Missouri,09/12/20,97956124,Beverages
Missouri,09/19/20,96309372,Beverages
Missouri,09/26/20,102498537,Beverages
Missouri,10/03/20,102898069,Beverages
Missouri,10/10/20,95077997,Beverages
Missouri,10/17/20,103658890,Beverages
Missouri,10/24/20,81154093,Beverages
Missouri,10/31/20,95859448,Beverages
Missouri,11/07/20,101071899,Beverages
Missouri,11/14/20,102093299,Beverages
Missouri,11/21/20,104277613,Beverages
Missouri,11/28/20,99362319,Beverages
Missouri,12/05/20,91869156,Beverages
Missouri,12/12/20,96397426,Beverages
Missouri,12/19/20,97786518,Beverages
Missouri,12/26/20,94436904,Beverages
Missouri,01/02/21,94552306,Beverages
Missouri,01/09/21,93191715,Beverages
Missouri,01/16/21,94338684,Beverages
Missouri,01/23/21,96197831,Beverages
Missouri,01/30/21,94363728,Beverages
Missouri,02/06/21,97600609,Beverages
Missouri,02/13/21,98687607,Beverages
Missouri,02/20/21,102145809,Beverages
Missouri,02/27/21,94222428,Beverages
Missouri,03/06/21,114496176,Beverages
Missouri,03/13/21,113831635,Beverages
Missouri,03/20/21,115100091,Beverages
Missouri,03/27/21,109746811,Beverages
Missouri,04/03/21,120474932,Beverages
Missouri,04/10/21,109864431,Beverages
Missouri,04/17/21,99598491,Beverages
Missouri,04/24/21,120387650,Beverages
Missouri,05/01/21,114966926,Beverages
Missouri,05/08/21,109636786,Beverages
Missouri,05/15/21,110230865,Beverages
Missouri,05/22/21,114248977,Beverages
Missouri,05/29/21,107808855,Beverages
Missouri,06/05/21,119579038,Beverages
Missouri,06/12/21,120944855,Beverages
Missouri,06/19/21,120033208,Beverages
Missouri,06/26/21,118234661,Beverages
Missouri,07/03/21,120038513,Beverages
Missouri,07/10/21,140849014,Beverages
Missouri,07/17/21,113622886,Beverages
Missouri,07/24/21,113671714,Beverages
Missouri,07/31/21,117233816,Beverages
Missouri,08/07/21,115871645,Beverages
Missouri,08/14/21,120425299,Beverages
Missouri,08/21/21,119504671,Beverages
Missouri,08/28/21,120415563,Beverages
Missouri,09/04/21,97860269,Beverages
Missouri,09/11/21,100562683,Beverages
Missouri,09/18/21,103680621,Beverages
Missouri,09/25/21,103727376,Beverages
Missouri,10/02/21,95547169,Beverages
Missouri,10/09/21,104327599,Beverages
Missouri,10/16/21,102286787,Beverages
Missouri,10/23/21,102950650,Beverages
Missouri,10/30/21,104312174,Beverages
Missouri,11/06/21,102995394,Beverages
Missouri,11/13/21,103338559,Beverages
Missouri,11/20/21,98670210,Beverages
Missouri,11/27/21,102853735,Beverages
Missouri,12/04/21,90960907,Beverages
Missouri,12/11/21,93054669,Beverages
Missouri,12/18/21,93420700,Beverages
Missouri,12/25/21,91490916,Beverages
Missouri,01/01/22,92766179,Beverages
Missouri,01/08/22,91409094,Beverages
Missouri,01/15/22,99017660,Beverages
Missouri,01/22/22,101268286,Beverages
Missouri,01/29/22,100051331,Beverages
Missouri,02/05/22,100872587,Beverages
Missouri,02/12/22,97263358,Beverages
Missouri,02/19/22,97927834,Beverages
Missouri,02/26/22,98630502,Beverages
Missouri,03/05/22,111906373,Beverages
Missouri,03/12/22,113832632,Beverages
Missouri,03/19/22,118002465,Beverages
Missouri,03/26/22,111552100,Beverages
Missouri,04/02/22,117618064,Beverages
Missouri,04/09/22,121222522,Beverages
Missouri,04/16/22,111654341,Beverages
Missouri,04/23/22,119300028,Beverages
Missouri,04/30/22,112123773,Beverages
Missouri,05/07/22,119503943,Beverages
Missouri,05/14/22,119577647,Beverages
Missouri,05/21/22,111627989,Beverages
Missouri,05/28/22,137358800,Beverages
Missouri,06/04/22,128281408,Beverages
Missouri,06/11/22,126827175,Beverages
Missouri,06/18/22,118571075,Beverages
Missouri,06/25/22,126035227,Beverages
Missouri,07/02/22,121474341,Beverages
Missouri,07/09/22,122034138,Beverages
Missouri,07/16/22,120972653,Beverages
Missouri,07/23/22,117666843,Beverages
Missouri,07/30/22,125839856,Beverages
Missouri,08/06/22,123410522,Beverages
Missouri,08/13/22,146360897,Beverages
Missouri,08/20/22,120264371,Beverages
Missouri,08/27/22,135601310,Beverages
Missouri,09/03/22,103768078,Beverages
Missouri,09/10/22,102829592,Beverages
Missouri,09/17/22,102570962,Beverages
Missouri,09/24/22,97466096,Beverages
Missouri,10/01/22,97895724,Beverages
Missouri,10/08/22,105605282,Beverages
Missouri,10/15/22,103429440,Beverages
Missouri,10/22/22,101009745,Beverages
Missouri,10/29/22,100804189,Beverages
Missouri,11/05/22,105039661,Beverages
Missouri,11/12/22,91612388,Beverages
Missouri,11/19/22,101535505,Beverages
Missouri,11/26/22,107178851,Beverages
Missouri,12/03/22,92431259,Beverages
Missouri,12/10/22,90220417,Beverages
Missouri,12/17/22,91899252,Beverages
Missouri,12/24/22,96183602,Beverages
Missouri,12/31/22,98152380,Beverages
Nebraska,01/12/19,15224899,Beverages
Nebraska,01/19/19,14733360,Beverages
Nebraska,01/26/19,15273033,Beverages
Nebraska,02/02/19,15322621,Beverages
Nebraska,02/09/19,14908451,Beverages
Nebraska,02/16/19,15183291,Beverages
Nebraska,02/23/19,16095400,Beverages
Nebraska,03/02/19,18729241,Beverages
Nebraska,03/09/19,17818827,Beverages
Nebraska,03/16/19,18758270,Beverages
Nebraska,03/23/19,18828309,Beverages
Nebraska,03/30/19,17700743,Beverages
Nebraska,04/06/19,18551137,Beverages
Nebraska,04/13/19,18967050,Beverages
Nebraska,04/20/19,17792068,Beverages
Nebraska,04/27/19,19157267,Beverages
Nebraska,05/04/19,19070531,Beverages
Nebraska,05/11/19,21587314,Beverages
Nebraska,05/18/19,18542189,Beverages
Nebraska,05/25/19,17378774,Beverages
Nebraska,06/01/19,20388442,Beverages
Nebraska,06/08/19,16677910,Beverages
Nebraska,06/15/19,19533098,Beverages
Nebraska,06/22/19,20277261,Beverages
Nebraska,06/29/19,18969935,Beverages
Nebraska,07/06/19,22664238,Beverages
Nebraska,07/13/19,19291309,Beverages
Nebraska,07/20/19,19243631,Beverages
Nebraska,07/27/19,18982125,Beverages
Nebraska,08/03/19,19222563,Beverages
Nebraska,08/10/19,19396119,Beverages
Nebraska,08/17/19,17847322,Beverages
Nebraska,08/24/19,18581769,Beverages
Nebraska,08/31/19,18396477,Beverages
Nebraska,09/07/19,13679642,Beverages
Nebraska,09/14/19,16269743,Beverages
Nebraska,09/21/19,19638530,Beverages
Nebraska,09/28/19,15471632,Beverages
Nebraska,10/05/19,16789003,Beverages
Nebraska,10/12/19,15605590,Beverages
Nebraska,10/19/19,16347223,Beverages
Nebraska,10/26/19,16355614,Beverages
Nebraska,11/02/19,16818255,Beverages
Nebraska,11/09/19,15945674,Beverages
Nebraska,11/16/19,16146175,Beverages
Nebraska,11/23/19,17115020,Beverages
Nebraska,11/30/19,17103136,Beverages
Nebraska,12/07/19,15583905,Beverages
Nebraska,12/14/19,15147908,Beverages
Nebraska,12/21/19,13274564,Beverages
Nebraska,12/28/19,15639237,Beverages
Nebraska,01/04/20,14593831,Beverages
Nebraska,01/11/20,14973403,Beverages
Nebraska,01/18/20,15947906,Beverages
Nebraska,01/25/20,15810105,Beverages
Nebraska,02/01/20,16389478,Beverages
Nebraska,02/08/20,16232859,Beverages
Nebraska,02/15/20,15328450,Beverages
Nebraska,02/22/20,15964012,Beverages
Nebraska,02/29/20,16109237,Beverages
Nebraska,03/07/20,18205714,Beverages
Nebraska,03/14/20,19042648,Beverages
Nebraska,03/21/20,19055710,Beverages
Nebraska,03/28/20,18272323,Beverages
Nebraska,04/04/20,19227981,Beverages
Nebraska,04/11/20,18910996,Beverages
Nebraska,04/18/20,19052100,Beverages
Nebraska,04/25/20,18986821,Beverages
Nebraska,05/02/20,18508707,Beverages
Nebraska,05/09/20,18857399,Beverages
Nebraska,05/16/20,18683854,Beverages
Nebraska,05/23/20,19203652,Beverages
Nebraska,05/30/20,18055907,Beverages
Nebraska,06/06/20,22828656,Beverages
Nebraska,06/13/20,20264353,Beverages
Nebraska,06/20/20,19964137,Beverages
Nebraska,06/27/20,19205698,Beverages
Nebraska,07/04/20,19479089,Beverages
Nebraska,07/11/20,18958513,Beverages
Nebraska,07/18/20,18462615,Beverages
Nebraska,07/25/20,18689208,Beverages
Nebraska,08/01/20,18310204,Beverages
Nebraska,08/08/20,18102603,Beverages
Nebraska,08/15/20,18469389,Beverages
Nebraska,08/22/20,18803169,Beverages
Nebraska,08/29/20,18808488,Beverages
Nebraska,09/05/20,16393400,Beverages
Nebraska,09/12/20,17070778,Beverages
Nebraska,09/19/20,16001911,Beverages
Nebraska,09/26/20,16025729,Beverages
Nebraska,10/03/20,16183310,Beverages
Nebraska,10/10/20,15641750,Beverages
Nebraska,10/17/20,16700774,Beverages
Nebraska,10/24/20,15782758,Beverages
Nebraska,10/31/20,17203044,Beverages
Nebraska,11/07/20,19700798,Beverages
Nebraska,11/14/20,16596346,Beverages
Nebraska,11/21/20,17472438,Beverages
Nebraska,11/28/20,16424844,Beverages
Nebraska,12/05/20,15676503,Beverages
Nebraska,12/12/20,14938258,Beverages
Nebraska,12/19/20,16028556,Beverages
Nebraska,12/26/20,15132328,Beverages
Nebraska,01/02/21,16236061,Beverages
Nebraska,01/09/21,15925885,Beverages
Nebraska,01/16/21,15142246,Beverages
Nebraska,01/23/21,15387167,Beverages
Nebraska,01/30/21,15614863,Beverages
Nebraska,02/06/21,15541507,Beverages
Nebraska,02/13/21,15362879,Beverages
Nebraska,02/20/21,16601918,Beverages
Nebraska,02/27/21,13737501,Beverages
Nebraska,03/06/21,18315653,Beverages
Nebraska,03/13/21,18866361,Beverages
Nebraska,03/20/21,19444590,Beverages
Nebraska,03/27/21,18299316,Beverages
Nebraska,04/03/21,19909817,Beverages
Nebraska,04/10/21,19209842,Beverages
Nebraska,04/17/21,18168077,Beverages
Nebraska,04/24/21,19338347,Beverages
Nebraska,05/01/21,19619402,Beverages
Nebraska,05/08/21,18083712,Beverages
Nebraska,05/15/21,18572977,Beverages
Nebraska,05/22/21,19276750,Beverages
Nebraska,05/29/21,19051985,Beverages
Nebraska,06/05/21,19903724,Beverages
Nebraska,06/12/21,20853669,Beverages
Nebraska,06/19/21,20552589,Beverages
Nebraska,06/26/21,20058341,Beverages
Nebraska,07/03/21,19810991,Beverages
Nebraska,07/10/21,19725982,Beverages
Nebraska,07/17/21,20616967,Beverages
Nebraska,07/24/21,20260248,Beverages
Nebraska,07/31/21,19385441,Beverages
Nebraska,08/07/21,20114935,Beverages
Nebraska,08/14/21,20150558,Beverages
Nebraska,08/21/21,19375312,Beverages
Nebraska,08/28/21,19973718,Beverages
Nebraska,09/04/21,16977881,Beverages
Nebraska,09/11/21,16149049,Beverages
Nebraska,09/18/21,16591281,Beverages
Nebraska,09/25/21,16198728,Beverages
Nebraska,10/02/21,16682528,Beverages
Nebraska,10/09/21,16002238,Beverages
Nebraska,10/16/21,16542341,Beverages
Nebraska,10/23/21,16411874,Beverages
Nebraska,10/30/21,16452645,Beverages
Nebraska,11/06/21,16739333,Beverages
Nebraska,11/13/21,16730291,Beverages
Nebraska,11/20/21,16807332,Beverages
Nebraska,11/27/21,16269382,Beverages
Nebraska,12/04/21,15456791,Beverages
Nebraska,12/11/21,15235624,Beverages
Nebraska,12/18/21,15694840,Beverages
Nebraska,12/25/21,15373903,Beverages
Nebraska,01/01/22,16179855,Beverages
Nebraska,01/08/22,15259137,Beverages
Nebraska,01/15/22,15533515,Beverages
Nebraska,01/22/22,14055747,Beverages
Nebraska,01/29/22,16255098,Beverages
Nebraska,02/05/22,16219350,Beverages
Nebraska,02/12/22,14389883,Beverages
Nebraska,02/19/22,16180453,Beverages
Nebraska,02/26/22,15727091,Beverages
Nebraska,03/05/22,19534560,Beverages
Nebraska,03/12/22,16691399,Beverages
Nebraska,03/19/22,20168068,Beverages
Nebraska,03/26/22,19203651,Beverages
Nebraska,04/02/22,19935251,Beverages
Nebraska,04/09/22,18705862,Beverages
Nebraska,04/16/22,19330479,Beverages
Nebraska,04/23/22,19240775,Beverages
Nebraska,04/30/22,19912936,Beverages
Nebraska,05/07/22,19855704,Beverages
Nebraska,05/14/22,18892015,Beverages
Nebraska,05/21/22,19382731,Beverages
Nebraska,05/28/22,18683162,Beverages
Nebraska,06/04/22,20735438,Beverages
Nebraska,06/11/22,19498835,Beverages
Nebraska,06/18/22,20603295,Beverages
Nebraska,06/25/22,20193574,Beverages
Nebraska,07/02/22,20760990,Beverages
Nebraska,07/09/22,20125633,Beverages
Nebraska,07/16/22,19529524,Beverages
Nebraska,07/23/22,19738304,Beverages
Nebraska,07/30/22,19770002,Beverages
Nebraska,08/06/22,19151121,Beverages
Nebraska,08/13/22,18754811,Beverages
Nebraska,08/20/22,18920314,Beverages
Nebraska,08/27/22,19965148,Beverages
Nebraska,09/03/22,17019435,Beverages
Nebraska,09/10/22,16143683,Beverages
Nebraska,09/17/22,15930695,Beverages
Nebraska,09/24/22,16751052,Beverages
Nebraska,10/01/22,16286682,Beverages
Nebraska,10/08/22,16216856,Beverages
Nebraska,10/15/22,16818993,Beverages
Nebraska,10/22/22,16632702,Beverages
Nebraska,10/29/22,17480407,Beverages
Nebraska,11/05/22,17424844,Beverages
Nebraska,11/12/22,16732941,Beverages
Nebraska,11/19/22,16650796,Beverages
Nebraska,11/26/22,17611032,Beverages
Nebraska,12/03/22,15253583,Beverages
Nebraska,12/10/22,16021965,Beverages
Nebraska,12/17/22,15808240,Beverages
Nebraska,12/24/22,15515060,Beverages
Nebraska,12/31/22,16184768,Beverages
Nevada,01/12/19,45325455,Beverages
Nevada,01/19/19,48342521,Beverages
Nevada,01/26/19,47836051,Beverages
Nevada,02/02/19,49760151,Beverages
Nevada,02/09/19,47702203,Beverages
Nevada,02/16/19,49360276,Beverages
Nevada,02/23/19,49672299,Beverages
Nevada,03/02/19,56839336,Beverages
Nevada,03/09/19,57087477,Beverages
Nevada,03/16/19,59136887,Beverages
Nevada,03/23/19,56978915,Beverages
Nevada,03/30/19,57551852,Beverages
Nevada,04/06/19,53866041,Beverages
Nevada,04/13/19,46091435,Beverages
Nevada,04/20/19,56443848,Beverages
Nevada,04/27/19,56383377,Beverages
Nevada,05/04/19,54172726,Beverages
Nevada,05/11/19,57315251,Beverages
Nevada,05/18/19,54972926,Beverages
Nevada,05/25/19,54727431,Beverages
Nevada,06/01/19,59764447,Beverages
Nevada,06/08/19,57845554,Beverages
Nevada,06/15/19,59152314,Beverages
Nevada,06/22/19,60940717,Beverages
Nevada,06/29/19,61536880,Beverages
Nevada,07/06/19,58497204,Beverages
Nevada,07/13/19,61172962,Beverages
Nevada,07/20/19,56555818,Beverages
Nevada,07/27/19,59741271,Beverages
Nevada,08/03/19,59189189,Beverages
Nevada,08/10/19,58633510,Beverages
Nevada,08/17/19,55503791,Beverages
Nevada,08/24/19,59660083,Beverages
Nevada,08/31/19,56558310,Beverages
Nevada,09/07/19,49464362,Beverages
Nevada,09/14/19,50468403,Beverages
Nevada,09/21/19,51588081,Beverages
Nevada,09/28/19,50922074,Beverages
Nevada,10/05/19,50918698,Beverages
Nevada,10/12/19,48487606,Beverages
Nevada,10/19/19,47872169,Beverages
Nevada,10/26/19,50912518,Beverages
Nevada,11/02/19,47987247,Beverages
Nevada,11/09/19,50801081,Beverages
Nevada,11/16/19,51759864,Beverages
Nevada,11/23/19,48824570,Beverages
Nevada,11/30/19,50674220,Beverages
Nevada,12/07/19,47254444,Beverages
Nevada,12/14/19,46510862,Beverages
Nevada,12/21/19,44995021,Beverages
Nevada,12/28/19,48466423,Beverages
Nevada,01/04/20,45824758,Beverages
Nevada,01/11/20,46878345,Beverages
Nevada,01/18/20,39634057,Beverages
Nevada,01/25/20,50188941,Beverages
Nevada,02/01/20,41367563,Beverages
Nevada,02/08/20,50346670,Beverages
Nevada,02/15/20,48381939,Beverages
Nevada,02/22/20,50943558,Beverages
Nevada,02/29/20,47619868,Beverages
Nevada,03/07/20,48042176,Beverages
Nevada,03/14/20,57559660,Beverages
Nevada,03/21/20,57560554,Beverages
Nevada,03/28/20,55608344,Beverages
Nevada,04/04/20,54632154,Beverages
Nevada,04/11/20,54599956,Beverages
Nevada,04/18/20,56152485,Beverages
Nevada,04/25/20,57748626,Beverages
Nevada,05/02/20,58191587,Beverages
Nevada,05/09/20,54347602,Beverages
Nevada,05/16/20,58881095,Beverages
Nevada,05/23/20,57913789,Beverages
Nevada,05/30/20,69597902,Beverages
Nevada,06/06/20,61454781,Beverages
Nevada,06/13/20,60227212,Beverages
Nevada,06/20/20,62162095,Beverages
Nevada,06/27/20,62210227,Beverages
Nevada,07/04/20,61759815,Beverages
Nevada,07/11/20,57604274,Beverages
Nevada,07/18/20,57886071,Beverages
Nevada,07/25/20,57611388,Beverages
Nevada,08/01/20,68320238,Beverages
Nevada,08/08/20,57990127,Beverages
Nevada,08/15/20,59246282,Beverages
Nevada,08/22/20,72629477,Beverages
Nevada,08/29/20,60335205,Beverages
Nevada,09/05/20,49107743,Beverages
Nevada,09/12/20,49654635,Beverages
Nevada,09/19/20,48104921,Beverages
Nevada,09/26/20,51655556,Beverages
Nevada,10/03/20,49298676,Beverages
Nevada,10/10/20,50782858,Beverages
Nevada,10/17/20,43346556,Beverages
Nevada,10/24/20,49952170,Beverages
Nevada,10/31/20,49182416,Beverages
Nevada,11/07/20,51729923,Beverages
Nevada,11/14/20,52552241,Beverages
Nevada,11/21/20,52262087,Beverages
Nevada,11/28/20,49695035,Beverages
Nevada,12/05/20,46968667,Beverages
Nevada,12/12/20,46332814,Beverages
Nevada,12/19/20,46517336,Beverages
Nevada,12/26/20,48222342,Beverages
Nevada,01/02/21,45362333,Beverages
Nevada,01/09/21,45845525,Beverages
Nevada,01/16/21,45631282,Beverages
Nevada,01/23/21,48322095,Beverages
Nevada,01/30/21,47590512,Beverages
Nevada,02/06/21,47225254,Beverages
Nevada,02/13/21,49432322,Beverages
Nevada,02/20/21,47865592,Beverages
Nevada,02/27/21,49312498,Beverages
Nevada,03/06/21,55578643,Beverages
Nevada,03/13/21,60868134,Beverages
Nevada,03/20/21,60813030,Beverages
Nevada,03/27/21,47179397,Beverages
Nevada,04/03/21,56326448,Beverages
Nevada,04/10/21,58491491,Beverages
Nevada,04/17/21,59413692,Beverages
Nevada,04/24/21,56366179,Beverages
Nevada,05/01/21,59332855,Beverages
Nevada,05/08/21,57291205,Beverages
Nevada,05/15/21,58342330,Beverages
Nevada,05/22/21,58471089,Beverages
Nevada,05/29/21,57010306,Beverages
Nevada,06/05/21,59858624,Beverages
Nevada,06/12/21,64857679,Beverages
Nevada,06/19/21,64411619,Beverages
Nevada,06/26/21,63506863,Beverages
Nevada,07/03/21,60678851,Beverages
Nevada,07/10/21,53001444,Beverages
Nevada,07/17/21,57743631,Beverages
Nevada,07/24/21,58749251,Beverages
Nevada,07/31/21,49006612,Beverages
Nevada,08/07/21,68740858,Beverages
Nevada,08/14/21,61046978,Beverages
Nevada,08/21/21,60070408,Beverages
Nevada,08/28/21,57543724,Beverages
Nevada,09/04/21,49576035,Beverages
Nevada,09/11/21,49596474,Beverages
Nevada,09/18/21,52106096,Beverages
Nevada,09/25/21,52326152,Beverages
Nevada,10/02/21,49335394,Beverages
Nevada,10/09/21,62043548,Beverages
Nevada,10/16/21,52694852,Beverages
Nevada,10/23/21,52472150,Beverages
Nevada,10/30/21,48941550,Beverages
Nevada,11/06/21,48853931,Beverages
Nevada,11/13/21,50525672,Beverages
Nevada,11/20/21,52856777,Beverages
Nevada,11/27/21,50425166,Beverages
Nevada,12/04/21,47169343,Beverages
Nevada,12/11/21,45494846,Beverages
Nevada,12/18/21,48959144,Beverages
Nevada,12/25/21,47365843,Beverages
Nevada,01/01/22,49515946,Beverages
Nevada,01/08/22,46617190,Beverages
Nevada,01/15/22,48216044,Beverages
Nevada,01/22/22,48399251,Beverages
Nevada,01/29/22,48514905,Beverages
Nevada,02/05/22,41690618,Beverages
Nevada,02/12/22,51227203,Beverages
Nevada,02/19/22,49964092,Beverages
Nevada,02/26/22,62222697,Beverages
Nevada,03/05/22,57034548,Beverages
Nevada,03/12/22,60098396,Beverages
Nevada,03/19/22,61420699,Beverages
Nevada,03/26/22,61970055,Beverages
Nevada,04/02/22,60264859,Beverages
Nevada,04/09/22,60464057,Beverages
Nevada,04/16/22,58762147,Beverages
Nevada,04/23/22,58367769,Beverages
Nevada,04/30/22,58226671,Beverages
Nevada,05/07/22,59295515,Beverages
Nevada,05/14/22,55892939,Beverages
Nevada,05/21/22,56323524,Beverages
Nevada,05/28/22,55774879,Beverages
Nevada,06/04/22,61938679,Beverages
Nevada,06/11/22,55858896,Beverages
Nevada,06/18/22,64527232,Beverages
Nevada,06/25/22,60367765,Beverages
Nevada,07/02/22,59405268,Beverages
Nevada,07/09/22,59486806,Beverages
Nevada,07/16/22,63253571,Beverages
Nevada,07/23/22,59766578,Beverages
Nevada,07/30/22,60618512,Beverages
Nevada,08/06/22,60117262,Beverages
Nevada,08/13/22,62497370,Beverages
Nevada,08/20/22,62120972,Beverages
Nevada,08/27/22,62067422,Beverages
Nevada,09/03/22,51074774,Beverages
Nevada,09/10/22,50744258,Beverages
Nevada,09/17/22,49423525,Beverages
Nevada,09/24/22,50889611,Beverages
Nevada,10/01/22,50784939,Beverages
Nevada,10/08/22,51446993,Beverages
Nevada,10/15/22,52211608,Beverages
Nevada,10/22/22,51166893,Beverages
Nevada,10/29/22,51770139,Beverages
Nevada,11/05/22,51762840,Beverages
Nevada,11/12/22,53255327,Beverages
Nevada,11/19/22,46338013,Beverages
Nevada,11/26/22,52357531,Beverages
Nevada,12/03/22,46658886,Beverages
Nevada,12/10/22,49509556,Beverages
Nevada,12/17/22,47900684,Beverages
Nevada,12/24/22,50179996,Beverages
Nevada,12/31/22,49060488,Beverages
New Hampshire,01/12/19,28002135,Beverages
New Hampshire,01/19/19,28349981,Beverages
New Hampshire,01/26/19,26868673,Beverages
New Hampshire,02/02/19,28638843,Beverages
New Hampshire,02/09/19,22972390,Beverages
New Hampshire,02/16/19,29089191,Beverages
New Hampshire,02/23/19,27161802,Beverages
New Hampshire,03/02/19,33464165,Beverages
New Hampshire,03/09/19,31897111,Beverages
New Hampshire,03/16/19,31532421,Beverages
New Hampshire,03/23/19,31760514,Beverages
New Hampshire,03/30/19,34168916,Beverages
New Hampshire,04/06/19,33256119,Beverages
New Hampshire,04/13/19,32375399,Beverages
New Hampshire,04/20/19,32581567,Beverages
New Hampshire,04/27/19,33301961,Beverages
New Hampshire,05/04/19,32823867,Beverages
New Hampshire,05/11/19,33979003,Beverages
New Hampshire,05/18/19,33838014,Beverages
New Hampshire,05/25/19,33326638,Beverages
New Hampshire,06/01/19,35955980,Beverages
New Hampshire,06/08/19,36289614,Beverages
New Hampshire,06/15/19,35002095,Beverages
New Hampshire,06/22/19,36115248,Beverages
New Hampshire,06/29/19,34231638,Beverages
New Hampshire,07/06/19,35048497,Beverages
New Hampshire,07/13/19,35532784,Beverages
New Hampshire,07/20/19,33627450,Beverages
New Hampshire,07/27/19,34242815,Beverages
New Hampshire,08/03/19,32963224,Beverages
New Hampshire,08/10/19,32213484,Beverages
New Hampshire,08/17/19,29745515,Beverages
New Hampshire,08/24/19,34974846,Beverages
New Hampshire,08/31/19,34583530,Beverages
New Hampshire,09/07/19,29279436,Beverages
New Hampshire,09/14/19,30247909,Beverages
New Hampshire,09/21/19,29587866,Beverages
New Hampshire,09/28/19,27883528,Beverages
New Hampshire,10/05/19,29684958,Beverages
New Hampshire,10/12/19,28987230,Beverages
New Hampshire,10/19/19,28649648,Beverages
New Hampshire,10/26/19,28634022,Beverages
New Hampshire,11/02/19,29698186,Beverages
New Hampshire,11/09/19,29373669,Beverages
New Hampshire,11/16/19,28180641,Beverages
New Hampshire,11/23/19,25114994,Beverages
New Hampshire,11/30/19,30487586,Beverages
New Hampshire,12/07/19,25651856,Beverages
New Hampshire,12/14/19,27633312,Beverages
New Hampshire,12/21/19,28411846,Beverages
New Hampshire,12/28/19,26404941,Beverages
New Hampshire,01/04/20,28337423,Beverages
New Hampshire,01/11/20,27653286,Beverages
New Hampshire,01/18/20,27714868,Beverages
New Hampshire,01/25/20,27387919,Beverages
New Hampshire,02/01/20,26854608,Beverages
New Hampshire,02/08/20,34580900,Beverages
New Hampshire,02/15/20,29274914,Beverages
New Hampshire,02/22/20,29158118,Beverages
New Hampshire,02/29/20,28575652,Beverages
New Hampshire,03/07/20,33066480,Beverages
New Hampshire,03/14/20,34471869,Beverages
New Hampshire,03/21/20,32655867,Beverages
New Hampshire,03/28/20,34675212,Beverages
New Hampshire,04/04/20,33813831,Beverages
New Hampshire,04/11/20,34207945,Beverages
New Hampshire,04/18/20,34946143,Beverages
New Hampshire,04/25/20,35209099,Beverages
New Hampshire,05/02/20,31833141,Beverages
New Hampshire,05/09/20,32495226,Beverages
New Hampshire,05/16/20,34250985,Beverages
New Hampshire,05/23/20,34700312,Beverages
New Hampshire,05/30/20,33609587,Beverages
New Hampshire,06/06/20,35534396,Beverages
New Hampshire,06/13/20,35203436,Beverages
New Hampshire,06/20/20,35489607,Beverages
New Hampshire,06/27/20,36941719,Beverages
New Hampshire,07/04/20,35330347,Beverages
New Hampshire,07/11/20,34806326,Beverages
New Hampshire,07/18/20,34887515,Beverages
New Hampshire,07/25/20,33302719,Beverages
New Hampshire,08/01/20,34394262,Beverages
New Hampshire,08/08/20,35207280,Beverages
New Hampshire,08/15/20,32336669,Beverages
New Hampshire,08/22/20,32873065,Beverages
New Hampshire,08/29/20,32697800,Beverages
New Hampshire,09/05/20,29370663,Beverages
New Hampshire,09/12/20,28424931,Beverages
New Hampshire,09/19/20,28046682,Beverages
New Hampshire,09/26/20,28872396,Beverages
New Hampshire,10/03/20,29425874,Beverages
New Hampshire,10/10/20,29499932,Beverages
New Hampshire,10/17/20,30651813,Beverages
New Hampshire,10/24/20,29966173,Beverages
New Hampshire,10/31/20,30458295,Beverages
New Hampshire,11/07/20,29077386,Beverages
New Hampshire,11/14/20,28583332,Beverages
New Hampshire,11/21/20,30634432,Beverages
New Hampshire,11/28/20,28940958,Beverages
New Hampshire,12/05/20,27782818,Beverages
New Hampshire,12/12/20,22270974,Beverages
New Hampshire,12/19/20,27559689,Beverages
New Hampshire,12/26/20,29003649,Beverages
New Hampshire,01/02/21,29280488,Beverages
New Hampshire,01/09/21,28356682,Beverages
New Hampshire,01/16/21,33358294,Beverages
New Hampshire,01/23/21,27190880,Beverages
New Hampshire,01/30/21,28355875,Beverages
New Hampshire,02/06/21,27564653,Beverages
New Hampshire,02/13/21,27432145,Beverages
New Hampshire,02/20/21,28271104,Beverages
New Hampshire,02/27/21,29329953,Beverages
New Hampshire,03/06/21,34082420,Beverages
New Hampshire,03/13/21,33876852,Beverages
New Hampshire,03/20/21,35276338,Beverages
New Hampshire,03/27/21,35281793,Beverages
New Hampshire,04/03/21,28276464,Beverages
New Hampshire,04/10/21,33806814,Beverages
New Hampshire,04/17/21,34579953,Beverages
New Hampshire,04/24/21,35226698,Beverages
New Hampshire,05/01/21,33024769,Beverages
New Hampshire,05/08/21,35102015,Beverages
New Hampshire,05/15/21,32462467,Beverages
New Hampshire,05/22/21,32484354,Beverages
New Hampshire,05/29/21,33470145,Beverages
New Hampshire,06/05/21,38159039,Beverages
New Hampshire,06/12/21,35872714,Beverages
New Hampshire,06/19/21,36002661,Beverages
New Hampshire,06/26/21,36810896,Beverages
New Hampshire,07/03/21,36845743,Beverages
New Hampshire,07/10/21,36615892,Beverages
New Hampshire,07/17/21,43989454,Beverages
New Hampshire,07/24/21,35426313,Beverages
New Hampshire,07/31/21,33641747,Beverages
New Hampshire,08/07/21,33564542,Beverages
New Hampshire,08/14/21,36322752,Beverages
New Hampshire,08/21/21,33010814,Beverages
New Hampshire,08/28/21,33325079,Beverages
New Hampshire,09/04/21,30812652,Beverages
New Hampshire,09/11/21,30158240,Beverages
New Hampshire,09/18/21,30017872,Beverages
New Hampshire,09/25/21,30901692,Beverages
New Hampshire,10/02/21,29854806,Beverages
New Hampshire,10/09/21,34905500,Beverages
New Hampshire,10/16/21,28493527,Beverages
New Hampshire,10/23/21,31143263,Beverages
New Hampshire,10/30/21,31108026,Beverages
New Hampshire,11/06/21,28942246,Beverages
New Hampshire,11/13/21,29930437,Beverages
New Hampshire,11/20/21,30832636,Beverages
New Hampshire,11/27/21,29450149,Beverages
New Hampshire,12/04/21,28226391,Beverages
New Hampshire,12/11/21,27191060,Beverages
New Hampshire,12/18/21,27501554,Beverages
New Hampshire,12/25/21,28780676,Beverages
New Hampshire,01/01/22,28497369,Beverages
New Hampshire,01/08/22,27070374,Beverages
New Hampshire,01/15/22,28336871,Beverages
New Hampshire,01/22/22,28542044,Beverages
New Hampshire,01/29/22,29209662,Beverages
New Hampshire,02/05/22,30330833,Beverages
New Hampshire,02/12/22,33336042,Beverages
New Hampshire,02/19/22,30543057,Beverages
New Hampshire,02/26/22,29900428,Beverages
New Hampshire,03/05/22,32762687,Beverages
New Hampshire,03/12/22,35864724,Beverages
New Hampshire,03/19/22,35179240,Beverages
New Hampshire,03/26/22,36038205,Beverages
New Hampshire,04/02/22,34912461,Beverages
New Hampshire,04/09/22,36156244,Beverages
New Hampshire,04/16/22,33712269,Beverages
New Hampshire,04/23/22,35530256,Beverages
New Hampshire,04/30/22,40341971,Beverages
New Hampshire,05/07/22,34941511,Beverages
New Hampshire,05/14/22,35657479,Beverages
New Hampshire,05/21/22,34086983,Beverages
New Hampshire,05/28/22,32819549,Beverages
New Hampshire,06/04/22,35963053,Beverages
New Hampshire,06/11/22,38464456,Beverages
New Hampshire,06/18/22,37570206,Beverages
New Hampshire,06/25/22,36924441,Beverages
New Hampshire,07/02/22,36147571,Beverages
New Hampshire,07/09/22,37472825,Beverages
New Hampshire,07/16/22,37339857,Beverages
New Hampshire,07/23/22,37455365,Beverages
New Hampshire,07/30/22,34046470,Beverages
New Hampshire,08/06/22,34024955,Beverages
New Hampshire,08/13/22,35640570,Beverages
New Hampshire,08/20/22,34183632,Beverages
New Hampshire,08/27/22,33229832,Beverages
New Hampshire,09/03/22,30920723,Beverages
New Hampshire,09/10/22,25444472,Beverages
New Hampshire,09/17/22,29888334,Beverages
New Hampshire,09/24/22,29290918,Beverages
New Hampshire,10/01/22,29090211,Beverages
New Hampshire,10/08/22,31174984,Beverages
New Hampshire,10/15/22,29818652,Beverages
New Hampshire,10/22/22,30905105,Beverages
New Hampshire,10/29/22,29317953,Beverages
New Hampshire,11/05/22,30789450,Beverages
New Hampshire,11/12/22,30062428,Beverages
New Hampshire,11/19/22,29850460,Beverages
New Hampshire,11/26/22,30898198,Beverages
New Hampshire,12/03/22,27002290,Beverages
New Hampshire,12/10/22,26791391,Beverages
New Hampshire,12/17/22,28246034,Beverages
New Hampshire,12/24/22,27512083,Beverages
New Hampshire,12/31/22,28948564,Beverages
New Mexico,01/12/19,27571269,Beverages
New Mexico,01/19/19,32404192,Beverages
New Mexico,01/26/19,30451705,Beverages
New Mexico,02/02/19,31033460,Beverages
New Mexico,02/09/19,30765783,Beverages
New Mexico,02/16/19,32263301,Beverages
New Mexico,02/23/19,31321596,Beverages
New Mexico,03/02/19,36722127,Beverages
New Mexico,03/09/19,38740233,Beverages
New Mexico,03/16/19,39022730,Beverages
New Mexico,03/23/19,37649421,Beverages
New Mexico,03/30/19,40007307,Beverages
New Mexico,04/06/19,37911974,Beverages
New Mexico,04/13/19,39894609,Beverages
New Mexico,04/20/19,39686850,Beverages
New Mexico,04/27/19,38171936,Beverages
New Mexico,05/04/19,38058137,Beverages
New Mexico,05/11/19,37980221,Beverages
New Mexico,05/18/19,36955083,Beverages
New Mexico,05/25/19,37461317,Beverages
New Mexico,06/01/19,40921678,Beverages
New Mexico,06/08/19,42237321,Beverages
New Mexico,06/15/19,34639393,Beverages
New Mexico,06/22/19,40118728,Beverages
New Mexico,06/29/19,40210367,Beverages
New Mexico,07/06/19,40062404,Beverages
New Mexico,07/13/19,39811584,Beverages
New Mexico,07/20/19,38290572,Beverages
New Mexico,07/27/19,40361281,Beverages
New Mexico,08/03/19,39627035,Beverages
New Mexico,08/10/19,39649634,Beverages
New Mexico,08/17/19,38355419,Beverages
New Mexico,08/24/19,39192560,Beverages
New Mexico,08/31/19,39881781,Beverages
New Mexico,09/07/19,32331137,Beverages
New Mexico,09/14/19,33814337,Beverages
New Mexico,09/21/19,31744824,Beverages
New Mexico,09/28/19,32436427,Beverages
New Mexico,10/05/19,34095020,Beverages
New Mexico,10/12/19,32419568,Beverages
New Mexico,10/19/19,33561065,Beverages
New Mexico,10/26/19,32932987,Beverages
New Mexico,11/02/19,32558604,Beverages
New Mexico,11/09/19,34823033,Beverages
New Mexico,11/16/19,32402661,Beverages
New Mexico,11/23/19,35810161,Beverages
New Mexico,11/30/19,33063820,Beverages
New Mexico,12/07/19,32385051,Beverages
New Mexico,12/14/19,31695619,Beverages
New Mexico,12/21/19,31641133,Beverages
New Mexico,12/28/19,32276664,Beverages
New Mexico,01/04/20,33393308,Beverages
New Mexico,01/11/20,30560829,Beverages
New Mexico,01/18/20,32966896,Beverages
New Mexico,01/25/20,31488121,Beverages
New Mexico,02/01/20,32697368,Beverages
New Mexico,02/08/20,33999564,Beverages
New Mexico,02/15/20,33948912,Beverages
New Mexico,02/22/20,33992786,Beverages
New Mexico,02/29/20,34298074,Beverages
New Mexico,03/07/20,39012753,Beverages
New Mexico,03/14/20,38816176,Beverages
New Mexico,03/21/20,38053846,Beverages
New Mexico,03/28/20,37662131,Beverages
New Mexico,04/04/20,49046919,Beverages
New Mexico,04/11/20,38263853,Beverages
New Mexico,04/18/20,40039599,Beverages
New Mexico,04/25/20,39464139,Beverages
New Mexico,05/02/20,40240878,Beverages
New Mexico,05/09/20,37478809,Beverages
New Mexico,05/16/20,37685626,Beverages
New Mexico,05/23/20,39089000,Beverages
New Mexico,05/30/20,36522863,Beverages
New Mexico,06/06/20,43254160,Beverages
New Mexico,06/13/20,40705389,Beverages
New Mexico,06/20/20,41509366,Beverages
New Mexico,06/27/20,41710950,Beverages
New Mexico,07/04/20,38720533,Beverages
New Mexico,07/11/20,38529693,Beverages
New Mexico,07/18/20,41332646,Beverages
New Mexico,07/25/20,41897299,Beverages
New Mexico,08/01/20,40701745,Beverages
New Mexico,08/08/20,41473080,Beverages
New Mexico,08/15/20,38044352,Beverages
New Mexico,08/22/20,39883838,Beverages
New Mexico,08/29/20,39725180,Beverages
New Mexico,09/05/20,34190551,Beverages
New Mexico,09/12/20,34961825,Beverages
New Mexico,09/19/20,33995061,Beverages
New Mexico,09/26/20,32999346,Beverages
New Mexico,10/03/20,34901101,Beverages
New Mexico,10/10/20,33465181,Beverages
New Mexico,10/17/20,29505148,Beverages
New Mexico,10/24/20,33183487,Beverages
New Mexico,10/31/20,33553710,Beverages
New Mexico,11/07/20,33596540,Beverages
New Mexico,11/14/20,32969185,Beverages
New Mexico,11/21/20,34800670,Beverages
New Mexico,11/28/20,33918997,Beverages
New Mexico,12/05/20,30604565,Beverages
New Mexico,12/12/20,30991194,Beverages
New Mexico,12/19/20,30468010,Beverages
New Mexico,12/26/20,31348921,Beverages
New Mexico,01/02/21,31515671,Beverages
New Mexico,01/09/21,33596615,Beverages
New Mexico,01/16/21,32851128,Beverages
New Mexico,01/23/21,33421360,Beverages
New Mexico,01/30/21,33916154,Beverages
New Mexico,02/06/21,32872753,Beverages
New Mexico,02/13/21,34505447,Beverages
New Mexico,02/20/21,33676865,Beverages
New Mexico,02/27/21,34274554,Beverages
New Mexico,03/06/21,39055965,Beverages
New Mexico,03/13/21,41102129,Beverages
New Mexico,03/20/21,39447033,Beverages
New Mexico,03/27/21,40296418,Beverages
New Mexico,04/03/21,40843558,Beverages
New Mexico,04/10/21,37877912,Beverages
New Mexico,04/17/21,39053594,Beverages
New Mexico,04/24/21,40011616,Beverages
New Mexico,05/01/21,40928710,Beverages
New Mexico,05/08/21,48886662,Beverages
New Mexico,05/15/21,38961041,Beverages
New Mexico,05/22/21,38383179,Beverages
New Mexico,05/29/21,37386807,Beverages
New Mexico,06/05/21,42575622,Beverages
New Mexico,06/12/21,40573333,Beverages
New Mexico,06/19/21,42457226,Beverages
New Mexico,06/26/21,40594851,Beverages
New Mexico,07/03/21,39561769,Beverages
New Mexico,07/10/21,41840800,Beverages
New Mexico,07/17/21,48390828,Beverages
New Mexico,07/24/21,39221952,Beverages
New Mexico,07/31/21,42002041,Beverages
New Mexico,08/07/21,41864221,Beverages
New Mexico,08/14/21,40708200,Beverages
New Mexico,08/21/21,38161604,Beverages
New Mexico,08/28/21,39832461,Beverages
New Mexico,09/04/21,34524375,Beverages
New Mexico,09/11/21,33305118,Beverages
New Mexico,09/18/21,33207103,Beverages
New Mexico,09/25/21,35974846,Beverages
New Mexico,10/02/21,33554026,Beverages
New Mexico,10/09/21,34747878,Beverages
New Mexico,10/16/21,35429015,Beverages
New Mexico,10/23/21,33586564,Beverages
New Mexico,10/30/21,36106947,Beverages
New Mexico,11/06/21,35401171,Beverages
New Mexico,11/13/21,34574061,Beverages
New Mexico,11/20/21,33928496,Beverages
New Mexico,11/27/21,35560852,Beverages
New Mexico,12/04/21,32757126,Beverages
New Mexico,12/11/21,31485101,Beverages
New Mexico,12/18/21,30969073,Beverages
New Mexico,12/25/21,31323402,Beverages
New Mexico,01/01/22,33118992,Beverages
New Mexico,01/08/22,34202299,Beverages
New Mexico,01/15/22,32361233,Beverages
New Mexico,01/22/22,33116005,Beverages
New Mexico,01/29/22,34099814,Beverages
New Mexico,02/05/22,34816993,Beverages
New Mexico,02/12/22,33006075,Beverages
New Mexico,02/19/22,33584733,Beverages
New Mexico,02/26/22,33993040,Beverages
New Mexico,03/05/22,40797242,Beverages
New Mexico,03/12/22,41329478,Beverages
New Mexico,03/19/22,41329457,Beverages
New Mexico,03/26/22,39126345,Beverages
New Mexico,04/02/22,38221088,Beverages
New Mexico,04/09/22,40164613,Beverages
New Mexico,04/16/22,42015229,Beverages
New Mexico,04/23/22,38700963,Beverages
New Mexico,04/30/22,39668202,Beverages
New Mexico,05/07/22,41053465,Beverages
New Mexico,05/14/22,40018362,Beverages
New Mexico,05/21/22,40790093,Beverages
New Mexico,05/28/22,40250986,Beverages
New Mexico,06/04/22,42073958,Beverages
New Mexico,06/11/22,42682159,Beverages
New Mexico,06/18/22,41450022,Beverages
New Mexico,06/25/22,43407452,Beverages
New Mexico,07/02/22,40133161,Beverages
New Mexico,07/09/22,39737222,Beverages
New Mexico,07/16/22,42076786,Beverages
New Mexico,07/23/22,48321664,Beverages
New Mexico,07/30/22,41506689,Beverages
New Mexico,08/06/22,40086749,Beverages
New Mexico,08/13/22,41706079,Beverages
New Mexico,08/20/22,40942370,Beverages
New Mexico,08/27/22,39235598,Beverages
New Mexico,09/03/22,35124596,Beverages
New Mexico,09/10/22,35863076,Beverages
New Mexico,09/17/22,36206895,Beverages
New Mexico,09/24/22,33337163,Beverages
New Mexico,10/01/22,35914305,Beverages
New Mexico,10/08/22,35556307,Beverages
New Mexico,10/15/22,34320633,Beverages
New Mexico,10/22/22,35191489,Beverages
New Mexico,10/29/22,34120966,Beverages
New Mexico,11/05/22,35563101,Beverages
New Mexico,11/12/22,33909315,Beverages
New Mexico,11/19/22,36687444,Beverages
New Mexico,11/26/22,35516590,Beverages
New Mexico,12/03/22,40209487,Beverages
New Mexico,12/10/22,33352369,Beverages
New Mexico,12/17/22,31252245,Beverages
New Mexico,12/24/22,32678763,Beverages
New Mexico,12/31/22,31767821,Beverages
New York,01/12/19,218867385,Beverages
New York,01/19/19,223122029,Beverages
New York,01/26/19,227828537,Beverages
New York,02/02/19,221062965,Beverages
New York,02/09/19,232370238,Beverages
New York,02/16/19,217497459,Beverages
New York,02/23/19,223825151,Beverages
New York,03/02/19,266790058,Beverages
New York,03/09/19,265550356,Beverages
New York,03/16/19,275343806,Beverages
New York,03/23/19,278716814,Beverages
New York,03/30/19,278546336,Beverages
New York,04/06/19,220287800,Beverages
New York,04/13/19,266786074,Beverages
New York,04/20/19,262871853,Beverages
New York,04/27/19,258604299,Beverages
New York,05/04/19,263413999,Beverages
New York,05/11/19,256353169,Beverages
New York,05/18/19,261263720,Beverages
New York,05/25/19,270775016,Beverages
New York,06/01/19,275993325,Beverages
New York,06/08/19,353685527,Beverages
New York,06/15/19,282869526,Beverages
New York,06/22/19,268536279,Beverages
New York,06/29/19,287295012,Beverages
New York,07/06/19,284927044,Beverages
New York,07/13/19,273171210,Beverages
New York,07/20/19,284007819,Beverages
New York,07/27/19,273989165,Beverages
New York,08/03/19,260227166,Beverages
New York,08/10/19,261800120,Beverages
New York,08/17/19,273295115,Beverages
New York,08/24/19,265413639,Beverages
New York,08/31/19,271170675,Beverages
New York,09/07/19,237564565,Beverages
New York,09/14/19,232283621,Beverages
New York,09/21/19,222915781,Beverages
New York,09/28/19,228662376,Beverages
New York,10/05/19,241298503,Beverages
New York,10/12/19,223233865,Beverages
New York,10/19/19,228899972,Beverages
New York,10/26/19,235548393,Beverages
New York,11/02/19,244507282,Beverages
New York,11/09/19,242613663,Beverages
New York,11/16/19,228908631,Beverages
New York,11/23/19,238317985,Beverages
New York,11/30/19,231664444,Beverages
New York,12/07/19,212843281,Beverages
New York,12/14/19,215888337,Beverages
New York,12/21/19,223951995,Beverages
New York,12/28/19,221439782,Beverages
New York,01/04/20,220698866,Beverages
New York,01/11/20,216260340,Beverages
New York,01/18/20,232715265,Beverages
New York,01/25/20,236318557,Beverages
New York,02/01/20,236313602,Beverages
New York,02/08/20,235373877,Beverages
New York,02/15/20,225853573,Beverages
New York,02/22/20,227870022,Beverages
New York,02/29/20,228940699,Beverages
New York,03/07/20,228194375,Beverages
New York,03/14/20,270133250,Beverages
New York,03/21/20,268064647,Beverages
New York,03/28/20,263809959,Beverages
New York,04/04/20,267967531,Beverages
New York,04/11/20,263523101,Beverages
New York,04/18/20,258214205,Beverages
New York,04/25/20,275844117,Beverages
New York,05/02/20,273935074,Beverages
New York,05/09/20,279598792,Beverages
New York,05/16/20,253585274,Beverages
New York,05/23/20,255891804,Beverages
New York,05/30/20,253646795,Beverages
New York,06/06/20,279900332,Beverages
New York,06/13/20,280754085,Beverages
New York,06/20/20,271501551,Beverages
New York,06/27/20,275215850,Beverages
New York,07/04/20,292033387,Beverages
New York,07/11/20,266699411,Beverages
New York,07/18/20,268025293,Beverages
New York,07/25/20,223997638,Beverages
New York,08/01/20,288632043,Beverages
New York,08/08/20,276533953,Beverages
New York,08/15/20,273994732,Beverages
New York,08/22/20,261537057,Beverages
New York,08/29/20,265396284,Beverages
New York,09/05/20,241416962,Beverages
New York,09/12/20,224012846,Beverages
New York,09/19/20,273029098,Beverages
New York,09/26/20,245197610,Beverages
New York,10/03/20,225291266,Beverages
New York,10/10/20,229679979,Beverages
New York,10/17/20,227767494,Beverages
New York,10/24/20,236905769,Beverages
New York,10/31/20,286103907,Beverages
New York,11/07/20,244264781,Beverages
New York,11/14/20,236028983,Beverages
New York,11/21/20,247164151,Beverages
New York,11/28/20,235211623,Beverages
New York,12/05/20,211643886,Beverages
New York,12/12/20,214346541,Beverages
New York,12/19/20,220629633,Beverages
New York,12/26/20,231525390,Beverages
New York,01/02/21,268103734,Beverages
New York,01/09/21,229581341,Beverages
New York,01/16/21,231045656,Beverages
New York,01/23/21,198101190,Beverages
New York,01/30/21,234342105,Beverages
New York,02/06/21,199458958,Beverages
New York,02/13/21,241973273,Beverages
New York,02/20/21,226231119,Beverages
New York,02/27/21,236272440,Beverages
New York,03/06/21,284801564,Beverages
New York,03/13/21,286959927,Beverages
New York,03/20/21,239090764,Beverages
New York,03/27/21,226411691,Beverages
New York,04/03/21,282788629,Beverages
New York,04/10/21,272786730,Beverages
New York,04/17/21,269005200,Beverages
New York,04/24/21,268767828,Beverages
New York,05/01/21,277816800,Beverages
New York,05/08/21,265155196,Beverages
New York,05/15/21,281402417,Beverages
New York,05/22/21,268703058,Beverages
New York,05/29/21,274921795,Beverages
New York,06/05/21,284670374,Beverages
New York,06/12/21,242131392,Beverages
New York,06/19/21,278808871,Beverages
New York,06/26/21,298636207,Beverages
New York,07/03/21,299948761,Beverages
New York,07/10/21,273840881,Beverages
New York,07/17/21,280340183,Beverages
New York,07/24/21,285094119,Beverages
New York,07/31/21,288113411,Beverages
New York,08/07/21,288784502,Beverages
New York,08/14/21,280333837,Beverages
New York,08/21/21,282579924,Beverages
New York,08/28/21,274096466,Beverages
New York,09/04/21,228671200,Beverages
New York,09/11/21,229893118,Beverages
New York,09/18/21,202747071,Beverages
New York,09/25/21,230650518,Beverages
New York,10/02/21,249320154,Beverages
New York,10/09/21,227814498,Beverages
New York,10/16/21,239809999,Beverages
New York,10/23/21,228247333,Beverages
New York,10/30/21,237405257,Beverages
New York,11/06/21,229587193,Beverages
New York,11/13/21,248927327,Beverages
New York,11/20/21,244053084,Beverages
New York,11/27/21,235124428,Beverages
New York,12/04/21,224785799,Beverages
New York,12/11/21,226935532,Beverages
New York,12/18/21,231580841,Beverages
New York,12/25/21,223856593,Beverages
New York,01/01/22,217472231,Beverages
New York,01/08/22,228097602,Beverages
New York,01/15/22,227225501,Beverages
New York,01/22/22,221773850,Beverages
New York,01/29/22,230374479,Beverages
New York,02/05/22,226094963,Beverages
New York,02/12/22,237734516,Beverages
New York,02/19/22,234697918,Beverages
New York,02/26/22,248059369,Beverages
New York,03/05/22,283299185,Beverages
New York,03/12/22,270276918,Beverages
New York,03/19/22,275190589,Beverages
New York,03/26/22,266547694,Beverages
New York,04/02/22,279919655,Beverages
New York,04/09/22,270289274,Beverages
New York,04/16/22,285250952,Beverages
New York,04/23/22,270357676,Beverages
New York,04/30/22,270413971,Beverages
New York,05/07/22,281668553,Beverages
New York,05/14/22,274977089,Beverages
New York,05/21/22,269014135,Beverages
New York,05/28/22,263184134,Beverages
New York,06/04/22,306786766,Beverages
New York,06/11/22,297451230,Beverages
New York,06/18/22,294567418,Beverages
New York,06/25/22,283119156,Beverages
New York,07/02/22,303910156,Beverages
New York,07/09/22,280449512,Beverages
New York,07/16/22,296908679,Beverages
New York,07/23/22,279416147,Beverages
New York,07/30/22,285952802,Beverages
New York,08/06/22,271643190,Beverages
New York,08/13/22,281214449,Beverages
New York,08/20/22,343256008,Beverages
New York,08/27/22,287023550,Beverages
New York,09/03/22,250887785,Beverages
New York,09/10/22,244071459,Beverages
New York,09/17/22,250607221,Beverages
New York,09/24/22,234570355,Beverages
New York,10/01/22,239960393,Beverages
New York,10/08/22,251512149,Beverages
New York,10/15/22,276719369,Beverages
New York,10/22/22,236362232,Beverages
New York,10/29/22,254636559,Beverages
New York,11/05/22,255127725,Beverages
New York,11/12/22,241538560,Beverages
New York,11/19/22,258195768,Beverages
New York,11/26/22,241679994,Beverages
New York,12/03/22,184520907,Beverages
New York,12/10/22,233505689,Beverages
New York,12/17/22,231393820,Beverages
New York,12/24/22,236284312,Beverages
New York,12/31/22,230218889,Beverages
North Carolina,01/12/19,163644784,Beverages
North Carolina,01/19/19,161483137,Beverages
North Carolina,01/26/19,169309627,Beverages
North Carolina,02/02/19,163756215,Beverages
North Carolina,02/09/19,177324267,Beverages
North Carolina,02/16/19,173365128,Beverages
North Carolina,02/23/19,170268107,Beverages
North Carolina,03/02/19,205079800,Beverages
North Carolina,03/09/19,202264604,Beverages
North Carolina,03/16/19,203130025,Beverages
North Carolina,03/23/19,198657071,Beverages
North Carolina,03/30/19,166513600,Beverages
North Carolina,04/06/19,203096403,Beverages
North Carolina,04/13/19,207578945,Beverages
North Carolina,04/20/19,205020862,Beverages
North Carolina,04/27/19,202735459,Beverages
North Carolina,05/04/19,205365077,Beverages
North Carolina,05/11/19,199954179,Beverages
North Carolina,05/18/19,200585455,Beverages
North Carolina,05/25/19,198896749,Beverages
North Carolina,06/01/19,209811299,Beverages
North Carolina,06/08/19,206986590,Beverages
North Carolina,06/15/19,217304623,Beverages
North Carolina,06/22/19,203694015,Beverages
North Carolina,06/29/19,219107887,Beverages
North Carolina,07/06/19,209224578,Beverages
North Carolina,07/13/19,209192948,Beverages
North Carolina,07/20/19,183359214,Beverages
North Carolina,07/27/19,252793790,Beverages
North Carolina,08/03/19,196641597,Beverages
North Carolina,08/10/19,194964526,Beverages
North Carolina,08/17/19,202956223,Beverages
North Carolina,08/24/19,207116747,Beverages
North Carolina,08/31/19,235276934,Beverages
North Carolina,09/07/19,179529019,Beverages
North Carolina,09/14/19,183042430,Beverages
North Carolina,09/21/19,170794169,Beverages
North Carolina,09/28/19,179893263,Beverages
North Carolina,10/05/19,178617821,Beverages
North Carolina,10/12/19,179167328,Beverages
North Carolina,10/19/19,152632748,Beverages
North Carolina,10/26/19,181139044,Beverages
North Carolina,11/02/19,181689999,Beverages
North Carolina,11/09/19,178393514,Beverages
North Carolina,11/16/19,171965853,Beverages
North Carolina,11/23/19,178552974,Beverages
North Carolina,11/30/19,176002376,Beverages
North Carolina,12/07/19,156980962,Beverages
North Carolina,12/14/19,160640069,Beverages
North Carolina,12/21/19,157955824,Beverages
North Carolina,12/28/19,161836437,Beverages
North Carolina,01/04/20,164188182,Beverages
North Carolina,01/11/20,169439117,Beverages
North Carolina,01/18/20,177472282,Beverages
North Carolina,01/25/20,169576362,Beverages
North Carolina,02/01/20,163101248,Beverages
North Carolina,02/08/20,176479072,Beverages
North Carolina,02/15/20,165454552,Beverages
North Carolina,02/22/20,172708610,Beverages
North Carolina,02/29/20,172213389,Beverages
North Carolina,03/07/20,203271152,Beverages
North Carolina,03/14/20,196221424,Beverages
North Carolina,03/21/20,208414262,Beverages
North Carolina,03/28/20,209484029,Beverages
North Carolina,04/04/20,198764899,Beverages
North Carolina,04/11/20,213883940,Beverages
North Carolina,04/18/20,194239226,Beverages
North Carolina,04/25/20,213843574,Beverages
North Carolina,05/02/20,194020470,Beverages
North Carolina,05/09/20,212084653,Beverages
North Carolina,05/16/20,199982181,Beverages
North Carolina,05/23/20,191367185,Beverages
North Carolina,05/30/20,200364949,Beverages
North Carolina,06/06/20,225764910,Beverages
North Carolina,06/13/20,215071889,Beverages
North Carolina,06/20/20,222324601,Beverages
North Carolina,06/27/20,223623081,Beverages
North Carolina,07/04/20,204852028,Beverages
North Carolina,07/11/20,209054539,Beverages
North Carolina,07/18/20,200867266,Beverages
North Carolina,07/25/20,212513972,Beverages
North Carolina,08/01/20,216882369,Beverages
North Carolina,08/08/20,205678562,Beverages
North Carolina,08/15/20,211687731,Beverages
North Carolina,08/22/20,214999618,Beverages
North Carolina,08/29/20,204234376,Beverages
North Carolina,09/05/20,180990443,Beverages
North Carolina,09/12/20,182931331,Beverages
North Carolina,09/19/20,170873651,Beverages
North Carolina,09/26/20,170285641,Beverages
North Carolina,10/03/20,171520049,Beverages
North Carolina,10/10/20,169394558,Beverages
North Carolina,10/17/20,184001966,Beverages
North Carolina,10/24/20,183229924,Beverages
North Carolina,10/31/20,174902729,Beverages
North Carolina,11/07/20,174529275,Beverages
North Carolina,11/14/20,172981549,Beverages
North Carolina,11/21/20,174322522,Beverages
North Carolina,11/28/20,228606221,Beverages
North Carolina,12/05/20,162967473,Beverages
North Carolina,12/12/20,159508773,Beverages
North Carolina,12/19/20,167632621,Beverages
North Carolina,12/26/20,174735968,Beverages
North Carolina,01/02/21,177543471,Beverages
North Carolina,01/09/21,177538242,Beverages
North Carolina,01/16/21,172815770,Beverages
North Carolina,01/23/21,148384688,Beverages
North Carolina,01/30/21,167900675,Beverages
North Carolina,02/06/21,175228226,Beverages
North Carolina,02/13/21,171833596,Beverages
North Carolina,02/20/21,176274081,Beverages
North Carolina,02/27/21,179605528,Beverages
North Carolina,03/06/21,213295743,Beverages
North Carolina,03/13/21,197896013,Beverages
North Carolina,03/20/21,200899445,Beverages
North Carolina,03/27/21,212601083,Beverages
North Carolina,04/03/21,203641322,Beverages
North Carolina,04/10/21,210257094,Beverages
North Carolina,04/17/21,213012697,Beverages
North Carolina,04/24/21,197091955,Beverages
North Carolina,05/01/21,201809400,Beverages
North Carolina,05/08/21,214783854,Beverages
North Carolina,05/15/21,169189623,Beverages
North Carolina,05/22/21,195484288,Beverages
North Carolina,05/29/21,198815296,Beverages
North Carolina,06/05/21,226035050,Beverages
North Carolina,06/12/21,219868711,Beverages
North Carolina,06/19/21,217807742,Beverages
North Carolina,06/26/21,227827421,Beverages
North Carolina,07/03/21,215833688,Beverages
North Carolina,07/10/21,225819699,Beverages
North Carolina,07/17/21,213725711,Beverages
North Carolina,07/24/21,216163102,Beverages
North Carolina,07/31/21,215394828,Beverages
North Carolina,08/07/21,211828115,Beverages
North Carolina,08/14/21,218559413,Beverages
North Carolina,08/21/21,205136853,Beverages
North Carolina,08/28/21,216832120,Beverages
North Carolina,09/04/21,179862619,Beverages
North Carolina,09/11/21,185727194,Beverages
North Carolina,09/18/21,177808818,Beverages
North Carolina,09/25/21,186690931,Beverages
North Carolina,10/02/21,184248513,Beverages
North Carolina,10/09/21,187688097,Beverages
North Carolina,10/16/21,226645672,Beverages
North Carolina,10/23/21,187048369,Beverages
North Carolina,10/30/21,173145955,Beverages
North Carolina,11/06/21,183087865,Beverages
North Carolina,11/13/21,178451536,Beverages
North Carolina,11/20/21,178504864,Beverages
North Carolina,11/27/21,187351512,Beverages
North Carolina,12/04/21,167826305,Beverages
North Carolina,12/11/21,172691950,Beverages
North Carolina,12/18/21,164996835,Beverages
North Carolina,12/25/21,203134612,Beverages
North Carolina,01/01/22,176875235,Beverages
North Carolina,01/08/22,168427942,Beverages
North Carolina,01/15/22,218013427,Beverages
North Carolina,01/22/22,169779488,Beverages
North Carolina,01/29/22,213172985,Beverages
North Carolina,02/05/22,180214682,Beverages
North Carolina,02/12/22,174192529,Beverages
North Carolina,02/19/22,218779560,Beverages
North Carolina,02/26/22,175434085,Beverages
North Carolina,03/05/22,205389628,Beverages
North Carolina,03/12/22,206749857,Beverages
North Carolina,03/19/22,200666202,Beverages
North Carolina,03/26/22,213699807,Beverages
North Carolina,04/02/22,206465517,Beverages
North Carolina,04/09/22,221036626,Beverages
North Carolina,04/16/22,216967488,Beverages
North Carolina,04/23/22,206032644,Beverages
North Carolina,04/30/22,202353657,Beverages
North Carolina,05/07/22,214123521,Beverages
North Carolina,05/14/22,200888944,Beverages
North Carolina,05/21/22,213447089,Beverages
North Carolina,05/28/22,196821963,Beverages
North Carolina,06/04/22,214675003,Beverages
North Carolina,06/11/22,227411306,Beverages
North Carolina,06/18/22,229097513,Beverages
North Carolina,06/25/22,229153082,Beverages
North Carolina,07/02/22,224807901,Beverages
North Carolina,07/09/22,215857673,Beverages
North Carolina,07/16/22,217315968,Beverages
North Carolina,07/23/22,218866214,Beverages
North Carolina,07/30/22,224744631,Beverages
North Carolina,08/06/22,214883068,Beverages
North Carolina,08/13/22,220103376,Beverages
North Carolina,08/20/22,204607659,Beverages
North Carolina,08/27/22,219287265,Beverages
North Carolina,09/03/22,187945948,Beverages
North Carolina,09/10/22,191909138,Beverages
North Carolina,09/17/22,158024336,Beverages
North Carolina,09/24/22,175813796,Beverages
North Carolina,10/01/22,187512251,Beverages
North Carolina,10/08/22,187965623,Beverages
North Carolina,10/15/22,188035574,Beverages
North Carolina,10/22/22,178993485,Beverages
North Carolina,10/29/22,182742300,Beverages
North Carolina,11/05/22,182092005,Beverages
North Carolina,11/12/22,193680881,Beverages
North Carolina,11/19/22,192079828,Beverages
North Carolina,11/26/22,195313467,Beverages
North Carolina,12/03/22,173825899,Beverages
North Carolina,12/10/22,166037518,Beverages
North Carolina,12/17/22,170451356,Beverages
North Carolina,12/24/22,174627007,Beverages
North Carolina,12/31/22,170120927,Beverages
Ohio,01/12/19,169032583,Beverages
Ohio,01/19/19,186889605,Beverages
Ohio,01/26/19,170414704,Beverages
Ohio,02/02/19,182881357,Beverages
Ohio,02/09/19,186229383,Beverages
Ohio,02/16/19,186612238,Beverages
Ohio,02/23/19,179290016,Beverages
Ohio,03/02/19,206109306,Beverages
Ohio,03/09/19,222379520,Beverages
Ohio,03/16/19,221931672,Beverages
Ohio,03/23/19,208305295,Beverages
Ohio,03/30/19,215192888,Beverages
Ohio,04/06/19,206871460,Beverages
Ohio,04/13/19,205709216,Beverages
Ohio,04/20/19,212779356,Beverages
Ohio,04/27/19,223249648,Beverages
Ohio,05/04/19,219064725,Beverages
Ohio,05/11/19,217199345,Beverages
Ohio,05/18/19,221410301,Beverages
Ohio,05/25/19,218120337,Beverages
Ohio,06/01/19,220936023,Beverages
Ohio,06/08/19,217693406,Beverages
Ohio,06/15/19,220736458,Beverages
Ohio,06/22/19,237317727,Beverages
Ohio,06/29/19,232317653,Beverages
Ohio,07/06/19,223782522,Beverages
Ohio,07/13/19,231282447,Beverages
Ohio,07/20/19,216856169,Beverages
Ohio,07/27/19,214109098,Beverages
Ohio,08/03/19,218740571,Beverages
Ohio,08/10/19,226713543,Beverages
Ohio,08/17/19,206701866,Beverages
Ohio,08/24/19,209349355,Beverages
Ohio,08/31/19,205505625,Beverages
Ohio,09/07/19,196275911,Beverages
Ohio,09/14/19,185454346,Beverages
Ohio,09/21/19,194283711,Beverages
Ohio,09/28/19,181804367,Beverages
Ohio,10/05/19,189201808,Beverages
Ohio,10/12/19,161766424,Beverages
Ohio,10/19/19,183046656,Beverages
Ohio,10/26/19,194596172,Beverages
Ohio,11/02/19,194936549,Beverages
Ohio,11/09/19,195613365,Beverages
Ohio,11/16/19,185117159,Beverages
Ohio,11/23/19,200721235,Beverages
Ohio,11/30/19,193899585,Beverages
Ohio,12/07/19,172803002,Beverages
Ohio,12/14/19,167786722,Beverages
Ohio,12/21/19,183276996,Beverages
Ohio,12/28/19,173087491,Beverages
Ohio,01/04/20,186570668,Beverages
Ohio,01/11/20,183163871,Beverages
Ohio,01/18/20,186237884,Beverages
Ohio,01/25/20,179092266,Beverages
Ohio,02/01/20,182645283,Beverages
Ohio,02/08/20,182970092,Beverages
Ohio,02/15/20,193724134,Beverages
Ohio,02/22/20,185518178,Beverages
Ohio,02/29/20,183175640,Beverages
Ohio,03/07/20,227180301,Beverages
Ohio,03/14/20,217915061,Beverages
Ohio,03/21/20,207312392,Beverages
Ohio,03/28/20,215255722,Beverages
Ohio,04/04/20,211152914,Beverages
Ohio,04/11/20,224730492,Beverages
Ohio,04/18/20,227280654,Beverages
Ohio,04/25/20,221871638,Beverages
Ohio,05/02/20,223336204,Beverages
Ohio,05/09/20,213178796,Beverages
Ohio,05/16/20,209876770,Beverages
Ohio,05/23/20,224213852,Beverages
Ohio,05/30/20,204626948,Beverages
Ohio,06/06/20,238956297,Beverages
Ohio,06/13/20,224756175,Beverages
Ohio,06/20/20,233175486,Beverages
Ohio,06/27/20,234089472,Beverages
Ohio,07/04/20,226119786,Beverages
Ohio,07/11/20,216270625,Beverages
Ohio,07/18/20,220203861,Beverages
Ohio,07/25/20,213252631,Beverages
Ohio,08/01/20,230465327,Beverages
Ohio,08/08/20,226013358,Beverages
Ohio,08/15/20,219607837,Beverages
Ohio,08/22/20,220154110,Beverages
Ohio,08/29/20,215405711,Beverages
Ohio,09/05/20,186481701,Beverages
Ohio,09/12/20,186571623,Beverages
Ohio,09/19/20,154378050,Beverages
Ohio,09/26/20,221987604,Beverages
Ohio,10/03/20,183685849,Beverages
Ohio,10/10/20,195724262,Beverages
Ohio,10/17/20,194547250,Beverages
Ohio,10/24/20,181989583,Beverages
Ohio,10/31/20,184378684,Beverages
Ohio,11/07/20,193686722,Beverages
Ohio,11/14/20,193125099,Beverages
Ohio,11/21/20,184957352,Beverages
Ohio,11/28/20,199988191,Beverages
Ohio,12/05/20,172291219,Beverages
Ohio,12/12/20,184359866,Beverages
Ohio,12/19/20,179528170,Beverages
Ohio,12/26/20,176929621,Beverages
Ohio,01/02/21,186944275,Beverages
Ohio,01/09/21,177096824,Beverages
Ohio,01/16/21,186127703,Beverages
Ohio,01/23/21,191314773,Beverages
Ohio,01/30/21,181247067,Beverages
Ohio,02/06/21,189358134,Beverages
Ohio,02/13/21,189028944,Beverages
Ohio,02/20/21,180359206,Beverages
Ohio,02/27/21,194406511,Beverages
Ohio,03/06/21,227389353,Beverages
Ohio,03/13/21,217646574,Beverages
Ohio,03/20/21,230609517,Beverages
Ohio,03/27/21,219169379,Beverages
Ohio,04/03/21,216979216,Beverages
Ohio,04/10/21,212016905,Beverages
Ohio,04/17/21,223629234,Beverages
Ohio,04/24/21,220136812,Beverages
Ohio,05/01/21,219802513,Beverages
Ohio,05/08/21,221839149,Beverages
Ohio,05/15/21,210008773,Beverages
Ohio,05/22/21,189362963,Beverages
Ohio,05/29/21,219958122,Beverages
Ohio,06/05/21,236633288,Beverages
Ohio,06/12/21,247324053,Beverages
Ohio,06/19/21,233061241,Beverages
Ohio,06/26/21,227899146,Beverages
Ohio,07/03/21,228518969,Beverages
Ohio,07/10/21,219458914,Beverages
Ohio,07/17/21,226065205,Beverages
Ohio,07/24/21,218304946,Beverages
Ohio,07/31/21,235642724,Beverages
Ohio,08/07/21,235828616,Beverages
Ohio,08/14/21,221747272,Beverages
Ohio,08/21/21,231712083,Beverages
Ohio,08/28/21,225781910,Beverages
Ohio,09/04/21,198686111,Beverages
Ohio,09/11/21,194225930,Beverages
Ohio,09/18/21,166689256,Beverages
Ohio,09/25/21,199705056,Beverages
Ohio,10/02/21,201762538,Beverages
Ohio,10/09/21,190808477,Beverages
Ohio,10/16/21,185295057,Beverages
Ohio,10/23/21,190494002,Beverages
Ohio,10/30/21,201165276,Beverages
Ohio,11/06/21,199188653,Beverages
Ohio,11/13/21,201272846,Beverages
Ohio,11/20/21,201107082,Beverages
Ohio,11/27/21,196058002,Beverages
Ohio,12/04/21,172557251,Beverages
Ohio,12/11/21,185987173,Beverages
Ohio,12/18/21,172328718,Beverages
Ohio,12/25/21,174730303,Beverages
Ohio,01/01/22,191428696,Beverages
Ohio,01/08/22,183398156,Beverages
Ohio,01/15/22,186176440,Beverages
Ohio,01/22/22,183113666,Beverages
Ohio,01/29/22,189055260,Beverages
Ohio,02/05/22,183688409,Beverages
Ohio,02/12/22,180047460,Beverages
Ohio,02/19/22,191201607,Beverages
Ohio,02/26/22,186363905,Beverages
Ohio,03/05/22,215143182,Beverages
Ohio,03/12/22,229894808,Beverages
Ohio,03/19/22,230020385,Beverages
Ohio,03/26/22,182535755,Beverages
Ohio,04/02/22,222761451,Beverages
Ohio,04/09/22,230266640,Beverages
Ohio,04/16/22,215689383,Beverages
Ohio,04/23/22,217733024,Beverages
Ohio,04/30/22,223238931,Beverages
Ohio,05/07/22,227840416,Beverages
Ohio,05/14/22,225660185,Beverages
Ohio,05/21/22,216997943,Beverages
Ohio,05/28/22,219266684,Beverages
Ohio,06/04/22,252162098,Beverages
Ohio,06/11/22,277496502,Beverages
Ohio,06/18/22,227523194,Beverages
Ohio,06/25/22,290090893,Beverages
Ohio,07/02/22,240866654,Beverages
Ohio,07/09/22,231586229,Beverages
Ohio,07/16/22,239823618,Beverages
Ohio,07/23/22,240791615,Beverages
Ohio,07/30/22,234550555,Beverages
Ohio,08/06/22,230420851,Beverages
Ohio,08/13/22,226312754,Beverages
Ohio,08/20/22,221409992,Beverages
Ohio,08/27/22,182779371,Beverages
Ohio,09/03/22,201880629,Beverages
Ohio,09/10/22,160440626,Beverages
Ohio,09/17/22,191471390,Beverages
Ohio,09/24/22,195978131,Beverages
Ohio,10/01/22,198541090,Beverages
Ohio,10/08/22,196398593,Beverages
Ohio,10/15/22,199931599,Beverages
Ohio,10/22/22,203159287,Beverages
Ohio,10/29/22,198008906,Beverages
Ohio,11/05/22,199945117,Beverages
Ohio,11/12/22,188186849,Beverages
Ohio,11/19/22,192598527,Beverages
Ohio,11/26/22,207376554,Beverages
Ohio,12/03/22,180530817,Beverages
Ohio,12/10/22,180110473,Beverages
Ohio,12/17/22,180640865,Beverages
Ohio,12/24/22,193377977,Beverages
Ohio,12/31/22,178313194,Beverages
Oklahoma,01/12/19,81158500,Beverages
Oklahoma,01/19/19,74555955,Beverages
Oklahoma,01/26/19,73472942,Beverages
Oklahoma,02/02/19,72439483,Beverages
Oklahoma,02/09/19,70360087,Beverages
Oklahoma,02/16/19,74678812,Beverages
Oklahoma,02/23/19,69999750,Beverages
Oklahoma,03/02/19,86156340,Beverages
Oklahoma,03/09/19,82975783,Beverages
Oklahoma,03/16/19,82645537,Beverages
Oklahoma,03/23/19,83723711,Beverages
Oklahoma,03/30/19,83395747,Beverages
Oklahoma,04/06/19,85650185,Beverages
Oklahoma,04/13/19,88827381,Beverages
Oklahoma,04/20/19,88972094,Beverages
Oklahoma,04/27/19,88555179,Beverages
Oklahoma,05/04/19,81946629,Beverages
Oklahoma,05/11/19,84544773,Beverages
Oklahoma,05/18/19,85001422,Beverages
Oklahoma,05/25/19,102567533,Beverages
Oklahoma,06/01/19,90300570,Beverages
Oklahoma,06/08/19,89599645,Beverages
Oklahoma,06/15/19,94515148,Beverages
Oklahoma,06/22/19,91114758,Beverages
Oklahoma,06/29/19,90311305,Beverages
Oklahoma,07/06/19,92122096,Beverages
Oklahoma,07/13/19,111181900,Beverages
Oklahoma,07/20/19,88321740,Beverages
Oklahoma,07/27/19,92334377,Beverages
Oklahoma,08/03/19,90093590,Beverages
Oklahoma,08/10/19,88945024,Beverages
Oklahoma,08/17/19,86432228,Beverages
Oklahoma,08/24/19,73303046,Beverages
Oklahoma,08/31/19,90027325,Beverages
Oklahoma,09/07/19,74286614,Beverages
Oklahoma,09/14/19,77377785,Beverages
Oklahoma,09/21/19,72536540,Beverages
Oklahoma,09/28/19,70913154,Beverages
Oklahoma,10/05/19,71789267,Beverages
Oklahoma,10/12/19,73289114,Beverages
Oklahoma,10/19/19,74198667,Beverages
Oklahoma,10/26/19,71839215,Beverages
Oklahoma,11/02/19,75441185,Beverages
Oklahoma,11/09/19,74214763,Beverages
Oklahoma,11/16/19,79131624,Beverages
Oklahoma,11/23/19,73620212,Beverages
Oklahoma,11/30/19,80598110,Beverages
Oklahoma,12/07/19,69084994,Beverages
Oklahoma,12/14/19,71885334,Beverages
Oklahoma,12/21/19,70374062,Beverages
Oklahoma,12/28/19,67507306,Beverages
Oklahoma,01/04/20,72163891,Beverages
Oklahoma,01/11/20,74883693,Beverages
Oklahoma,01/18/20,75834711,Beverages
Oklahoma,01/25/20,76329171,Beverages
Oklahoma,02/01/20,75599479,Beverages
Oklahoma,02/08/20,71479981,Beverages
Oklahoma,02/15/20,77318092,Beverages
Oklahoma,02/22/20,92176556,Beverages
Oklahoma,02/29/20,76960300,Beverages
Oklahoma,03/07/20,87081870,Beverages
Oklahoma,03/14/20,89847948,Beverages
Oklahoma,03/21/20,86691133,Beverages
Oklahoma,03/28/20,89640183,Beverages
Oklahoma,04/04/20,89047347,Beverages
Oklahoma,04/11/20,90824487,Beverages
Oklahoma,04/18/20,84355628,Beverages
Oklahoma,04/25/20,89075943,Beverages
Oklahoma,05/02/20,83826049,Beverages
Oklahoma,05/09/20,84879330,Beverages
Oklahoma,05/16/20,83083168,Beverages
Oklahoma,05/23/20,81553756,Beverages
Oklahoma,05/30/20,88197909,Beverages
Oklahoma,06/06/20,91319301,Beverages
Oklahoma,06/13/20,94299645,Beverages
Oklahoma,06/20/20,87712555,Beverages
Oklahoma,06/27/20,88049982,Beverages
Oklahoma,07/04/20,94456030,Beverages
Oklahoma,07/11/20,90742410,Beverages
Oklahoma,07/18/20,90886596,Beverages
Oklahoma,07/25/20,87073943,Beverages
Oklahoma,08/01/20,92212734,Beverages
Oklahoma,08/08/20,91506964,Beverages
Oklahoma,08/15/20,104699448,Beverages
Oklahoma,08/22/20,87520692,Beverages
Oklahoma,08/29/20,101287126,Beverages
Oklahoma,09/05/20,76500319,Beverages
Oklahoma,09/12/20,75287586,Beverages
Oklahoma,09/19/20,77456214,Beverages
Oklahoma,09/26/20,61292739,Beverages
Oklahoma,10/03/20,73191698,Beverages
Oklahoma,10/10/20,72401847,Beverages
Oklahoma,10/17/20,72306815,Beverages
Oklahoma,10/24/20,74824436,Beverages
Oklahoma,10/31/20,75163730,Beverages
Oklahoma,11/07/20,73655332,Beverages
Oklahoma,11/14/20,79361002,Beverages
Oklahoma,11/21/20,80971553,Beverages
Oklahoma,11/28/20,80970906,Beverages
Oklahoma,12/05/20,74078768,Beverages
Oklahoma,12/12/20,69910433,Beverages
Oklahoma,12/19/20,74061269,Beverages
Oklahoma,12/26/20,72922691,Beverages
Oklahoma,01/02/21,74922403,Beverages
Oklahoma,01/09/21,69390480,Beverages
Oklahoma,01/16/21,73511750,Beverages
Oklahoma,01/23/21,76866997,Beverages
Oklahoma,01/30/21,70560268,Beverages
Oklahoma,02/06/21,74681383,Beverages
Oklahoma,02/13/21,73139457,Beverages
Oklahoma,02/20/21,73682496,Beverages
Oklahoma,02/27/21,75510450,Beverages
Oklahoma,03/06/21,88381445,Beverages
Oklahoma,03/13/21,91329474,Beverages
Oklahoma,03/20/21,85816075,Beverages
Oklahoma,03/27/21,87264758,Beverages
Oklahoma,04/03/21,88166111,Beverages
Oklahoma,04/10/21,84991255,Beverages
Oklahoma,04/17/21,92783597,Beverages
Oklahoma,04/24/21,85374188,Beverages
Oklahoma,05/01/21,86694044,Beverages
Oklahoma,05/08/21,90216107,Beverages
Oklahoma,05/15/21,87752110,Beverages
Oklahoma,05/22/21,86779607,Beverages
Oklahoma,05/29/21,87511901,Beverages
Oklahoma,06/05/21,97557587,Beverages
Oklahoma,06/12/21,95681150,Beverages
Oklahoma,06/19/21,93116753,Beverages
Oklahoma,06/26/21,97715304,Beverages
Oklahoma,07/03/21,91090468,Beverages
Oklahoma,07/10/21,91415204,Beverages
Oklahoma,07/17/21,95869725,Beverages
Oklahoma,07/24/21,94584879,Beverages
Oklahoma,07/31/21,109333837,Beverages
Oklahoma,08/07/21,86003783,Beverages
Oklahoma,08/14/21,90289351,Beverages
Oklahoma,08/21/21,86765161,Beverages
Oklahoma,08/28/21,85137729,Beverages
Oklahoma,09/04/21,76799401,Beverages
Oklahoma,09/11/21,78971931,Beverages
Oklahoma,09/18/21,79053395,Beverages
Oklahoma,09/25/21,78738693,Beverages
Oklahoma,10/02/21,75691620,Beverages
Oklahoma,10/09/21,96010667,Beverages
Oklahoma,10/16/21,76323891,Beverages
Oklahoma,10/23/21,80910005,Beverages
Oklahoma,10/30/21,75895557,Beverages
Oklahoma,11/06/21,79716987,Beverages
Oklahoma,11/13/21,77455212,Beverages
Oklahoma,11/20/21,75346881,Beverages
Oklahoma,11/27/21,76971170,Beverages
Oklahoma,12/04/21,74854491,Beverages
Oklahoma,12/11/21,71548216,Beverages
Oklahoma,12/18/21,74268348,Beverages
Oklahoma,12/25/21,71539718,Beverages
Oklahoma,01/01/22,73791365,Beverages
Oklahoma,01/08/22,72289495,Beverages
Oklahoma,01/15/22,72305637,Beverages
Oklahoma,01/22/22,75722523,Beverages
Oklahoma,01/29/22,75727328,Beverages
Oklahoma,02/05/22,73577198,Beverages
Oklahoma,02/12/22,72726357,Beverages
Oklahoma,02/19/22,77976607,Beverages
Oklahoma,02/26/22,73241960,Beverages
Oklahoma,03/05/22,90181908,Beverages
Oklahoma,03/12/22,91036816,Beverages
Oklahoma,03/19/22,89456586,Beverages
Oklahoma,03/26/22,72736971,Beverages
Oklahoma,04/02/22,91992774,Beverages
Oklahoma,04/09/22,89170081,Beverages
Oklahoma,04/16/22,85955689,Beverages
Oklahoma,04/23/22,87108055,Beverages
Oklahoma,04/30/22,89647491,Beverages
Oklahoma,05/07/22,92251296,Beverages
Oklahoma,05/14/22,88073466,Beverages
Oklahoma,05/21/22,86348477,Beverages
Oklahoma,05/28/22,89199200,Beverages
Oklahoma,06/04/22,91358318,Beverages
Oklahoma,06/11/22,93525731,Beverages
Oklahoma,06/18/22,91103739,Beverages
Oklahoma,06/25/22,95699252,Beverages
Oklahoma,07/02/22,91095679,Beverages
Oklahoma,07/09/22,92520607,Beverages
Oklahoma,07/16/22,95876883,Beverages
Oklahoma,07/23/22,95686431,Beverages
Oklahoma,07/30/22,92942622,Beverages
Oklahoma,08/06/22,94482960,Beverages
Oklahoma,08/13/22,92370657,Beverages
Oklahoma,08/20/22,86724571,Beverages
Oklahoma,08/27/22,87587204,Beverages
Oklahoma,09/03/22,74872735,Beverages
Oklahoma,09/10/22,80944042,Beverages
Oklahoma,09/17/22,80776171,Beverages
Oklahoma,09/24/22,81305360,Beverages
Oklahoma,10/01/22,78009026,Beverages
Oklahoma,10/08/22,79278141,Beverages
Oklahoma,10/15/22,81059319,Beverages
Oklahoma,10/22/22,81717534,Beverages
Oklahoma,10/29/22,80714957,Beverages
Oklahoma,11/05/22,76968939,Beverages
Oklahoma,11/12/22,79320894,Beverages
Oklahoma,11/19/22,79457654,Beverages
Oklahoma,11/26/22,75979210,Beverages
Oklahoma,12/03/22,72706025,Beverages
Oklahoma,12/10/22,70363614,Beverages
Oklahoma,12/17/22,70292912,Beverages
Oklahoma,12/24/22,72789809,Beverages
Oklahoma,12/31/22,73899209,Beverages
Oregon,01/12/19,54917395,Beverages
Oregon,01/19/19,51933460,Beverages
Oregon,01/26/19,52728664,Beverages
Oregon,02/02/19,51446921,Beverages
Oregon,02/09/19,54878924,Beverages
Oregon,02/16/19,47516099,Beverages
Oregon,02/23/19,52239309,Beverages
Oregon,03/02/19,66742446,Beverages
Oregon,03/09/19,52442482,Beverages
Oregon,03/16/19,55298646,Beverages
Oregon,03/23/19,65472770,Beverages
Oregon,03/30/19,66212021,Beverages
Oregon,04/06/19,66345618,Beverages
Oregon,04/13/19,63186661,Beverages
Oregon,04/20/19,64504227,Beverages
Oregon,04/27/19,67245560,Beverages
Oregon,05/04/19,65666723,Beverages
Oregon,05/11/19,65536367,Beverages
Oregon,05/18/19,60600669,Beverages
Oregon,05/25/19,63952520,Beverages
Oregon,06/01/19,71872094,Beverages
Oregon,06/08/19,71546829,Beverages
Oregon,06/15/19,67066286,Beverages
Oregon,06/22/19,69480981,Beverages
Oregon,06/29/19,68617933,Beverages
Oregon,07/06/19,66990930,Beverages
Oregon,07/13/19,64783129,Beverages
Oregon,07/20/19,64940249,Beverages
Oregon,07/27/19,67709664,Beverages
Oregon,08/03/19,53456642,Beverages
Oregon,08/10/19,64709479,Beverages
Oregon,08/17/19,67598118,Beverages
Oregon,08/24/19,67956472,Beverages
Oregon,08/31/19,64614548,Beverages
Oregon,09/07/19,58626660,Beverages
Oregon,09/14/19,54934595,Beverages
Oregon,09/21/19,54760570,Beverages
Oregon,09/28/19,58671636,Beverages
Oregon,10/05/19,55009814,Beverages
Oregon,10/12/19,68403488,Beverages
Oregon,10/19/19,57184082,Beverages
Oregon,10/26/19,55288306,Beverages
Oregon,11/02/19,54928855,Beverages
Oregon,11/09/19,46752130,Beverages
Oregon,11/16/19,59288225,Beverages
Oregon,11/23/19,50613861,Beverages
Oregon,11/30/19,55934809,Beverages
Oregon,12/07/19,53681380,Beverages
Oregon,12/14/19,54685954,Beverages
Oregon,12/21/19,53449568,Beverages
Oregon,12/28/19,55221937,Beverages
Oregon,01/04/20,52681344,Beverages
Oregon,01/11/20,52176681,Beverages
Oregon,01/18/20,55765897,Beverages
Oregon,01/25/20,55356145,Beverages
Oregon,02/01/20,53906688,Beverages
Oregon,02/08/20,54863658,Beverages
Oregon,02/15/20,53386096,Beverages
Oregon,02/22/20,53084054,Beverages
Oregon,02/29/20,56554495,Beverages
Oregon,03/07/20,63527430,Beverages
Oregon,03/14/20,65511001,Beverages
Oregon,03/21/20,67388548,Beverages
Oregon,03/28/20,63076555,Beverages
Oregon,04/04/20,67189183,Beverages
Oregon,04/11/20,66212483,Beverages
Oregon,04/18/20,65958444,Beverages
Oregon,04/25/20,67265751,Beverages
Oregon,05/02/20,63518303,Beverages
Oregon,05/09/20,61811286,Beverages
Oregon,05/16/20,63636605,Beverages
Oregon,05/23/20,66839603,Beverages
Oregon,05/30/20,61105629,Beverages
Oregon,06/06/20,69809924,Beverages
Oregon,06/13/20,67949836,Beverages
Oregon,06/20/20,68863358,Beverages
Oregon,06/27/20,68164448,Beverages
Oregon,07/04/20,69812212,Beverages
Oregon,07/11/20,70787343,Beverages
Oregon,07/18/20,68538034,Beverages
Oregon,07/25/20,68043964,Beverages
Oregon,08/01/20,68795720,Beverages
Oregon,08/08/20,66970942,Beverages
Oregon,08/15/20,66267440,Beverages
Oregon,08/22/20,67399628,Beverages
Oregon,08/29/20,65017719,Beverages
Oregon,09/05/20,59749830,Beverages
Oregon,09/12/20,54226894,Beverages
Oregon,09/19/20,59445719,Beverages
Oregon,09/26/20,57645019,Beverages
Oregon,10/03/20,55178525,Beverages
Oregon,10/10/20,54852362,Beverages
Oregon,10/17/20,54797076,Beverages
Oregon,10/24/20,58778414,Beverages
Oregon,10/31/20,60116923,Beverages
Oregon,11/07/20,55600080,Beverages
Oregon,11/14/20,58922144,Beverages
Oregon,11/21/20,57946748,Beverages
Oregon,11/28/20,57151196,Beverages
Oregon,12/05/20,66656770,Beverages
Oregon,12/12/20,63474786,Beverages
Oregon,12/19/20,56073957,Beverages
Oregon,12/26/20,53066078,Beverages
Oregon,01/02/21,52927024,Beverages
Oregon,01/09/21,54951841,Beverages
Oregon,01/16/21,53201057,Beverages
Oregon,01/23/21,52276897,Beverages
Oregon,01/30/21,58062001,Beverages
Oregon,02/06/21,54535554,Beverages
Oregon,02/13/21,48830435,Beverages
Oregon,02/20/21,57754312,Beverages
Oregon,02/27/21,55538950,Beverages
Oregon,03/06/21,67458530,Beverages
Oregon,03/13/21,69225302,Beverages
Oregon,03/20/21,68219696,Beverages
Oregon,03/27/21,68203719,Beverages
Oregon,04/03/21,67007282,Beverages
Oregon,04/10/21,65223456,Beverages
Oregon,04/17/21,66017797,Beverages
Oregon,04/24/21,64254172,Beverages
Oregon,05/01/21,67264639,Beverages
Oregon,05/08/21,65257590,Beverages
Oregon,05/15/21,62785741,Beverages
Oregon,05/22/21,67374449,Beverages
Oregon,05/29/21,77279395,Beverages
Oregon,06/05/21,72721072,Beverages
Oregon,06/12/21,69909288,Beverages
Oregon,06/19/21,68357799,Beverages
Oregon,06/26/21,72015984,Beverages
Oregon,07/03/21,68349019,Beverages
Oregon,07/10/21,66147624,Beverages
Oregon,07/17/21,69764805,Beverages
Oregon,07/24/21,70127860,Beverages
Oregon,07/31/21,84041058,Beverages
Oregon,08/07/21,68742432,Beverages
Oregon,08/14/21,70238317,Beverages
Oregon,08/21/21,66805785,Beverages
Oregon,08/28/21,63973997,Beverages
Oregon,09/04/21,57165767,Beverages
Oregon,09/11/21,56588112,Beverages
Oregon,09/18/21,60486851,Beverages
Oregon,09/25/21,55148342,Beverages
Oregon,10/02/21,58379682,Beverages
Oregon,10/09/21,56737238,Beverages
Oregon,10/16/21,60019277,Beverages
Oregon,10/23/21,60260755,Beverages
Oregon,10/30/21,60811617,Beverages
Oregon,11/06/21,56690331,Beverages
Oregon,11/13/21,61129717,Beverages
Oregon,11/20/21,59130011,Beverages
Oregon,11/27/21,58439191,Beverages
Oregon,12/04/21,53642413,Beverages
Oregon,12/11/21,51338375,Beverages
Oregon,12/18/21,54985853,Beverages
Oregon,12/25/21,55116250,Beverages
Oregon,01/01/22,54311318,Beverages
Oregon,01/08/22,54054209,Beverages
Oregon,01/15/22,52797950,Beverages
Oregon,01/22/22,55334327,Beverages
Oregon,01/29/22,53948804,Beverages
Oregon,02/05/22,55295440,Beverages
Oregon,02/12/22,57146541,Beverages
Oregon,02/19/22,55762174,Beverages
Oregon,02/26/22,56484518,Beverages
Oregon,03/05/22,68056048,Beverages
Oregon,03/12/22,68197118,Beverages
Oregon,03/19/22,65767447,Beverages
Oregon,03/26/22,64815430,Beverages
Oregon,04/02/22,67662362,Beverages
Oregon,04/09/22,66063493,Beverages
Oregon,04/16/22,65009659,Beverages
Oregon,04/23/22,64492226,Beverages
Oregon,04/30/22,64337707,Beverages
Oregon,05/07/22,64094011,Beverages
Oregon,05/14/22,68923964,Beverages
Oregon,05/21/22,63546763,Beverages
Oregon,05/28/22,67320495,Beverages
Oregon,06/04/22,73256277,Beverages
Oregon,06/11/22,71610823,Beverages
Oregon,06/18/22,68373264,Beverages
Oregon,06/25/22,70865675,Beverages
Oregon,07/02/22,70308681,Beverages
Oregon,07/09/22,72202813,Beverages
Oregon,07/16/22,69464094,Beverages
Oregon,07/23/22,68504397,Beverages
Oregon,07/30/22,68143241,Beverages
Oregon,08/06/22,69263667,Beverages
Oregon,08/13/22,70162308,Beverages
Oregon,08/20/22,65771011,Beverages
Oregon,08/27/22,69355133,Beverages
Oregon,09/03/22,61586356,Beverages
Oregon,09/10/22,60506279,Beverages
Oregon,09/17/22,60687650,Beverages
Oregon,09/24/22,59283458,Beverages
Oregon,10/01/22,59744951,Beverages
Oregon,10/08/22,67345243,Beverages
Oregon,10/15/22,60991640,Beverages
Oregon,10/22/22,60087754,Beverages
Oregon,10/29/22,56085369,Beverages
Oregon,11/05/22,59290918,Beverages
Oregon,11/12/22,57624033,Beverages
Oregon,11/19/22,61443114,Beverages
Oregon,11/26/22,61377153,Beverages
Oregon,12/03/22,55179329,Beverages
Oregon,12/10/22,57215511,Beverages
Oregon,12/17/22,54379763,Beverages
Oregon,12/24/22,53578808,Beverages
Oregon,12/31/22,57879814,Beverages
Pennsylvania,01/12/19,173734178,Beverages
Pennsylvania,01/19/19,179743219,Beverages
Pennsylvania,01/26/19,176746157,Beverages
Pennsylvania,02/02/19,173569035,Beverages
Pennsylvania,02/09/19,188839203,Beverages
Pennsylvania,02/16/19,186164475,Beverages
Pennsylvania,02/23/19,187843435,Beverages
Pennsylvania,03/02/19,213193124,Beverages
Pennsylvania,03/09/19,222701833,Beverages
Pennsylvania,03/16/19,208890946,Beverages
Pennsylvania,03/23/19,208977490,Beverages
Pennsylvania,03/30/19,208181420,Beverages
Pennsylvania,04/06/19,223458295,Beverages
Pennsylvania,04/13/19,223510901,Beverages
Pennsylvania,04/20/19,211938671,Beverages
Pennsylvania,04/27/19,222390673,Beverages
Pennsylvania,05/04/19,210159329,Beverages
Pennsylvania,05/11/19,224804631,Beverages
Pennsylvania,05/18/19,207859878,Beverages
Pennsylvania,05/25/19,212403639,Beverages
Pennsylvania,06/01/19,238686986,Beverages
Pennsylvania,06/08/19,239325187,Beverages
Pennsylvania,06/15/19,233447186,Beverages
Pennsylvania,06/22/19,237212830,Beverages
Pennsylvania,06/29/19,219908982,Beverages
Pennsylvania,07/06/19,221412485,Beverages
Pennsylvania,07/13/19,230591645,Beverages
Pennsylvania,07/20/19,232798136,Beverages
Pennsylvania,07/27/19,229779496,Beverages
Pennsylvania,08/03/19,218216485,Beverages
Pennsylvania,08/10/19,213660478,Beverages
Pennsylvania,08/17/19,221203358,Beverages
Pennsylvania,08/24/19,210810967,Beverages
Pennsylvania,08/31/19,223982783,Beverages
Pennsylvania,09/07/19,181317730,Beverages
Pennsylvania,09/14/19,181524816,Beverages
Pennsylvania,09/21/19,196931848,Beverages
Pennsylvania,09/28/19,197273359,Beverages
Pennsylvania,10/05/19,195556514,Beverages
Pennsylvania,10/12/19,185929752,Beverages
Pennsylvania,10/19/19,186735628,Beverages
Pennsylvania,10/26/19,184329349,Beverages
Pennsylvania,11/02/19,190633970,Beverages
Pennsylvania,11/09/19,193744531,Beverages
Pennsylvania,11/16/19,197735801,Beverages
Pennsylvania,11/23/19,195557095,Beverages
Pennsylvania,11/30/19,188926432,Beverages
Pennsylvania,12/07/19,172135205,Beverages
Pennsylvania,12/14/19,182104051,Beverages
Pennsylvania,12/21/19,150017119,Beverages
Pennsylvania,12/28/19,185842843,Beverages
Pennsylvania,01/04/20,185158551,Beverages
Pennsylvania,01/11/20,185287374,Beverages
Pennsylvania,01/18/20,186329434,Beverages
Pennsylvania,01/25/20,181787527,Beverages
Pennsylvania,02/01/20,181558557,Beverages
Pennsylvania,02/08/20,184957720,Beverages
Pennsylvania,02/15/20,195898856,Beverages
Pennsylvania,02/22/20,184165255,Beverages
Pennsylvania,02/29/20,194446128,Beverages
Pennsylvania,03/07/20,222830777,Beverages
Pennsylvania,03/14/20,217312737,Beverages
Pennsylvania,03/21/20,214405152,Beverages
Pennsylvania,03/28/20,223736401,Beverages
Pennsylvania,04/04/20,213346805,Beverages
Pennsylvania,04/11/20,190277480,Beverages
Pennsylvania,04/18/20,221657419,Beverages
Pennsylvania,04/25/20,210040556,Beverages
Pennsylvania,05/02/20,218667572,Beverages
Pennsylvania,05/09/20,214396427,Beverages
Pennsylvania,05/16/20,224454153,Beverages
Pennsylvania,05/23/20,215277905,Beverages
Pennsylvania,05/30/20,223121169,Beverages
Pennsylvania,06/06/20,239597455,Beverages
Pennsylvania,06/13/20,235606919,Beverages
Pennsylvania,06/20/20,237493977,Beverages
Pennsylvania,06/27/20,238936006,Beverages
Pennsylvania,07/04/20,224207659,Beverages
Pennsylvania,07/11/20,228522649,Beverages
Pennsylvania,07/18/20,222837492,Beverages
Pennsylvania,07/25/20,221887199,Beverages
Pennsylvania,08/01/20,214122501,Beverages
Pennsylvania,08/08/20,230848051,Beverages
Pennsylvania,08/15/20,221734236,Beverages
Pennsylvania,08/22/20,214704273,Beverages
Pennsylvania,08/29/20,214016442,Beverages
Pennsylvania,09/05/20,200852546,Beverages
Pennsylvania,09/12/20,236745749,Beverages
Pennsylvania,09/19/20,193966417,Beverages
Pennsylvania,09/26/20,200596431,Beverages
Pennsylvania,10/03/20,194554006,Beverages
Pennsylvania,10/10/20,193509025,Beverages
Pennsylvania,10/17/20,196464397,Beverages
Pennsylvania,10/24/20,192588537,Beverages
Pennsylvania,10/31/20,189029410,Beverages
Pennsylvania,11/07/20,204070140,Beverages
Pennsylvania,11/14/20,196644438,Beverages
Pennsylvania,11/21/20,190011613,Beverages
Pennsylvania,11/28/20,198671282,Beverages
Pennsylvania,12/05/20,184607637,Beverages
Pennsylvania,12/12/20,173559761,Beverages
Pennsylvania,12/19/20,178505768,Beverages
Pennsylvania,12/26/20,178769053,Beverages
Pennsylvania,01/02/21,186551947,Beverages
Pennsylvania,01/09/21,191711916,Beverages
Pennsylvania,01/16/21,190114839,Beverages
Pennsylvania,01/23/21,192590586,Beverages
Pennsylvania,01/30/21,191381855,Beverages
Pennsylvania,02/06/21,194258340,Beverages
Pennsylvania,02/13/21,180717966,Beverages
Pennsylvania,02/20/21,183594135,Beverages
Pennsylvania,02/27/21,191082638,Beverages
Pennsylvania,03/06/21,232144083,Beverages
Pennsylvania,03/13/21,219239432,Beverages
Pennsylvania,03/20/21,224133178,Beverages
Pennsylvania,03/27/21,231006578,Beverages
Pennsylvania,04/03/21,214921066,Beverages
Pennsylvania,04/10/21,215093250,Beverages
Pennsylvania,04/17/21,216290313,Beverages
Pennsylvania,04/24/21,225407907,Beverages
Pennsylvania,05/01/21,228367041,Beverages
Pennsylvania,05/08/21,221287035,Beverages
Pennsylvania,05/15/21,230479949,Beverages
Pennsylvania,05/22/21,217675435,Beverages
Pennsylvania,05/29/21,213719329,Beverages
Pennsylvania,06/05/21,231761804,Beverages
Pennsylvania,06/12/21,233849650,Beverages
Pennsylvania,06/19/21,244651528,Beverages
Pennsylvania,06/26/21,240414585,Beverages
Pennsylvania,07/03/21,236802089,Beverages
Pennsylvania,07/10/21,231421679,Beverages
Pennsylvania,07/17/21,226423490,Beverages
Pennsylvania,07/24/21,228214180,Beverages
Pennsylvania,07/31/21,240009377,Beverages
Pennsylvania,08/07/21,232028425,Beverages
Pennsylvania,08/14/21,237160939,Beverages
Pennsylvania,08/21/21,229267811,Beverages
Pennsylvania,08/28/21,214859810,Beverages
Pennsylvania,09/04/21,192410035,Beverages
Pennsylvania,09/11/21,202837166,Beverages
Pennsylvania,09/18/21,196110056,Beverages
Pennsylvania,09/25/21,190727866,Beverages
Pennsylvania,10/02/21,197251827,Beverages
Pennsylvania,10/09/21,195597413,Beverages
Pennsylvania,10/16/21,199297835,Beverages
Pennsylvania,10/23/21,199264450,Beverages
Pennsylvania,10/30/21,188626867,Beverages
Pennsylvania,11/06/21,200818772,Beverages
Pennsylvania,11/13/21,191641996,Beverages
Pennsylvania,11/20/21,189406259,Beverages
Pennsylvania,11/27/21,195994409,Beverages
Pennsylvania,12/04/21,173923253,Beverages
Pennsylvania,12/11/21,185960025,Beverages
Pennsylvania,12/18/21,183587228,Beverages
Pennsylvania,12/25/21,163960451,Beverages
Pennsylvania,01/01/22,179719468,Beverages
Pennsylvania,01/08/22,181555197,Beverages
Pennsylvania,01/15/22,191934353,Beverages
Pennsylvania,01/22/22,183777612,Beverages
Pennsylvania,01/29/22,197892513,Beverages
Pennsylvania,02/05/22,187440132,Beverages
Pennsylvania,02/12/22,195748913,Beverages
Pennsylvania,02/19/22,183641571,Beverages
Pennsylvania,02/26/22,197743985,Beverages
Pennsylvania,03/05/22,226560755,Beverages
Pennsylvania,03/12/22,236450207,Beverages
Pennsylvania,03/19/22,236631220,Beverages
Pennsylvania,03/26/22,216407855,Beverages
Pennsylvania,04/02/22,216964635,Beverages
Pennsylvania,04/09/22,228195461,Beverages
Pennsylvania,04/16/22,218732386,Beverages
Pennsylvania,04/23/22,237280588,Beverages
Pennsylvania,04/30/22,235137027,Beverages
Pennsylvania,05/07/22,215851459,Beverages
Pennsylvania,05/14/22,214551511,Beverages
Pennsylvania,05/21/22,265945172,Beverages
Pennsylvania,05/28/22,232024292,Beverages
Pennsylvania,06/04/22,246596642,Beverages
Pennsylvania,06/11/22,248187812,Beverages
Pennsylvania,06/18/22,249537947,Beverages
Pennsylvania,06/25/22,228703668,Beverages
Pennsylvania,07/02/22,244741209,Beverages
Pennsylvania,07/09/22,231777036,Beverages
Pennsylvania,07/16/22,237232164,Beverages
Pennsylvania,07/23/22,240200490,Beverages
Pennsylvania,07/30/22,236234881,Beverages
Pennsylvania,08/06/22,230437006,Beverages
Pennsylvania,08/13/22,239806932,Beverages
Pennsylvania,08/20/22,234106310,Beverages
Pennsylvania,08/27/22,228586181,Beverages
Pennsylvania,09/03/22,195150995,Beverages
Pennsylvania,09/10/22,203211937,Beverages
Pennsylvania,09/17/22,202361344,Beverages
Pennsylvania,09/24/22,198643913,Beverages
Pennsylvania,10/01/22,207094998,Beverages
Pennsylvania,10/08/22,192035329,Beverages
Pennsylvania,10/15/22,191657102,Beverages
Pennsylvania,10/22/22,191582503,Beverages
Pennsylvania,10/29/22,192139447,Beverages
Pennsylvania,11/05/22,201101175,Beverages
Pennsylvania,11/12/22,193416626,Beverages
Pennsylvania,11/19/22,205710533,Beverages
Pennsylvania,11/26/22,197479208,Beverages
Pennsylvania,12/03/22,181874355,Beverages
Pennsylvania,12/10/22,178082583,Beverages
Pennsylvania,12/17/22,194408223,Beverages
Pennsylvania,12/24/22,191866306,Beverages
Pennsylvania,12/31/22,185722675,Beverages
Rhode Island,01/12/19,12324126,Beverages
Rhode Island,01/19/19,13176986,Beverages
Rhode Island,01/26/19,12253897,Beverages
Rhode Island,02/02/19,13446707,Beverages
Rhode Island,02/09/19,13143401,Beverages
Rhode Island,02/16/19,12765890,Beverages
Rhode Island,02/23/19,13465424,Beverages
Rhode Island,03/02/19,14909994,Beverages
Rhode Island,03/09/19,15043263,Beverages
Rhode Island,03/16/19,15684769,Beverages
Rhode Island,03/23/19,14965010,Beverages
Rhode Island,03/30/19,16048826,Beverages
Rhode Island,04/06/19,15793836,Beverages
Rhode Island,04/13/19,15698397,Beverages
Rhode Island,04/20/19,16015664,Beverages
Rhode Island,04/27/19,15028575,Beverages
Rhode Island,05/04/19,15706071,Beverages
Rhode Island,05/11/19,14973262,Beverages
Rhode Island,05/18/19,13269903,Beverages
Rhode Island,05/25/19,15745727,Beverages
Rhode Island,06/01/19,15939762,Beverages
Rhode Island,06/08/19,15643631,Beverages
Rhode Island,06/15/19,16355269,Beverages
Rhode Island,06/22/19,15859221,Beverages
Rhode Island,06/29/19,16775866,Beverages
Rhode Island,07/06/19,19433726,Beverages
Rhode Island,07/13/19,16509506,Beverages
Rhode Island,07/20/19,15551171,Beverages
Rhode Island,07/27/19,16260511,Beverages
Rhode Island,08/03/19,16269789,Beverages
Rhode Island,08/10/19,15343148,Beverages
Rhode Island,08/17/19,14739119,Beverages
Rhode Island,08/24/19,15739308,Beverages
Rhode Island,08/31/19,15143982,Beverages
Rhode Island,09/07/19,12981572,Beverages
Rhode Island,09/14/19,13275911,Beverages
Rhode Island,09/21/19,13905802,Beverages
Rhode Island,09/28/19,13351876,Beverages
Rhode Island,10/05/19,12855213,Beverages
Rhode Island,10/12/19,13557953,Beverages
Rhode Island,10/19/19,13779347,Beverages
Rhode Island,10/26/19,13306730,Beverages
Rhode Island,11/02/19,12908016,Beverages
Rhode Island,11/09/19,13539651,Beverages
Rhode Island,11/16/19,13756245,Beverages
Rhode Island,11/23/19,13359281,Beverages
Rhode Island,11/30/19,13305952,Beverages
Rhode Island,12/07/19,12789347,Beverages
Rhode Island,12/14/19,12997541,Beverages
Rhode Island,12/21/19,12677695,Beverages
Rhode Island,12/28/19,12849297,Beverages
Rhode Island,01/04/20,13013771,Beverages
Rhode Island,01/11/20,12534687,Beverages
Rhode Island,01/18/20,13045022,Beverages
Rhode Island,01/25/20,13552445,Beverages
Rhode Island,02/01/20,12830501,Beverages
Rhode Island,02/08/20,13569703,Beverages
Rhode Island,02/15/20,12930378,Beverages
Rhode Island,02/22/20,13093415,Beverages
Rhode Island,02/29/20,13884319,Beverages
Rhode Island,03/07/20,15187052,Beverages
Rhode Island,03/14/20,15358965,Beverages
Rhode Island,03/21/20,14888357,Beverages
Rhode Island,03/28/20,16274329,Beverages
Rhode Island,04/04/20,15925446,Beverages
Rhode Island,04/11/20,15663588,Beverages
Rhode Island,04/18/20,15213959,Beverages
Rhode Island,04/25/20,15066571,Beverages
Rhode Island,05/02/20,15007318,Beverages
Rhode Island,05/09/20,16011408,Beverages
Rhode Island,05/16/20,14895712,Beverages
Rhode Island,05/23/20,15464737,Beverages
Rhode Island,05/30/20,15170799,Beverages
Rhode Island,06/06/20,16055395,Beverages
Rhode Island,06/13/20,16894999,Beverages
Rhode Island,06/20/20,15944949,Beverages
Rhode Island,06/27/20,20259086,Beverages
Rhode Island,07/04/20,15754947,Beverages
Rhode Island,07/11/20,16440948,Beverages
Rhode Island,07/18/20,18763767,Beverages
Rhode Island,07/25/20,15354568,Beverages
Rhode Island,08/01/20,15375496,Beverages
Rhode Island,08/08/20,15996946,Beverages
Rhode Island,08/15/20,15518653,Beverages
Rhode Island,08/22/20,16329362,Beverages
Rhode Island,08/29/20,14833376,Beverages
Rhode Island,09/05/20,13394701,Beverages
Rhode Island,09/12/20,13424069,Beverages
Rhode Island,09/19/20,12987093,Beverages
Rhode Island,09/26/20,13507454,Beverages
Rhode Island,10/03/20,14169374,Beverages
Rhode Island,10/10/20,14025545,Beverages
Rhode Island,10/17/20,16812203,Beverages
Rhode Island,10/24/20,12963800,Beverages
Rhode Island,10/31/20,13978681,Beverages
Rhode Island,11/07/20,13929326,Beverages
Rhode Island,11/14/20,13875223,Beverages
Rhode Island,11/21/20,13172937,Beverages
Rhode Island,11/28/20,14550792,Beverages
Rhode Island,12/05/20,12177067,Beverages
Rhode Island,12/12/20,12257741,Beverages
Rhode Island,12/19/20,13023181,Beverages
Rhode Island,12/26/20,12884207,Beverages
Rhode Island,01/02/21,12812884,Beverages
Rhode Island,01/09/21,13268878,Beverages
Rhode Island,01/16/21,13155425,Beverages
Rhode Island,01/23/21,13150896,Beverages
Rhode Island,01/30/21,13648577,Beverages
Rhode Island,02/06/21,12944586,Beverages
Rhode Island,02/13/21,13328220,Beverages
Rhode Island,02/20/21,16091285,Beverages
Rhode Island,02/27/21,13599364,Beverages
Rhode Island,03/06/21,15490089,Beverages
Rhode Island,03/13/21,15426982,Beverages
Rhode Island,03/20/21,15985882,Beverages
Rhode Island,03/27/21,16376225,Beverages
Rhode Island,04/03/21,15407674,Beverages
Rhode Island,04/10/21,15272203,Beverages
Rhode Island,04/17/21,15012789,Beverages
Rhode Island,04/24/21,16028686,Beverages
Rhode Island,05/01/21,15109665,Beverages
Rhode Island,05/08/21,15042945,Beverages
Rhode Island,05/15/21,15035826,Beverages
Rhode Island,05/22/21,15921021,Beverages
Rhode Island,05/29/21,15152489,Beverages
Rhode Island,06/05/21,17609848,Beverages
Rhode Island,06/12/21,16514251,Beverages
Rhode Island,06/19/21,16285553,Beverages
Rhode Island,06/26/21,17169525,Beverages
Rhode Island,07/03/21,16819027,Beverages
Rhode Island,07/10/21,15669573,Beverages
Rhode Island,07/17/21,16976598,Beverages
Rhode Island,07/24/21,16698550,Beverages
Rhode Island,07/31/21,15843277,Beverages
Rhode Island,08/07/21,15889476,Beverages
Rhode Island,08/14/21,16497107,Beverages
Rhode Island,08/21/21,16451380,Beverages
Rhode Island,08/28/21,15552753,Beverages
Rhode Island,09/04/21,13578498,Beverages
Rhode Island,09/11/21,13661037,Beverages
Rhode Island,09/18/21,14197358,Beverages
Rhode Island,09/25/21,13194974,Beverages
Rhode Island,10/02/21,13329515,Beverages
Rhode Island,10/09/21,13832599,Beverages
Rhode Island,10/16/21,13697614,Beverages
Rhode Island,10/23/21,17123922,Beverages
Rhode Island,10/30/21,13963292,Beverages
Rhode Island,11/06/21,14324110,Beverages
Rhode Island,11/13/21,13870014,Beverages
Rhode Island,11/20/21,16338051,Beverages
Rhode Island,11/27/21,14542177,Beverages
Rhode Island,12/04/21,13096248,Beverages
Rhode Island,12/11/21,13182831,Beverages
Rhode Island,12/18/21,12649837,Beverages
Rhode Island,12/25/21,13146944,Beverages
Rhode Island,01/01/22,13016394,Beverages
Rhode Island,01/08/22,13594363,Beverages
Rhode Island,01/15/22,13451998,Beverages
Rhode Island,01/22/22,13576015,Beverages
Rhode Island,01/29/22,13214067,Beverages
Rhode Island,02/05/22,14000027,Beverages
Rhode Island,02/12/22,13546949,Beverages
Rhode Island,02/19/22,13362868,Beverages
Rhode Island,02/26/22,13468597,Beverages
Rhode Island,03/05/22,16081472,Beverages
Rhode Island,03/12/22,15884149,Beverages
Rhode Island,03/19/22,16290975,Beverages
Rhode Island,03/26/22,16634819,Beverages
Rhode Island,04/02/22,16734691,Beverages
Rhode Island,04/09/22,16471269,Beverages
Rhode Island,04/16/22,15527399,Beverages
Rhode Island,04/23/22,16336925,Beverages
Rhode Island,04/30/22,16264353,Beverages
Rhode Island,05/07/22,15600145,Beverages
Rhode Island,05/14/22,16211463,Beverages
Rhode Island,05/21/22,16124153,Beverages
Rhode Island,05/28/22,16142747,Beverages
Rhode Island,06/04/22,16626615,Beverages
Rhode Island,06/11/22,17147197,Beverages
Rhode Island,06/18/22,17635543,Beverages
Rhode Island,06/25/22,16724721,Beverages
Rhode Island,07/02/22,16573701,Beverages
Rhode Island,07/09/22,16323712,Beverages
Rhode Island,07/16/22,16394147,Beverages
Rhode Island,07/23/22,15995061,Beverages
Rhode Island,07/30/22,15583579,Beverages
Rhode Island,08/06/22,16512919,Beverages
Rhode Island,08/13/22,16160242,Beverages
Rhode Island,08/20/22,19684330,Beverages
Rhode Island,08/27/22,16740465,Beverages
Rhode Island,09/03/22,13853442,Beverages
Rhode Island,09/10/22,13262009,Beverages
Rhode Island,09/17/22,14591699,Beverages
Rhode Island,09/24/22,14558115,Beverages
Rhode Island,10/01/22,13702687,Beverages
Rhode Island,10/08/22,14124225,Beverages
Rhode Island,10/15/22,13966195,Beverages
Rhode Island,10/22/22,13584789,Beverages
Rhode Island,10/29/22,13512568,Beverages
Rhode Island,11/05/22,13693981,Beverages
Rhode Island,11/12/22,11952842,Beverages
Rhode Island,11/19/22,14702316,Beverages
Rhode Island,11/26/22,13804141,Beverages
Rhode Island,12/03/22,12289828,Beverages
Rhode Island,12/10/22,13439733,Beverages
Rhode Island,12/17/22,12538816,Beverages
Rhode Island,12/24/22,12838352,Beverages
Rhode Island,12/31/22,13207827,Beverages
South Carolina,01/12/19,88497991,Beverages
South Carolina,01/19/19,91215925,Beverages
South Carolina,01/26/19,85840512,Beverages
South Carolina,02/02/19,93096027,Beverages
South Carolina,02/09/19,94850349,Beverages
South Carolina,02/16/19,89036997,Beverages
South Carolina,02/23/19,87430442,Beverages
South Carolina,03/02/19,107941233,Beverages
South Carolina,03/09/19,112274273,Beverages
South Carolina,03/16/19,105923197,Beverages
South Carolina,03/23/19,111833012,Beverages
South Carolina,03/30/19,104414394,Beverages
South Carolina,04/06/19,108160509,Beverages
South Carolina,04/13/19,112714927,Beverages
South Carolina,04/20/19,135526735,Beverages
South Carolina,04/27/19,104844095,Beverages
South Carolina,05/04/19,111150106,Beverages
South Carolina,05/11/19,110826608,Beverages
South Carolina,05/18/19,104229433,Beverages
South Carolina,05/25/19,101670340,Beverages
South Carolina,06/01/19,114538275,Beverages
South Carolina,06/08/19,112786727,Beverages
South Carolina,06/15/19,111596470,Beverages
South Carolina,06/22/19,117211623,Beverages
South Carolina,06/29/19,110933302,Beverages
South Carolina,07/06/19,116704691,Beverages
South Carolina,07/13/19,116212035,Beverages
South Carolina,07/20/19,113224359,Beverages
South Carolina,07/27/19,111232227,Beverages
South Carolina,08/03/19,105706234,Beverages
South Carolina,08/10/19,110004609,Beverages
South Carolina,08/17/19,106038174,Beverages
South Carolina,08/24/19,107650268,Beverages
South Carolina,08/31/19,111226241,Beverages
South Carolina,09/07/19,94198157,Beverages
South Carolina,09/14/19,92560468,Beverages
South Carolina,09/21/19,94354720,Beverages
South Carolina,09/28/19,93153319,Beverages
South Carolina,10/05/19,93467591,Beverages
South Carolina,10/12/19,97310927,Beverages
South Carolina,10/19/19,89790042,Beverages
South Carolina,10/26/19,94745103,Beverages
South Carolina,11/02/19,97490193,Beverages
South Carolina,11/09/19,95051306,Beverages
South Carolina,11/16/19,97320197,Beverages
South Carolina,11/23/19,92643609,Beverages
South Carolina,11/30/19,99289247,Beverages
South Carolina,12/07/19,83363987,Beverages
South Carolina,12/14/19,72406158,Beverages
South Carolina,12/21/19,92272773,Beverages
South Carolina,12/28/19,93426884,Beverages
South Carolina,01/04/20,86687470,Beverages
South Carolina,01/11/20,91986542,Beverages
South Carolina,01/18/20,89591889,Beverages
South Carolina,01/25/20,92664014,Beverages
South Carolina,02/01/20,88318787,Beverages
South Carolina,02/08/20,89546592,Beverages
South Carolina,02/15/20,96304875,Beverages
South Carolina,02/22/20,90736516,Beverages
South Carolina,02/29/20,97001807,Beverages
South Carolina,03/07/20,111944763,Beverages
South Carolina,03/14/20,114945199,Beverages
South Carolina,03/21/20,113197870,Beverages
South Carolina,03/28/20,108312691,Beverages
South Carolina,04/04/20,105449251,Beverages
South Carolina,04/11/20,113472555,Beverages
South Carolina,04/18/20,113530793,Beverages
South Carolina,04/25/20,111110222,Beverages
South Carolina,05/02/20,103997498,Beverages
South Carolina,05/09/20,107666122,Beverages
South Carolina,05/16/20,102972150,Beverages
South Carolina,05/23/20,112011276,Beverages
South Carolina,05/30/20,107992565,Beverages
South Carolina,06/06/20,114023903,Beverages
South Carolina,06/13/20,118164157,Beverages
South Carolina,06/20/20,114963444,Beverages
South Carolina,06/27/20,113471861,Beverages
South Carolina,07/04/20,112522731,Beverages
South Carolina,07/11/20,113516155,Beverages
South Carolina,07/18/20,118180092,Beverages
South Carolina,07/25/20,116481571,Beverages
South Carolina,08/01/20,112751231,Beverages
South Carolina,08/08/20,111848446,Beverages
South Carolina,08/15/20,109444826,Beverages
South Carolina,08/22/20,114251627,Beverages
South Carolina,08/29/20,127813275,Beverages
South Carolina,09/05/20,95181877,Beverages
South Carolina,09/12/20,94767730,Beverages
South Carolina,09/19/20,98992061,Beverages
South Carolina,09/26/20,78210781,Beverages
South Carolina,10/03/20,99334026,Beverages
South Carolina,10/10/20,96512678,Beverages
South Carolina,10/17/20,96787186,Beverages
South Carolina,10/24/20,99587911,Beverages
South Carolina,10/31/20,98133943,Beverages
South Carolina,11/07/20,96965400,Beverages
South Carolina,11/14/20,95002557,Beverages
South Carolina,11/21/20,92721470,Beverages
South Carolina,11/28/20,98009696,Beverages
South Carolina,12/05/20,88392839,Beverages
South Carolina,12/12/20,93819546,Beverages
South Carolina,12/19/20,89712870,Beverages
South Carolina,12/26/20,93329085,Beverages
South Carolina,01/02/21,90091434,Beverages
South Carolina,01/09/21,87235457,Beverages
South Carolina,01/16/21,91050369,Beverages
South Carolina,01/23/21,94613376,Beverages
South Carolina,01/30/21,96384111,Beverages
South Carolina,02/06/21,93204547,Beverages
South Carolina,02/13/21,89039974,Beverages
South Carolina,02/20/21,92350134,Beverages
South Carolina,02/27/21,91923641,Beverages
South Carolina,03/06/21,107434534,Beverages
South Carolina,03/13/21,115321982,Beverages
South Carolina,03/20/21,107149774,Beverages
South Carolina,03/27/21,110140205,Beverages
South Carolina,04/03/21,111453178,Beverages
South Carolina,04/10/21,108200316,Beverages
South Carolina,04/17/21,112702894,Beverages
South Carolina,04/24/21,115808125,Beverages
South Carolina,05/01/21,108081744,Beverages
South Carolina,05/08/21,106525390,Beverages
South Carolina,05/15/21,106169506,Beverages
South Carolina,05/22/21,105907249,Beverages
South Carolina,05/29/21,112405271,Beverages
South Carolina,06/05/21,121273045,Beverages
South Carolina,06/12/21,120160018,Beverages
South Carolina,06/19/21,117286003,Beverages
South Carolina,06/26/21,112893552,Beverages
South Carolina,07/03/21,117453221,Beverages
South Carolina,07/10/21,118935766,Beverages
South Carolina,07/17/21,111141435,Beverages
South Carolina,07/24/21,109727755,Beverages
South Carolina,07/31/21,113913275,Beverages
South Carolina,08/07/21,116512367,Beverages
South Carolina,08/14/21,108830661,Beverages
South Carolina,08/21/21,109959957,Beverages
South Carolina,08/28/21,134249608,Beverages
South Carolina,09/04/21,94102100,Beverages
South Carolina,09/11/21,99924587,Beverages
South Carolina,09/18/21,99655438,Beverages
South Carolina,09/25/21,100870700,Beverages
South Carolina,10/02/21,97295127,Beverages
South Carolina,10/09/21,98600710,Beverages
South Carolina,10/16/21,92122871,Beverages
South Carolina,10/23/21,94916768,Beverages
South Carolina,10/30/21,94620547,Beverages
South Carolina,11/06/21,93610525,Beverages
South Carolina,11/13/21,99969402,Beverages
South Carolina,11/20/21,96099226,Beverages
South Carolina,11/27/21,101643153,Beverages
South Carolina,12/04/21,92797246,Beverages
South Carolina,12/11/21,90904712,Beverages
South Carolina,12/18/21,93524080,Beverages
South Carolina,12/25/21,86837006,Beverages
South Carolina,01/01/22,91631380,Beverages
South Carolina,01/08/22,89007164,Beverages
South Carolina,01/15/22,90899272,Beverages
South Carolina,01/22/22,90055372,Beverages
South Carolina,01/29/22,89494534,Beverages
South Carolina,02/05/22,91533999,Beverages
South Carolina,02/12/22,92741511,Beverages
South Carolina,02/19/22,95385880,Beverages
South Carolina,02/26/22,92236014,Beverages
South Carolina,03/05/22,109373657,Beverages
South Carolina,03/12/22,111350760,Beverages
South Carolina,03/19/22,109818338,Beverages
South Carolina,03/26/22,91861802,Beverages
South Carolina,04/02/22,107386440,Beverages
South Carolina,04/09/22,113133630,Beverages
South Carolina,04/16/22,114794615,Beverages
South Carolina,04/23/22,108361939,Beverages
South Carolina,04/30/22,115318379,Beverages
South Carolina,05/07/22,106859859,Beverages
South Carolina,05/14/22,117151808,Beverages
South Carolina,05/21/22,106069044,Beverages
South Carolina,05/28/22,114540578,Beverages
South Carolina,06/04/22,116447209,Beverages
South Carolina,06/11/22,125308313,Beverages
South Carolina,06/18/22,116008563,Beverages
South Carolina,06/25/22,120117257,Beverages
South Carolina,07/02/22,114816287,Beverages
South Carolina,07/09/22,117669521,Beverages
South Carolina,07/16/22,120561014,Beverages
South Carolina,07/23/22,121046345,Beverages
South Carolina,07/30/22,112771713,Beverages
South Carolina,08/06/22,97785753,Beverages
South Carolina,08/13/22,115857448,Beverages
South Carolina,08/20/22,117252075,Beverages
South Carolina,08/27/22,115248127,Beverages
South Carolina,09/03/22,97542341,Beverages
South Carolina,09/10/22,98435426,Beverages
South Carolina,09/17/22,99809172,Beverages
South Carolina,09/24/22,97892772,Beverages
South Carolina,10/01/22,99538318,Beverages
South Carolina,10/08/22,95669640,Beverages
South Carolina,10/15/22,119875044,Beverages
South Carolina,10/22/22,93692152,Beverages
South Carolina,10/29/22,96282914,Beverages
South Carolina,11/05/22,101292995,Beverages
South Carolina,11/12/22,86765141,Beverages
South Carolina,11/19/22,96181002,Beverages
South Carolina,11/26/22,96681531,Beverages
South Carolina,12/03/22,93780921,Beverages
South Carolina,12/10/22,94559542,Beverages
South Carolina,12/17/22,90896431,Beverages
South Carolina,12/24/22,88312210,Beverages
South Carolina,12/31/22,90685099,Beverages
South Dakota,01/12/19,12906417,Beverages
South Dakota,01/19/19,13992439,Beverages
South Dakota,01/26/19,13880457,Beverages
South Dakota,02/02/19,13940854,Beverages
South Dakota,02/09/19,13612901,Beverages
South Dakota,02/16/19,13124589,Beverages
South Dakota,02/23/19,13307120,Beverages
South Dakota,03/02/19,13296947,Beverages
South Dakota,03/09/19,15485764,Beverages
South Dakota,03/16/19,15455425,Beverages
South Dakota,03/23/19,15778877,Beverages
South Dakota,03/30/19,15950351,Beverages
South Dakota,04/06/19,15993515,Beverages
South Dakota,04/13/19,15898689,Beverages
South Dakota,04/20/19,16679179,Beverages
South Dakota,04/27/19,16916136,Beverages
South Dakota,05/04/19,16390962,Beverages
South Dakota,05/11/19,15324863,Beverages
South Dakota,05/18/19,15781636,Beverages
South Dakota,05/25/19,16521637,Beverages
South Dakota,06/01/19,16680140,Beverages
South Dakota,06/08/19,17683021,Beverages
South Dakota,06/15/19,17935668,Beverages
South Dakota,06/22/19,16839605,Beverages
South Dakota,06/29/19,17034629,Beverages
South Dakota,07/06/19,17405614,Beverages
South Dakota,07/13/19,16971753,Beverages
South Dakota,07/20/19,16272142,Beverages
South Dakota,07/27/19,16955994,Beverages
South Dakota,08/03/19,15780248,Beverages
South Dakota,08/10/19,16220505,Beverages
South Dakota,08/17/19,16845900,Beverages
South Dakota,08/24/19,16188471,Beverages
South Dakota,08/31/19,15561818,Beverages
South Dakota,09/07/19,13584832,Beverages
South Dakota,09/14/19,13568800,Beverages
South Dakota,09/21/19,14187720,Beverages
South Dakota,09/28/19,14373044,Beverages
South Dakota,10/05/19,13605783,Beverages
South Dakota,10/12/19,17101509,Beverages
South Dakota,10/19/19,13735356,Beverages
South Dakota,10/26/19,14731299,Beverages
South Dakota,11/02/19,14860235,Beverages
South Dakota,11/09/19,14181717,Beverages
South Dakota,11/16/19,13779910,Beverages
South Dakota,11/23/19,14689069,Beverages
South Dakota,11/30/19,14972829,Beverages
South Dakota,12/07/19,13025753,Beverages
South Dakota,12/14/19,13254805,Beverages
South Dakota,12/21/19,13778921,Beverages
South Dakota,12/28/19,13092303,Beverages
South Dakota,01/04/20,13189991,Beverages
South Dakota,01/11/20,17032958,Beverages
South Dakota,01/18/20,13593142,Beverages
South Dakota,01/25/20,13852607,Beverages
South Dakota,02/01/20,13950142,Beverages
South Dakota,02/08/20,13882245,Beverages
South Dakota,02/15/20,13483265,Beverages
South Dakota,02/22/20,14154103,Beverages
South Dakota,02/29/20,14036232,Beverages
South Dakota,03/07/20,15929419,Beverages
South Dakota,03/14/20,16337752,Beverages
South Dakota,03/21/20,17091604,Beverages
South Dakota,03/28/20,15702527,Beverages
South Dakota,04/04/20,16389668,Beverages
South Dakota,04/11/20,17038727,Beverages
South Dakota,04/18/20,15807125,Beverages
South Dakota,04/25/20,15791210,Beverages
South Dakota,05/02/20,16669358,Beverages
South Dakota,05/09/20,15949602,Beverages
South Dakota,05/16/20,16349433,Beverages
South Dakota,05/23/20,15422870,Beverages
South Dakota,05/30/20,16067145,Beverages
South Dakota,06/06/20,16947909,Beverages
South Dakota,06/13/20,16855839,Beverages
South Dakota,06/20/20,17288675,Beverages
South Dakota,06/27/20,17962349,Beverages
South Dakota,07/04/20,16631335,Beverages
South Dakota,07/11/20,16643448,Beverages
South Dakota,07/18/20,16603482,Beverages
South Dakota,07/25/20,14514677,Beverages
South Dakota,08/01/20,17032701,Beverages
South Dakota,08/08/20,16098012,Beverages
South Dakota,08/15/20,16768371,Beverages
South Dakota,08/22/20,17102781,Beverages
South Dakota,08/29/20,16082015,Beverages
South Dakota,09/05/20,14296962,Beverages
South Dakota,09/12/20,11921675,Beverages
South Dakota,09/19/20,13669149,Beverages
South Dakota,09/26/20,14398883,Beverages
South Dakota,10/03/20,13798734,Beverages
South Dakota,10/10/20,14391057,Beverages
South Dakota,10/17/20,15061987,Beverages
South Dakota,10/24/20,14291820,Beverages
South Dakota,10/31/20,14951948,Beverages
South Dakota,11/07/20,14311837,Beverages
South Dakota,11/14/20,13900054,Beverages
South Dakota,11/21/20,14891125,Beverages
South Dakota,11/28/20,14474352,Beverages
South Dakota,12/05/20,13263517,Beverages
South Dakota,12/12/20,11933490,Beverages
South Dakota,12/19/20,13333663,Beverages
South Dakota,12/26/20,12140040,Beverages
South Dakota,01/02/21,13193664,Beverages
South Dakota,01/09/21,13731494,Beverages
South Dakota,01/16/21,14456393,Beverages
South Dakota,01/23/21,13820410,Beverages
South Dakota,01/30/21,13948029,Beverages
South Dakota,02/06/21,14060521,Beverages
South Dakota,02/13/21,13744949,Beverages
South Dakota,02/20/21,13621279,Beverages
South Dakota,02/27/21,13721255,Beverages
South Dakota,03/06/21,16062643,Beverages
South Dakota,03/13/21,17071674,Beverages
South Dakota,03/20/21,16257341,Beverages
South Dakota,03/27/21,16774950,Beverages
South Dakota,04/03/21,16013682,Beverages
South Dakota,04/10/21,16691535,Beverages
South Dakota,04/17/21,15916303,Beverages
South Dakota,04/24/21,16050882,Beverages
South Dakota,05/01/21,16377807,Beverages
South Dakota,05/08/21,17185390,Beverages
South Dakota,05/15/21,16852509,Beverages
South Dakota,05/22/21,16801013,Beverages
South Dakota,05/29/21,16743285,Beverages
South Dakota,06/05/21,17623063,Beverages
South Dakota,06/12/21,16964300,Beverages
South Dakota,06/19/21,17083105,Beverages
South Dakota,06/26/21,18192726,Beverages
South Dakota,07/03/21,18022710,Beverages
South Dakota,07/10/21,16940232,Beverages
South Dakota,07/17/21,17371344,Beverages
South Dakota,07/24/21,16445827,Beverages
South Dakota,07/31/21,17322560,Beverages
South Dakota,08/07/21,16831078,Beverages
South Dakota,08/14/21,17411094,Beverages
South Dakota,08/21/21,16460723,Beverages
South Dakota,08/28/21,14850042,Beverages
South Dakota,09/04/21,13968618,Beverages
South Dakota,09/11/21,15032663,Beverages
South Dakota,09/18/21,13926153,Beverages
South Dakota,09/25/21,14924323,Beverages
South Dakota,10/02/21,14632865,Beverages
South Dakota,10/09/21,15112883,Beverages
South Dakota,10/16/21,15023102,Beverages
South Dakota,10/23/21,14808561,Beverages
South Dakota,10/30/21,15176166,Beverages
South Dakota,11/06/21,13994394,Beverages
South Dakota,11/13/21,15432153,Beverages
South Dakota,11/20/21,15378324,Beverages
South Dakota,11/27/21,14334199,Beverages
South Dakota,12/04/21,13023424,Beverages
South Dakota,12/11/21,13550876,Beverages
South Dakota,12/18/21,14313765,Beverages
South Dakota,12/25/21,13760658,Beverages
South Dakota,01/01/22,13877290,Beverages
South Dakota,01/08/22,15871965,Beverages
South Dakota,01/15/22,13745398,Beverages
South Dakota,01/22/22,14212054,Beverages
South Dakota,01/29/22,13946988,Beverages
South Dakota,02/05/22,14352776,Beverages
South Dakota,02/12/22,14787732,Beverages
South Dakota,02/19/22,14319175,Beverages
South Dakota,02/26/22,15068966,Beverages
South Dakota,03/05/22,16450851,Beverages
South Dakota,03/12/22,16826662,Beverages
South Dakota,03/19/22,16410267,Beverages
South Dakota,03/26/22,16856446,Beverages
South Dakota,04/02/22,16873995,Beverages
South Dakota,04/09/22,17766104,Beverages
South Dakota,04/16/22,16621228,Beverages
South Dakota,04/23/22,16577899,Beverages
South Dakota,04/30/22,16235258,Beverages
South Dakota,05/07/22,17550800,Beverages
South Dakota,05/14/22,17185893,Beverages
South Dakota,05/21/22,16194182,Beverages
South Dakota,05/28/22,16444962,Beverages
South Dakota,06/04/22,17324363,Beverages
South Dakota,06/11/22,18578974,Beverages
South Dakota,06/18/22,18349837,Beverages
South Dakota,06/25/22,17902711,Beverages
South Dakota,07/02/22,18220865,Beverages
South Dakota,07/09/22,17212014,Beverages
South Dakota,07/16/22,16755411,Beverages
South Dakota,07/23/22,17611204,Beverages
South Dakota,07/30/22,17460853,Beverages
South Dakota,08/06/22,18134926,Beverages
South Dakota,08/13/22,15128827,Beverages
South Dakota,08/20/22,16671229,Beverages
South Dakota,08/27/22,17573676,Beverages
South Dakota,09/03/22,12992553,Beverages
South Dakota,09/10/22,12912620,Beverages
South Dakota,09/17/22,14983445,Beverages
South Dakota,09/24/22,14279435,Beverages
South Dakota,10/01/22,14974309,Beverages
South Dakota,10/08/22,14292991,Beverages
South Dakota,10/15/22,14392298,Beverages
South Dakota,10/22/22,14655113,Beverages
South Dakota,10/29/22,14760914,Beverages
South Dakota,11/05/22,15232397,Beverages
South Dakota,11/12/22,14292260,Beverages
South Dakota,11/19/22,14406169,Beverages
South Dakota,11/26/22,14393719,Beverages
South Dakota,12/03/22,13793224,Beverages
South Dakota,12/10/22,14293875,Beverages
South Dakota,12/17/22,13668130,Beverages
South Dakota,12/24/22,13448652,Beverages
South Dakota,12/31/22,13505665,Beverages
Tennessee,01/12/19,118827563,Beverages
Tennessee,01/19/19,128388094,Beverages
Tennessee,01/26/19,129441005,Beverages
Tennessee,02/02/19,123556193,Beverages
Tennessee,02/09/19,120737241,Beverages
Tennessee,02/16/19,130816999,Beverages
Tennessee,02/23/19,120006666,Beverages
Tennessee,03/02/19,146040166,Beverages
Tennessee,03/09/19,145548768,Beverages
Tennessee,03/16/19,147210080,Beverages
Tennessee,03/23/19,145856584,Beverages
Tennessee,03/30/19,147078402,Beverages
Tennessee,04/06/19,145598715,Beverages
Tennessee,04/13/19,153103370,Beverages
Tennessee,04/20/19,152100282,Beverages
Tennessee,04/27/19,152764340,Beverages
Tennessee,05/04/19,146558802,Beverages
Tennessee,05/11/19,150574470,Beverages
Tennessee,05/18/19,150144403,Beverages
Tennessee,05/25/19,148433412,Beverages
Tennessee,06/01/19,158892930,Beverages
Tennessee,06/08/19,162844153,Beverages
Tennessee,06/15/19,159583343,Beverages
Tennessee,06/22/19,148749568,Beverages
Tennessee,06/29/19,156439114,Beverages
Tennessee,07/06/19,148801958,Beverages
Tennessee,07/13/19,158495269,Beverages
Tennessee,07/20/19,154696558,Beverages
Tennessee,07/27/19,178441480,Beverages
Tennessee,08/03/19,182378015,Beverages
Tennessee,08/10/19,150279707,Beverages
Tennessee,08/17/19,187177755,Beverages
Tennessee,08/24/19,145224069,Beverages
Tennessee,08/31/19,145700623,Beverages
Tennessee,09/07/19,130141168,Beverages
Tennessee,09/14/19,125667135,Beverages
Tennessee,09/21/19,123757447,Beverages
Tennessee,09/28/19,130921739,Beverages
Tennessee,10/05/19,131603460,Beverages
Tennessee,10/12/19,130292158,Beverages
Tennessee,10/19/19,123447664,Beverages
Tennessee,10/26/19,124125171,Beverages
Tennessee,11/02/19,131704765,Beverages
Tennessee,11/09/19,125747075,Beverages
Tennessee,11/16/19,131054343,Beverages
Tennessee,11/23/19,108505944,Beverages
Tennessee,11/30/19,126472532,Beverages
Tennessee,12/07/19,115077243,Beverages
Tennessee,12/14/19,106721759,Beverages
Tennessee,12/21/19,104617062,Beverages
Tennessee,12/28/19,124973638,Beverages
Tennessee,01/04/20,124971680,Beverages
Tennessee,01/11/20,121625910,Beverages
Tennessee,01/18/20,120148818,Beverages
Tennessee,01/25/20,123377820,Beverages
Tennessee,02/01/20,130904377,Beverages
Tennessee,02/08/20,127119648,Beverages
Tennessee,02/15/20,132034655,Beverages
Tennessee,02/22/20,127269311,Beverages
Tennessee,02/29/20,126396186,Beverages
Tennessee,03/07/20,145198178,Beverages
Tennessee,03/14/20,153671257,Beverages
Tennessee,03/21/20,157311018,Beverages
Tennessee,03/28/20,124524445,Beverages
Tennessee,04/04/20,155105041,Beverages
Tennessee,04/11/20,152127268,Beverages
Tennessee,04/18/20,143055508,Beverages
Tennessee,04/25/20,182715905,Beverages
Tennessee,05/02/20,154710520,Beverages
Tennessee,05/09/20,149168364,Beverages
Tennessee,05/16/20,155257002,Beverages
Tennessee,05/23/20,143361106,Beverages
Tennessee,05/30/20,177368563,Beverages
Tennessee,06/06/20,162826804,Beverages
Tennessee,06/13/20,165763672,Beverages
Tennessee,06/20/20,152068997,Beverages
Tennessee,06/27/20,152484480,Beverages
Tennessee,07/04/20,152369968,Beverages
Tennessee,07/11/20,157434665,Beverages
Tennessee,07/18/20,157495527,Beverages
Tennessee,07/25/20,156061411,Beverages
Tennessee,08/01/20,157011879,Beverages
Tennessee,08/08/20,145057855,Beverages
Tennessee,08/15/20,148513202,Beverages
Tennessee,08/22/20,157429492,Beverages
Tennessee,08/29/20,143675476,Beverages
Tennessee,09/05/20,128528015,Beverages
Tennessee,09/12/20,126464194,Beverages
Tennessee,09/19/20,128940319,Beverages
Tennessee,09/26/20,126871112,Beverages
Tennessee,10/03/20,135953672,Beverages
Tennessee,10/10/20,124412611,Beverages
Tennessee,10/17/20,128570895,Beverages
Tennessee,10/24/20,131043155,Beverages
Tennessee,10/31/20,132113487,Beverages
Tennessee,11/07/20,132009700,Beverages
Tennessee,11/14/20,135999712,Beverages
Tennessee,11/21/20,128998928,Beverages
Tennessee,11/28/20,138203467,Beverages
Tennessee,12/05/20,122867334,Beverages
Tennessee,12/12/20,124322552,Beverages
Tennessee,12/19/20,128488942,Beverages
Tennessee,12/26/20,121344889,Beverages
Tennessee,01/02/21,129208651,Beverages
Tennessee,01/09/21,125233302,Beverages
Tennessee,01/16/21,128887254,Beverages
Tennessee,01/23/21,127263253,Beverages
Tennessee,01/30/21,133114710,Beverages
Tennessee,02/06/21,134019946,Beverages
Tennessee,02/13/21,127726397,Beverages
Tennessee,02/20/21,124072164,Beverages
Tennessee,02/27/21,128991211,Beverages
Tennessee,03/06/21,155535543,Beverages
Tennessee,03/13/21,149694671,Beverages
Tennessee,03/20/21,150000874,Beverages
Tennessee,03/27/21,148906242,Beverages
Tennessee,04/03/21,150887903,Beverages
Tennessee,04/10/21,158462371,Beverages
Tennessee,04/17/21,150074466,Beverages
Tennessee,04/24/21,146840359,Beverages
Tennessee,05/01/21,146851820,Beverages
Tennessee,05/08/21,146685066,Beverages
Tennessee,05/15/21,145178110,Beverages
Tennessee,05/22/21,157839782,Beverages
Tennessee,05/29/21,143003333,Beverages
Tennessee,06/05/21,169166973,Beverages
Tennessee,06/12/21,168114028,Beverages
Tennessee,06/19/21,168560114,Beverages
Tennessee,06/26/21,163531813,Beverages
Tennessee,07/03/21,155186156,Beverages
Tennessee,07/10/21,157506189,Beverages
Tennessee,07/17/21,151665317,Beverages
Tennessee,07/24/21,138319826,Beverages
Tennessee,07/31/21,160416081,Beverages
Tennessee,08/07/21,159782102,Beverages
Tennessee,08/14/21,154945447,Beverages
Tennessee,08/21/21,152406725,Beverages
Tennessee,08/28/21,156255876,Beverages
Tennessee,09/04/21,133589376,Beverages
Tennessee,09/11/21,129509417,Beverages
Tennessee,09/18/21,136270483,Beverages
Tennessee,09/25/21,137630380,Beverages
Tennessee,10/02/21,130729329,Beverages
Tennessee,10/09/21,132075472,Beverages
Tennessee,10/16/21,130516458,Beverages
Tennessee,10/23/21,135098207,Beverages
Tennessee,10/30/21,138466189,Beverages
Tennessee,11/06/21,129739261,Beverages
Tennessee,11/13/21,135816378,Beverages
Tennessee,11/20/21,132006907,Beverages
Tennessee,11/27/21,138476938,Beverages
Tennessee,12/04/21,123274515,Beverages
Tennessee,12/11/21,126793474,Beverages
Tennessee,12/18/21,127934117,Beverages
Tennessee,12/25/21,129918299,Beverages
Tennessee,01/01/22,130000528,Beverages
Tennessee,01/08/22,123166304,Beverages
Tennessee,01/15/22,125874461,Beverages
Tennessee,01/22/22,127969275,Beverages
Tennessee,01/29/22,131306669,Beverages
Tennessee,02/05/22,126028194,Beverages
Tennessee,02/12/22,134785048,Beverages
Tennessee,02/19/22,128683993,Beverages
Tennessee,02/26/22,126643735,Beverages
Tennessee,03/05/22,148370273,Beverages
Tennessee,03/12/22,156518226,Beverages
Tennessee,03/19/22,154509280,Beverages
Tennessee,03/26/22,148677860,Beverages
Tennessee,04/02/22,179680015,Beverages
Tennessee,04/09/22,155670541,Beverages
Tennessee,04/16/22,148774284,Beverages
Tennessee,04/23/22,147403444,Beverages
Tennessee,04/30/22,151187750,Beverages
Tennessee,05/07/22,160389865,Beverages
Tennessee,05/14/22,146313056,Beverages
Tennessee,05/21/22,157019092,Beverages
Tennessee,05/28/22,146779497,Beverages
Tennessee,06/04/22,171364852,Beverages
Tennessee,06/11/22,166874350,Beverages
Tennessee,06/18/22,160388645,Beverages
Tennessee,06/25/22,169888282,Beverages
Tennessee,07/02/22,163260797,Beverages
Tennessee,07/09/22,159045528,Beverages
Tennessee,07/16/22,162929107,Beverages
Tennessee,07/23/22,155434774,Beverages
Tennessee,07/30/22,163362998,Beverages
Tennessee,08/06/22,159835554,Beverages
Tennessee,08/13/22,157478519,Beverages
Tennessee,08/20/22,163942365,Beverages
Tennessee,08/27/22,148995238,Beverages
Tennessee,09/03/22,138988503,Beverages
Tennessee,09/10/22,141216705,Beverages
Tennessee,09/17/22,132780885,Beverages
Tennessee,09/24/22,131351342,Beverages
Tennessee,10/01/22,129704291,Beverages
Tennessee,10/08/22,134926146,Beverages
Tennessee,10/15/22,129351620,Beverages
Tennessee,10/22/22,135927889,Beverages
Tennessee,10/29/22,132774987,Beverages
Tennessee,11/05/22,136121508,Beverages
Tennessee,11/12/22,130954626,Beverages
Tennessee,11/19/22,134785187,Beverages
Tennessee,11/26/22,143580561,Beverages
Tennessee,12/03/22,129072463,Beverages
Tennessee,12/10/22,130421794,Beverages
Tennessee,12/17/22,130467343,Beverages
Tennessee,12/24/22,125799981,Beverages
Tennessee,12/31/22,132509001,Beverages
Texas,01/12/19,415981956,Beverages
Texas,01/19/19,447400662,Beverages
Texas,01/26/19,435600951,Beverages
Texas,02/02/19,378938475,Beverages
Texas,02/09/19,436007515,Beverages
Texas,02/16/19,435635126,Beverages
Texas,02/23/19,465215169,Beverages
Texas,03/02/19,496933307,Beverages
Texas,03/09/19,540095268,Beverages
Texas,03/16/19,522687444,Beverages
Texas,03/23/19,535106020,Beverages
Texas,03/30/19,497704872,Beverages
Texas,04/06/19,541707562,Beverages
Texas,04/13/19,546386537,Beverages
Texas,04/20/19,525978009,Beverages
Texas,04/27/19,535027466,Beverages
Texas,05/04/19,521287979,Beverages
Texas,05/11/19,539652352,Beverages
Texas,05/18/19,508569565,Beverages
Texas,05/25/19,522316255,Beverages
Texas,06/01/19,578477183,Beverages
Texas,06/08/19,539325257,Beverages
Texas,06/15/19,566542759,Beverages
Texas,06/22/19,567714357,Beverages
Texas,06/29/19,527862345,Beverages
Texas,07/06/19,547538042,Beverages
Texas,07/13/19,559056426,Beverages
Texas,07/20/19,563633895,Beverages
Texas,07/27/19,534669589,Beverages
Texas,08/03/19,518855352,Beverages
Texas,08/10/19,527288731,Beverages
Texas,08/17/19,625027916,Beverages
Texas,08/24/19,526124857,Beverages
Texas,08/31/19,541245148,Beverages
Texas,09/07/19,469898615,Beverages
Texas,09/14/19,453627332,Beverages
Texas,09/21/19,471775876,Beverages
Texas,09/28/19,473590646,Beverages
Texas,10/05/19,462018052,Beverages
Texas,10/12/19,450873566,Beverages
Texas,10/19/19,456524738,Beverages
Texas,10/26/19,468101900,Beverages
Texas,11/02/19,476628065,Beverages
Texas,11/09/19,467586239,Beverages
Texas,11/16/19,458105601,Beverages
Texas,11/23/19,483615171,Beverages
Texas,11/30/19,454675094,Beverages
Texas,12/07/19,405348621,Beverages
Texas,12/14/19,434953229,Beverages
Texas,12/21/19,445822986,Beverages
Texas,12/28/19,437994492,Beverages
Texas,01/04/20,430836127,Beverages
Texas,01/11/20,424568030,Beverages
Texas,01/18/20,431731043,Beverages
Texas,01/25/20,432935913,Beverages
Texas,02/01/20,463427500,Beverages
Texas,02/08/20,438560183,Beverages
Texas,02/15/20,427305970,Beverages
Texas,02/22/20,439241316,Beverages
Texas,02/29/20,469312848,Beverages
Texas,03/07/20,545742111,Beverages
Texas,03/14/20,504024141,Beverages
Texas,03/21/20,535566467,Beverages
Texas,03/28/20,519194315,Beverages
Texas,04/04/20,554184583,Beverages
Texas,04/11/20,508373572,Beverages
Texas,04/18/20,517883938,Beverages
Texas,04/25/20,516915393,Beverages
Texas,05/02/20,504611163,Beverages
Texas,05/09/20,546113911,Beverages
Texas,05/16/20,514476521,Beverages
Texas,05/23/20,525542992,Beverages
Texas,05/30/20,513110078,Beverages
Texas,06/06/20,556479152,Beverages
Texas,06/13/20,684671195,Beverages
Texas,06/20/20,556235729,Beverages
Texas,06/27/20,529727046,Beverages
Texas,07/04/20,539109614,Beverages
Texas,07/11/20,562517819,Beverages
Texas,07/18/20,540413732,Beverages
Texas,07/25/20,558655020,Beverages
Texas,08/01/20,553438559,Beverages
Texas,08/08/20,551026824,Beverages
Texas,08/15/20,558522293,Beverages
Texas,08/22/20,534648600,Beverages
Texas,08/29/20,555648139,Beverages
Texas,09/05/20,444722074,Beverages
Texas,09/12/20,443984184,Beverages
Texas,09/19/20,463609464,Beverages
Texas,09/26/20,441003079,Beverages
Texas,10/03/20,473648046,Beverages
Texas,10/10/20,455556268,Beverages
Texas,10/17/20,462027877,Beverages
Texas,10/24/20,446609683,Beverages
Texas,10/31/20,448806600,Beverages
Texas,11/07/20,446543975,Beverages
Texas,11/14/20,467580212,Beverages
Texas,11/21/20,475642911,Beverages
Texas,11/28/20,488401518,Beverages
Texas,12/05/20,433883476,Beverages
Texas,12/12/20,449430625,Beverages
Texas,12/19/20,440037906,Beverages
Texas,12/26/20,438225643,Beverages
Texas,01/02/21,457493075,Beverages
Texas,01/09/21,435894993,Beverages
Texas,01/16/21,440667356,Beverages
Texas,01/23/21,442394219,Beverages
Texas,01/30/21,471328615,Beverages
Texas,02/06/21,438130534,Beverages
Texas,02/13/21,432743907,Beverages
Texas,02/20/21,457529909,Beverages
Texas,02/27/21,466194077,Beverages
Texas,03/06/21,522329243,Beverages
Texas,03/13/21,562963641,Beverages
Texas,03/20/21,551737577,Beverages
Texas,03/27/21,554216705,Beverages
Texas,04/03/21,547797765,Beverages
Texas,04/10/21,562384729,Beverages
Texas,04/17/21,524182163,Beverages
Texas,04/24/21,551427341,Beverages
Texas,05/01/21,519135812,Beverages
Texas,05/08/21,544751702,Beverages
Texas,05/15/21,533181622,Beverages
Texas,05/22/21,534481416,Beverages
Texas,05/29/21,512228343,Beverages
Texas,06/05/21,562515707,Beverages
Texas,06/12/21,573759357,Beverages
Texas,06/19/21,545773643,Beverages
Texas,06/26/21,594728808,Beverages
Texas,07/03/21,584729460,Beverages
Texas,07/10/21,561413470,Beverages
Texas,07/17/21,540440625,Beverages
Texas,07/24/21,541852301,Beverages
Texas,07/31/21,528559817,Beverages
Texas,08/07/21,526799476,Beverages
Texas,08/14/21,535525560,Beverages
Texas,08/21/21,543279461,Beverages
Texas,08/28/21,549888446,Beverages
Texas,09/04/21,448348136,Beverages
Texas,09/11/21,473929630,Beverages
Texas,09/18/21,462626690,Beverages
Texas,09/25/21,484905820,Beverages
Texas,10/02/21,398843098,Beverages
Texas,10/09/21,444936805,Beverages
Texas,10/16/21,477450212,Beverages
Texas,10/23/21,468117087,Beverages
Texas,10/30/21,483472155,Beverages
Texas,11/06/21,478774364,Beverages
Texas,11/13/21,453336768,Beverages
Texas,11/20/21,553437592,Beverages
Texas,11/27/21,487479502,Beverages
Texas,12/04/21,366442075,Beverages
Texas,12/11/21,430397812,Beverages
Texas,12/18/21,425551345,Beverages
Texas,12/25/21,452980382,Beverages
Texas,01/01/22,444034386,Beverages
Texas,01/08/22,441828260,Beverages
Texas,01/15/22,431132214,Beverages
Texas,01/22/22,446124523,Beverages
Texas,01/29/22,445328982,Beverages
Texas,02/05/22,476236348,Beverages
Texas,02/12/22,477711552,Beverages
Texas,02/19/22,479102732,Beverages
Texas,02/26/22,483746823,Beverages
Texas,03/05/22,545969702,Beverages
Texas,03/12/22,541564838,Beverages
Texas,03/19/22,551287649,Beverages
Texas,03/26/22,523097168,Beverages
Texas,04/02/22,545947191,Beverages
Texas,04/09/22,570362406,Beverages
Texas,04/16/22,565598617,Beverages
Texas,04/23/22,523451879,Beverages
Texas,04/30/22,538775167,Beverages
Texas,05/07/22,559656052,Beverages
Texas,05/14/22,542341183,Beverages
Texas,05/21/22,537480937,Beverages
Texas,05/28/22,533614274,Beverages
Texas,06/04/22,583939581,Beverages
Texas,06/11/22,567963444,Beverages
Texas,06/18/22,573939050,Beverages
Texas,06/25/22,552995766,Beverages
Texas,07/02/22,553648124,Beverages
Texas,07/09/22,546781956,Beverages
Texas,07/16/22,557365427,Beverages
Texas,07/23/22,570482360,Beverages
Texas,07/30/22,543098729,Beverages
Texas,08/06/22,570170838,Beverages
Texas,08/13/22,576141566,Beverages
Texas,08/20/22,544209273,Beverages
Texas,08/27/22,558745299,Beverages
Texas,09/03/22,467949519,Beverages
Texas,09/10/22,489367702,Beverages
Texas,09/17/22,456762161,Beverages
Texas,09/24/22,454539169,Beverages
Texas,10/01/22,392175967,Beverages
Texas,10/08/22,495463487,Beverages
Texas,10/15/22,485063573,Beverages
Texas,10/22/22,498001624,Beverages
Texas,10/29/22,477913351,Beverages
Texas,11/05/22,467310945,Beverages
Texas,11/12/22,469740462,Beverages
Texas,11/19/22,480849398,Beverages
Texas,11/26/22,483726470,Beverages
Texas,12/03/22,431153950,Beverages
Texas,12/10/22,422582211,Beverages
Texas,12/17/22,448985323,Beverages
Texas,12/24/22,433312784,Beverages
Texas,12/31/22,462217295,Beverages
Utah,01/12/19,40740257,Beverages
Utah,01/19/19,38534298,Beverages
Utah,01/26/19,39530625,Beverages
Utah,02/02/19,38131914,Beverages
Utah,02/09/19,40937023,Beverages
Utah,02/16/19,38059985,Beverages
Utah,02/23/19,39867271,Beverages
Utah,03/02/19,45679300,Beverages
Utah,03/09/19,49407933,Beverages
Utah,03/16/19,46222441,Beverages
Utah,03/23/19,46116419,Beverages
Utah,03/30/19,48841775,Beverages
Utah,04/06/19,45923633,Beverages
Utah,04/13/19,47945156,Beverages
Utah,04/20/19,46918841,Beverages
Utah,04/27/19,47076402,Beverages
Utah,05/04/19,48393723,Beverages
Utah,05/11/19,45135073,Beverages
Utah,05/18/19,48575239,Beverages
Utah,05/25/19,48131665,Beverages
Utah,06/01/19,50787744,Beverages
Utah,06/08/19,52213092,Beverages
Utah,06/15/19,48823252,Beverages
Utah,06/22/19,51667881,Beverages
Utah,06/29/19,52001903,Beverages
Utah,07/06/19,56209072,Beverages
Utah,07/13/19,61173023,Beverages
Utah,07/20/19,50636232,Beverages
Utah,07/27/19,49043789,Beverages
Utah,08/03/19,48046381,Beverages
Utah,08/10/19,47796617,Beverages
Utah,08/17/19,48172030,Beverages
Utah,08/24/19,45330660,Beverages
Utah,08/31/19,47694690,Beverages
Utah,09/07/19,43071509,Beverages
Utah,09/14/19,39854416,Beverages
Utah,09/21/19,40114425,Beverages
Utah,09/28/19,48185359,Beverages
Utah,10/05/19,41460562,Beverages
Utah,10/12/19,41635175,Beverages
Utah,10/19/19,41973771,Beverages
Utah,10/26/19,43191749,Beverages
Utah,11/02/19,39991783,Beverages
Utah,11/09/19,42349331,Beverages
Utah,11/16/19,43734543,Beverages
Utah,11/23/19,40672363,Beverages
Utah,11/30/19,43369201,Beverages
Utah,12/07/19,38001852,Beverages
Utah,12/14/19,40338126,Beverages
Utah,12/21/19,37792723,Beverages
Utah,12/28/19,39554403,Beverages
Utah,01/04/20,38758429,Beverages
Utah,01/11/20,38754538,Beverages
Utah,01/18/20,39305221,Beverages
Utah,01/25/20,40187084,Beverages
Utah,02/01/20,41202909,Beverages
Utah,02/08/20,40360132,Beverages
Utah,02/15/20,39985892,Beverages
Utah,02/22/20,40337085,Beverages
Utah,02/29/20,42327896,Beverages
Utah,03/07/20,48771974,Beverages
Utah,03/14/20,50171079,Beverages
Utah,03/21/20,49606770,Beverages
Utah,03/28/20,48681645,Beverages
Utah,04/04/20,49850623,Beverages
Utah,04/11/20,48232436,Beverages
Utah,04/18/20,47621051,Beverages
Utah,04/25/20,47051157,Beverages
Utah,05/02/20,46236746,Beverages
Utah,05/09/20,46498099,Beverages
Utah,05/16/20,58197218,Beverages
Utah,05/23/20,48375746,Beverages
Utah,05/30/20,48265660,Beverages
Utah,06/06/20,48848175,Beverages
Utah,06/13/20,49482745,Beverages
Utah,06/20/20,51317017,Beverages
Utah,06/27/20,52693609,Beverages
Utah,07/04/20,47797028,Beverages
Utah,07/11/20,50153410,Beverages
Utah,07/18/20,49572778,Beverages
Utah,07/25/20,46888701,Beverages
Utah,08/01/20,48790053,Beverages
Utah,08/08/20,49715948,Beverages
Utah,08/15/20,56890386,Beverages
Utah,08/22/20,43094357,Beverages
Utah,08/29/20,48503018,Beverages
Utah,09/05/20,50785731,Beverages
Utah,09/12/20,42451712,Beverages
Utah,09/19/20,42421445,Beverages
Utah,09/26/20,41836537,Beverages
Utah,10/03/20,42253758,Beverages
Utah,10/10/20,41928968,Beverages
Utah,10/17/20,42608785,Beverages
Utah,10/24/20,44047279,Beverages
Utah,10/31/20,41159106,Beverages
Utah,11/07/20,41117232,Beverages
Utah,11/14/20,41027368,Beverages
Utah,11/21/20,43989480,Beverages
Utah,11/28/20,44435775,Beverages
Utah,12/05/20,38518135,Beverages
Utah,12/12/20,40824335,Beverages
Utah,12/19/20,40164619,Beverages
Utah,12/26/20,41327872,Beverages
Utah,01/02/21,40239951,Beverages
Utah,01/09/21,41227780,Beverages
Utah,01/16/21,38283742,Beverages
Utah,01/23/21,40933877,Beverages
Utah,01/30/21,39896841,Beverages
Utah,02/06/21,41064049,Beverages
Utah,02/13/21,39951858,Beverages
Utah,02/20/21,42406038,Beverages
Utah,02/27/21,40215141,Beverages
Utah,03/06/21,48440126,Beverages
Utah,03/13/21,49315851,Beverages
Utah,03/20/21,48362455,Beverages
Utah,03/27/21,47163700,Beverages
Utah,04/03/21,48064080,Beverages
Utah,04/10/21,46567094,Beverages
Utah,04/17/21,46389732,Beverages
Utah,04/24/21,57495960,Beverages
Utah,05/01/21,48469903,Beverages
Utah,05/08/21,47560236,Beverages
Utah,05/15/21,46890582,Beverages
Utah,05/22/21,50168188,Beverages
Utah,05/29/21,48402225,Beverages
Utah,06/05/21,54080646,Beverages
Utah,06/12/21,52509789,Beverages
Utah,06/19/21,52125969,Beverages
Utah,06/26/21,51063375,Beverages
Utah,07/03/21,63084003,Beverages
Utah,07/10/21,52781068,Beverages
Utah,07/17/21,51456209,Beverages
Utah,07/24/21,51158366,Beverages
Utah,07/31/21,47596178,Beverages
Utah,08/07/21,51951176,Beverages
Utah,08/14/21,47023907,Beverages
Utah,08/21/21,51666916,Beverages
Utah,08/28/21,49416421,Beverages
Utah,09/04/21,44210002,Beverages
Utah,09/11/21,41117314,Beverages
Utah,09/18/21,44143828,Beverages
Utah,09/25/21,43466278,Beverages
Utah,10/02/21,44056654,Beverages
Utah,10/09/21,43414144,Beverages
Utah,10/16/21,41845543,Beverages
Utah,10/23/21,44247286,Beverages
Utah,10/30/21,42897344,Beverages
Utah,11/06/21,43431659,Beverages
Utah,11/13/21,41599700,Beverages
Utah,11/20/21,42482290,Beverages
Utah,11/27/21,44130899,Beverages
Utah,12/04/21,37650558,Beverages
Utah,12/11/21,37893735,Beverages
Utah,12/18/21,37779767,Beverages
Utah,12/25/21,39310062,Beverages
Utah,01/01/22,41928885,Beverages
Utah,01/08/22,41327952,Beverages
Utah,01/15/22,41770942,Beverages
Utah,01/22/22,40824264,Beverages
Utah,01/29/22,40412337,Beverages
Utah,02/05/22,41135337,Beverages
Utah,02/12/22,40540529,Beverages
Utah,02/19/22,42202131,Beverages
Utah,02/26/22,41422143,Beverages
Utah,03/05/22,47828887,Beverages
Utah,03/12/22,50692451,Beverages
Utah,03/19/22,47427505,Beverages
Utah,03/26/22,42612721,Beverages
Utah,04/02/22,47427302,Beverages
Utah,04/09/22,48847689,Beverages
Utah,04/16/22,59965312,Beverages
Utah,04/23/22,50387183,Beverages
Utah,04/30/22,51248785,Beverages
Utah,05/07/22,47792301,Beverages
Utah,05/14/22,47828374,Beverages
Utah,05/21/22,50500606,Beverages
Utah,05/28/22,49964385,Beverages
Utah,06/04/22,51375028,Beverages
Utah,06/11/22,50829533,Beverages
Utah,06/18/22,54579769,Beverages
Utah,06/25/22,50978976,Beverages
Utah,07/02/22,52291885,Beverages
Utah,07/09/22,52344572,Beverages
Utah,07/16/22,53473029,Beverages
Utah,07/23/22,52206835,Beverages
Utah,07/30/22,48962780,Beverages
Utah,08/06/22,51730704,Beverages
Utah,08/13/22,49789791,Beverages
Utah,08/20/22,49798654,Beverages
Utah,08/27/22,50957604,Beverages
Utah,09/03/22,41864216,Beverages
Utah,09/10/22,43023765,Beverages
Utah,09/17/22,44819876,Beverages
Utah,09/24/22,41312920,Beverages
Utah,10/01/22,44885471,Beverages
Utah,10/08/22,43969991,Beverages
Utah,10/15/22,44724595,Beverages
Utah,10/22/22,43805512,Beverages
Utah,10/29/22,41511168,Beverages
Utah,11/05/22,41439500,Beverages
Utah,11/12/22,42494796,Beverages
Utah,11/19/22,43335120,Beverages
Utah,11/26/22,45592232,Beverages
Utah,12/03/22,39842748,Beverages
Utah,12/10/22,46035890,Beverages
Utah,12/17/22,40941064,Beverages
Utah,12/24/22,41407533,Beverages
Utah,12/31/22,39245008,Beverages
Vermont,01/12/19,8893642,Beverages
Vermont,01/19/19,9520494,Beverages
Vermont,01/26/19,9195770,Beverages
Vermont,02/02/19,9482397,Beverages
Vermont,02/09/19,9217852,Beverages
Vermont,02/16/19,9751026,Beverages
Vermont,02/23/19,9690861,Beverages
Vermont,03/02/19,11212388,Beverages
Vermont,03/09/19,10914271,Beverages
Vermont,03/16/19,11609592,Beverages
Vermont,03/23/19,11260345,Beverages
Vermont,03/30/19,11776250,Beverages
Vermont,04/06/19,11134244,Beverages
Vermont,04/13/19,11548840,Beverages
Vermont,04/20/19,11149348,Beverages
Vermont,04/27/19,11288633,Beverages
Vermont,05/04/19,11564419,Beverages
Vermont,05/11/19,11020828,Beverages
Vermont,05/18/19,11585992,Beverages
Vermont,05/25/19,13089622,Beverages
Vermont,06/01/19,12161718,Beverages
Vermont,06/08/19,11826888,Beverages
Vermont,06/15/19,11479610,Beverages
Vermont,06/22/19,11460914,Beverages
Vermont,06/29/19,11790193,Beverages
Vermont,07/06/19,11794755,Beverages
Vermont,07/13/19,11343692,Beverages
Vermont,07/20/19,11010085,Beverages
Vermont,07/27/19,11869875,Beverages
Vermont,08/03/19,9421575,Beverages
Vermont,08/10/19,11922162,Beverages
Vermont,08/17/19,11185677,Beverages
Vermont,08/24/19,10844566,Beverages
Vermont,08/31/19,11115068,Beverages
Vermont,09/07/19,10071402,Beverages
Vermont,09/14/19,9289864,Beverages
Vermont,09/21/19,9304473,Beverages
Vermont,09/28/19,9916604,Beverages
Vermont,10/05/19,10054105,Beverages
Vermont,10/12/19,10062384,Beverages
Vermont,10/19/19,9862837,Beverages
Vermont,10/26/19,9630469,Beverages
Vermont,11/02/19,11230142,Beverages
Vermont,11/09/19,10362302,Beverages
Vermont,11/16/19,10025551,Beverages
Vermont,11/23/19,9770319,Beverages
Vermont,11/30/19,10086200,Beverages
Vermont,12/07/19,8876640,Beverages
Vermont,12/14/19,8951151,Beverages
Vermont,12/21/19,9296443,Beverages
Vermont,12/28/19,7907768,Beverages
Vermont,01/04/20,9129117,Beverages
Vermont,01/11/20,11146927,Beverages
Vermont,01/18/20,9843864,Beverages
Vermont,01/25/20,9910825,Beverages
Vermont,02/01/20,9498019,Beverages
Vermont,02/08/20,11190494,Beverages
Vermont,02/15/20,11958396,Beverages
Vermont,02/22/20,9211251,Beverages
Vermont,02/29/20,9374571,Beverages
Vermont,03/07/20,11548972,Beverages
Vermont,03/14/20,11057248,Beverages
Vermont,03/21/20,11419007,Beverages
Vermont,03/28/20,11122522,Beverages
Vermont,04/04/20,13760887,Beverages
Vermont,04/11/20,11668637,Beverages
Vermont,04/18/20,11837761,Beverages
Vermont,04/25/20,11341084,Beverages
Vermont,05/02/20,11028716,Beverages
Vermont,05/09/20,11085405,Beverages
Vermont,05/16/20,11114758,Beverages
Vermont,05/23/20,11641254,Beverages
Vermont,05/30/20,11089787,Beverages
Vermont,06/06/20,12289288,Beverages
Vermont,06/13/20,9830983,Beverages
Vermont,06/20/20,11886046,Beverages
Vermont,06/27/20,12114512,Beverages
Vermont,07/04/20,11437961,Beverages
Vermont,07/11/20,11963702,Beverages
Vermont,07/18/20,12170849,Beverages
Vermont,07/25/20,11477353,Beverages
Vermont,08/01/20,11788469,Beverages
Vermont,08/08/20,11999309,Beverages
Vermont,08/15/20,11674422,Beverages
Vermont,08/22/20,11400085,Beverages
Vermont,08/29/20,9969389,Beverages
Vermont,09/05/20,10300367,Beverages
Vermont,09/12/20,10036543,Beverages
Vermont,09/19/20,12027629,Beverages
Vermont,09/26/20,9893092,Beverages
Vermont,10/03/20,10013873,Beverages
Vermont,10/10/20,9795967,Beverages
Vermont,10/17/20,9749285,Beverages
Vermont,10/24/20,9793546,Beverages
Vermont,10/31/20,10365727,Beverages
Vermont,11/07/20,9813178,Beverages
Vermont,11/14/20,10268246,Beverages
Vermont,11/21/20,10244434,Beverages
Vermont,11/28/20,10384824,Beverages
Vermont,12/05/20,9358044,Beverages
Vermont,12/12/20,9575170,Beverages
Vermont,12/19/20,8093927,Beverages
Vermont,12/26/20,9057891,Beverages
Vermont,01/02/21,9819230,Beverages
Vermont,01/09/21,9091497,Beverages
Vermont,01/16/21,9618593,Beverages
Vermont,01/23/21,9450673,Beverages
Vermont,01/30/21,9831919,Beverages
Vermont,02/06/21,9257101,Beverages
Vermont,02/13/21,9306038,Beverages
Vermont,02/20/21,10054414,Beverages
Vermont,02/27/21,9398124,Beverages
Vermont,03/06/21,11246149,Beverages
Vermont,03/13/21,11230323,Beverages
Vermont,03/20/21,11797865,Beverages
Vermont,03/27/21,11491956,Beverages
Vermont,04/03/21,11903754,Beverages
Vermont,04/10/21,12017364,Beverages
Vermont,04/17/21,12054248,Beverages
Vermont,04/24/21,11616219,Beverages
Vermont,05/01/21,11300473,Beverages
Vermont,05/08/21,10951316,Beverages
Vermont,05/15/21,11688702,Beverages
Vermont,05/22/21,10992152,Beverages
Vermont,05/29/21,10975308,Beverages
Vermont,06/05/21,11940124,Beverages
Vermont,06/12/21,11968588,Beverages
Vermont,06/19/21,12662928,Beverages
Vermont,06/26/21,11586160,Beverages
Vermont,07/03/21,11593191,Beverages
Vermont,07/10/21,12132124,Beverages
Vermont,07/17/21,12033819,Beverages
Vermont,07/24/21,12247774,Beverages
Vermont,07/31/21,12270686,Beverages
Vermont,08/07/21,13876146,Beverages
Vermont,08/14/21,11319675,Beverages
Vermont,08/21/21,11461077,Beverages
Vermont,08/28/21,11835897,Beverages
Vermont,09/04/21,10207180,Beverages
Vermont,09/11/21,10353156,Beverages
Vermont,09/18/21,9825140,Beverages
Vermont,09/25/21,9877454,Beverages
Vermont,10/02/21,9944601,Beverages
Vermont,10/09/21,9697149,Beverages
Vermont,10/16/21,10111511,Beverages
Vermont,10/23/21,10057012,Beverages
Vermont,10/30/21,10339496,Beverages
Vermont,11/06/21,9755037,Beverages
Vermont,11/13/21,10057230,Beverages
Vermont,11/20/21,10718539,Beverages
Vermont,11/27/21,10408259,Beverages
Vermont,12/04/21,8970556,Beverages
Vermont,12/11/21,9475545,Beverages
Vermont,12/18/21,9174010,Beverages
Vermont,12/25/21,11326035,Beverages
Vermont,01/01/22,9157812,Beverages
Vermont,01/08/22,9506687,Beverages
Vermont,01/15/22,9727209,Beverages
Vermont,01/22/22,9982371,Beverages
Vermont,01/29/22,10185142,Beverages
Vermont,02/05/22,8282612,Beverages
Vermont,02/12/22,9657681,Beverages
Vermont,02/19/22,9456577,Beverages
Vermont,02/26/22,9498994,Beverages
Vermont,03/05/22,11637772,Beverages
Vermont,03/12/22,11249615,Beverages
Vermont,03/19/22,12253191,Beverages
Vermont,03/26/22,11791902,Beverages
Vermont,04/02/22,12005815,Beverages
Vermont,04/09/22,11529903,Beverages
Vermont,04/16/22,11456451,Beverages
Vermont,04/23/22,13523850,Beverages
Vermont,04/30/22,11660848,Beverages
Vermont,05/07/22,12160782,Beverages
Vermont,05/14/22,11408827,Beverages
Vermont,05/21/22,11152964,Beverages
Vermont,05/28/22,11805073,Beverages
Vermont,06/04/22,12589368,Beverages
Vermont,06/11/22,12547194,Beverages
Vermont,06/18/22,12502286,Beverages
Vermont,06/25/22,12547985,Beverages
Vermont,07/02/22,12325704,Beverages
Vermont,07/09/22,12055065,Beverages
Vermont,07/16/22,15115345,Beverages
Vermont,07/23/22,11501302,Beverages
Vermont,07/30/22,12502037,Beverages
Vermont,08/06/22,11726947,Beverages
Vermont,08/13/22,12020024,Beverages
Vermont,08/20/22,11660021,Beverages
Vermont,08/27/22,12329934,Beverages
Vermont,09/03/22,10291549,Beverages
Vermont,09/10/22,9914408,Beverages
Vermont,09/17/22,10204922,Beverages
Vermont,09/24/22,9740165,Beverages
Vermont,10/01/22,10501062,Beverages
Vermont,10/08/22,9779052,Beverages
Vermont,10/15/22,10263540,Beverages
Vermont,10/22/22,10472570,Beverages
Vermont,10/29/22,10716569,Beverages
Vermont,11/05/22,10513238,Beverages
Vermont,11/12/22,10029634,Beverages
Vermont,11/19/22,9938370,Beverages
Vermont,11/26/22,10243757,Beverages
Vermont,12/03/22,9538757,Beverages
Vermont,12/10/22,9294573,Beverages
Vermont,12/17/22,9466888,Beverages
Vermont,12/24/22,9930221,Beverages
Vermont,12/31/22,9224185,Beverages
Virginia,01/12/19,134006912,Beverages
Virginia,01/19/19,120137232,Beverages
Virginia,01/26/19,141213134,Beverages
Virginia,02/02/19,145378438,Beverages
Virginia,02/09/19,147945323,Beverages
Virginia,02/16/19,139068081,Beverages
Virginia,02/23/19,142592680,Beverages
Virginia,03/02/19,169096630,Beverages
Virginia,03/09/19,173964928,Beverages
Virginia,03/16/19,167224082,Beverages
Virginia,03/23/19,211192102,Beverages
Virginia,03/30/19,147397862,Beverages
Virginia,04/06/19,176547870,Beverages
Virginia,04/13/19,170402241,Beverages
Virginia,04/20/19,173381439,Beverages
Virginia,04/27/19,170779918,Beverages
Virginia,05/04/19,173956380,Beverages
Virginia,05/11/19,165218278,Beverages
Virginia,05/18/19,141040567,Beverages
Virginia,05/25/19,164242660,Beverages
Virginia,06/01/19,189716066,Beverages
Virginia,06/08/19,181425306,Beverages
Virginia,06/15/19,187185072,Beverages
Virginia,06/22/19,180367656,Beverages
Virginia,06/29/19,172344697,Beverages
Virginia,07/06/19,178475572,Beverages
Virginia,07/13/19,172737684,Beverages
Virginia,07/20/19,176848713,Beverages
Virginia,07/27/19,180438322,Beverages
Virginia,08/03/19,166103058,Beverages
Virginia,08/10/19,178493458,Beverages
Virginia,08/17/19,167459062,Beverages
Virginia,08/24/19,170153441,Beverages
Virginia,08/31/19,171860203,Beverages
Virginia,09/07/19,152126848,Beverages
Virginia,09/14/19,147819051,Beverages
Virginia,09/21/19,150046410,Beverages
Virginia,09/28/19,143943458,Beverages
Virginia,10/05/19,147573479,Beverages
Virginia,10/12/19,148387563,Beverages
Virginia,10/19/19,148727864,Beverages
Virginia,10/26/19,150545297,Beverages
Virginia,11/02/19,153831457,Beverages
Virginia,11/09/19,152615894,Beverages
Virginia,11/16/19,150878542,Beverages
Virginia,11/23/19,153095597,Beverages
Virginia,11/30/19,151134900,Beverages
Virginia,12/07/19,143133717,Beverages
Virginia,12/14/19,135557008,Beverages
Virginia,12/21/19,121778723,Beverages
Virginia,12/28/19,138121404,Beverages
Virginia,01/04/20,141120347,Beverages
Virginia,01/11/20,139904210,Beverages
Virginia,01/18/20,141607203,Beverages
Virginia,01/25/20,149417231,Beverages
Virginia,02/01/20,137637293,Beverages
Virginia,02/08/20,144390414,Beverages
Virginia,02/15/20,147412019,Beverages
Virginia,02/22/20,140271055,Beverages
Virginia,02/29/20,141903150,Beverages
Virginia,03/07/20,179217872,Beverages
Virginia,03/14/20,164808606,Beverages
Virginia,03/21/20,175218254,Beverages
Virginia,03/28/20,178600203,Beverages
Virginia,04/04/20,172922821,Beverages
Virginia,04/11/20,168319838,Beverages
Virginia,04/18/20,170517325,Beverages
Virginia,04/25/20,163785524,Beverages
Virginia,05/02/20,165572760,Beverages
Virginia,05/09/20,171898946,Beverages
Virginia,05/16/20,167620944,Beverages
Virginia,05/23/20,174425754,Beverages
Virginia,05/30/20,176177569,Beverages
Virginia,06/06/20,185781937,Beverages
Virginia,06/13/20,184850286,Beverages
Virginia,06/20/20,189051579,Beverages
Virginia,06/27/20,176086560,Beverages
Virginia,07/04/20,178091122,Beverages
Virginia,07/11/20,171858223,Beverages
Virginia,07/18/20,184213626,Beverages
Virginia,07/25/20,172158401,Beverages
Virginia,08/01/20,178360038,Beverages
Virginia,08/08/20,181473561,Beverages
Virginia,08/15/20,176142285,Beverages
Virginia,08/22/20,165132488,Beverages
Virginia,08/29/20,174681731,Beverages
Virginia,09/05/20,150190595,Beverages
Virginia,09/12/20,142761841,Beverages
Virginia,09/19/20,153213040,Beverages
Virginia,09/26/20,153278873,Beverages
Virginia,10/03/20,156446711,Beverages
Virginia,10/10/20,143212475,Beverages
Virginia,10/17/20,146728507,Beverages
Virginia,10/24/20,147882737,Beverages
Virginia,10/31/20,144838529,Beverages
Virginia,11/07/20,150388267,Beverages
Virginia,11/14/20,154407694,Beverages
Virginia,11/21/20,156298448,Beverages
Virginia,11/28/20,158525958,Beverages
Virginia,12/05/20,137321148,Beverages
Virginia,12/12/20,119315867,Beverages
Virginia,12/19/20,147403558,Beverages
Virginia,12/26/20,141505131,Beverages
Virginia,01/02/21,146934243,Beverages
Virginia,01/09/21,144392054,Beverages
Virginia,01/16/21,148422996,Beverages
Virginia,01/23/21,139740350,Beverages
Virginia,01/30/21,147430773,Beverages
Virginia,02/06/21,152938060,Beverages
Virginia,02/13/21,140438721,Beverages
Virginia,02/20/21,151751641,Beverages
Virginia,02/27/21,146264876,Beverages
Virginia,03/06/21,179494195,Beverages
Virginia,03/13/21,175542279,Beverages
Virginia,03/20/21,172480837,Beverages
Virginia,03/27/21,171995595,Beverages
Virginia,04/03/21,166044934,Beverages
Virginia,04/10/21,171351176,Beverages
Virginia,04/17/21,171143028,Beverages
Virginia,04/24/21,177409266,Beverages
Virginia,05/01/21,175557646,Beverages
Virginia,05/08/21,171095817,Beverages
Virginia,05/15/21,165183981,Beverages
Virginia,05/22/21,177654079,Beverages
Virginia,05/29/21,172457695,Beverages
Virginia,06/05/21,182473393,Beverages
Virginia,06/12/21,178032491,Beverages
Virginia,06/19/21,191878952,Beverages
Virginia,06/26/21,185886647,Beverages
Virginia,07/03/21,186635157,Beverages
Virginia,07/10/21,183219072,Beverages
Virginia,07/17/21,186100127,Beverages
Virginia,07/24/21,184915279,Beverages
Virginia,07/31/21,172142644,Beverages
Virginia,08/07/21,181953052,Beverages
Virginia,08/14/21,172179709,Beverages
Virginia,08/21/21,169109098,Beverages
Virginia,08/28/21,178434532,Beverages
Virginia,09/04/21,149374927,Beverages
Virginia,09/11/21,127637662,Beverages
Virginia,09/18/21,153658739,Beverages
Virginia,09/25/21,148360501,Beverages
Virginia,10/02/21,149481478,Beverages
Virginia,10/09/21,153522790,Beverages
Virginia,10/16/21,144747757,Beverages
Virginia,10/23/21,147457505,Beverages
Virginia,10/30/21,151481811,Beverages
Virginia,11/06/21,149151726,Beverages
Virginia,11/13/21,159633409,Beverages
Virginia,11/20/21,161543110,Beverages
Virginia,11/27/21,161562419,Beverages
Virginia,12/04/21,163518833,Beverages
Virginia,12/11/21,122592312,Beverages
Virginia,12/18/21,144162595,Beverages
Virginia,12/25/21,149228976,Beverages
Virginia,01/01/22,150789930,Beverages
Virginia,01/08/22,142749967,Beverages
Virginia,01/15/22,122503597,Beverages
Virginia,01/22/22,148468714,Beverages
Virginia,01/29/22,144793238,Beverages
Virginia,02/05/22,147809773,Beverages
Virginia,02/12/22,122596058,Beverages
Virginia,02/19/22,143408994,Beverages
Virginia,02/26/22,142903437,Beverages
Virginia,03/05/22,176162782,Beverages
Virginia,03/12/22,168565227,Beverages
Virginia,03/19/22,174049121,Beverages
Virginia,03/26/22,174488226,Beverages
Virginia,04/02/22,183384592,Beverages
Virginia,04/09/22,168487155,Beverages
Virginia,04/16/22,179639865,Beverages
Virginia,04/23/22,175450319,Beverages
Virginia,04/30/22,177834941,Beverages
Virginia,05/07/22,174279043,Beverages
Virginia,05/14/22,168008193,Beverages
Virginia,05/21/22,168521614,Beverages
Virginia,05/28/22,174302394,Beverages
Virginia,06/04/22,181356618,Beverages
Virginia,06/11/22,188973157,Beverages
Virginia,06/18/22,194452782,Beverages
Virginia,06/25/22,177848226,Beverages
Virginia,07/02/22,155101881,Beverages
Virginia,07/09/22,177582795,Beverages
Virginia,07/16/22,182770729,Beverages
Virginia,07/23/22,175333919,Beverages
Virginia,07/30/22,177275226,Beverages
Virginia,08/06/22,178712830,Beverages
Virginia,08/13/22,219718471,Beverages
Virginia,08/20/22,177923372,Beverages
Virginia,08/27/22,185157577,Beverages
Virginia,09/03/22,149768195,Beverages
Virginia,09/10/22,160220456,Beverages
Virginia,09/17/22,156143843,Beverages
Virginia,09/24/22,157954270,Beverages
Virginia,10/01/22,152156028,Beverages
Virginia,10/08/22,155467582,Beverages
Virginia,10/15/22,151587066,Beverages
Virginia,10/22/22,150569391,Beverages
Virginia,10/29/22,158072919,Beverages
Virginia,11/05/22,158144480,Beverages
Virginia,11/12/22,157483381,Beverages
Virginia,11/19/22,158197400,Beverages
Virginia,11/26/22,160884552,Beverages
Virginia,12/03/22,139112863,Beverages
Virginia,12/10/22,145687994,Beverages
Virginia,12/17/22,147202411,Beverages
Virginia,12/24/22,143608696,Beverages
Virginia,12/31/22,142502965,Beverages
Washington,01/12/19,93721421,Beverages
Washington,01/19/19,96550740,Beverages
Washington,01/26/19,96354181,Beverages
Washington,02/02/19,92670315,Beverages
Washington,02/09/19,108924858,Beverages
Washington,02/16/19,96462931,Beverages
Washington,02/23/19,98750454,Beverages
Washington,03/02/19,108383404,Beverages
Washington,03/09/19,107323577,Beverages
Washington,03/16/19,112424145,Beverages
Washington,03/23/19,109725337,Beverages
Washington,03/30/19,115845493,Beverages
Washington,04/06/19,111928235,Beverages
Washington,04/13/19,114352326,Beverages
Washington,04/20/19,106762592,Beverages
Washington,04/27/19,91371749,Beverages
Washington,05/04/19,106246322,Beverages
Washington,05/11/19,109678246,Beverages
Washington,05/18/19,108686276,Beverages
Washington,05/25/19,104565979,Beverages
Washington,06/01/19,118079545,Beverages
Washington,06/08/19,124420548,Beverages
Washington,06/15/19,123994876,Beverages
Washington,06/22/19,112061966,Beverages
Washington,06/29/19,115680971,Beverages
Washington,07/06/19,111552073,Beverages
Washington,07/13/19,113703365,Beverages
Washington,07/20/19,112589651,Beverages
Washington,07/27/19,112058411,Beverages
Washington,08/03/19,115023723,Beverages
Washington,08/10/19,110270249,Beverages
Washington,08/17/19,113795968,Beverages
Washington,08/24/19,109150077,Beverages
Washington,08/31/19,116273433,Beverages
Washington,09/07/19,98400113,Beverages
Washington,09/14/19,100642810,Beverages
Washington,09/21/19,96758251,Beverages
Washington,09/28/19,99064606,Beverages
Washington,10/05/19,93873655,Beverages
Washington,10/12/19,100401129,Beverages
Washington,10/19/19,97879986,Beverages
Washington,10/26/19,97036346,Beverages
Washington,11/02/19,94141762,Beverages
Washington,11/09/19,100847481,Beverages
Washington,11/16/19,97035169,Beverages
Washington,11/23/19,98464262,Beverages
Washington,11/30/19,101258013,Beverages
Washington,12/07/19,91487249,Beverages
Washington,12/14/19,86707491,Beverages
Washington,12/21/19,93960536,Beverages
Washington,12/28/19,93570152,Beverages
Washington,01/04/20,97318246,Beverages
Washington,01/11/20,93246340,Beverages
Washington,01/18/20,90694016,Beverages
Washington,01/25/20,91170491,Beverages
Washington,02/01/20,99167981,Beverages
Washington,02/08/20,96725635,Beverages
Washington,02/15/20,98837700,Beverages
Washington,02/22/20,91378305,Beverages
Washington,02/29/20,98883186,Beverages
Washington,03/07/20,117432055,Beverages
Washington,03/14/20,113379996,Beverages
Washington,03/21/20,118882593,Beverages
Washington,03/28/20,111342856,Beverages
Washington,04/04/20,117809318,Beverages
Washington,04/11/20,108772173,Beverages
Washington,04/18/20,115687424,Beverages
Washington,04/25/20,107741381,Beverages
Washington,05/02/20,114769276,Beverages
Washington,05/09/20,114032787,Beverages
Washington,05/16/20,110329528,Beverages
Washington,05/23/20,107500944,Beverages
Washington,05/30/20,105667130,Beverages
Washington,06/06/20,119201105,Beverages
Washington,06/13/20,121838098,Beverages
Washington,06/20/20,121145141,Beverages
Washington,06/27/20,114855050,Beverages
Washington,07/04/20,119634456,Beverages
Washington,07/11/20,116157276,Beverages
Washington,07/18/20,118789620,Beverages
Washington,07/25/20,112717368,Beverages
Washington,08/01/20,116616061,Beverages
Washington,08/08/20,111475279,Beverages
Washington,08/15/20,112673602,Beverages
Washington,08/22/20,133162608,Beverages
Washington,08/29/20,112017567,Beverages
Washington,09/05/20,99335128,Beverages
Washington,09/12/20,100179136,Beverages
Washington,09/19/20,101135072,Beverages
Washington,09/26/20,94933699,Beverages
Washington,10/03/20,99401327,Beverages
Washington,10/10/20,100039420,Beverages
Washington,10/17/20,96749820,Beverages
Washington,10/24/20,96386259,Beverages
Washington,10/31/20,94676810,Beverages
Washington,11/07/20,99004228,Beverages
Washington,11/14/20,96730196,Beverages
Washington,11/21/20,104468050,Beverages
Washington,11/28/20,105489739,Beverages
Washington,12/05/20,91585319,Beverages
Washington,12/12/20,93254347,Beverages
Washington,12/19/20,90304538,Beverages
Washington,12/26/20,91230068,Beverages
Washington,01/02/21,98278243,Beverages
Washington,01/09/21,94166274,Beverages
Washington,01/16/21,95837552,Beverages
Washington,01/23/21,97078555,Beverages
Washington,01/30/21,81609368,Beverages
Washington,02/06/21,92940976,Beverages
Washington,02/13/21,98215545,Beverages
Washington,02/20/21,93926245,Beverages
Washington,02/27/21,101544888,Beverages
Washington,03/06/21,112546265,Beverages
Washington,03/13/21,112411915,Beverages
Washington,03/20/21,117665796,Beverages
Washington,03/27/21,114077950,Beverages
Washington,04/03/21,135852330,Beverages
Washington,04/10/21,118815382,Beverages
Washington,04/17/21,120505411,Beverages
Washington,04/24/21,110002221,Beverages
Washington,05/01/21,114730351,Beverages
Washington,05/08/21,116841366,Beverages
Washington,05/15/21,115591706,Beverages
Washington,05/22/21,109167166,Beverages
Washington,05/29/21,111123747,Beverages
Washington,06/05/21,118778409,Beverages
Washington,06/12/21,127025392,Beverages
Washington,06/19/21,119242974,Beverages
Washington,06/26/21,120817727,Beverages
Washington,07/03/21,116910642,Beverages
Washington,07/10/21,122401143,Beverages
Washington,07/17/21,120066134,Beverages
Washington,07/24/21,114782859,Beverages
Washington,07/31/21,121306092,Beverages
Washington,08/07/21,115102565,Beverages
Washington,08/14/21,116104493,Beverages
Washington,08/21/21,115076585,Beverages
Washington,08/28/21,119728496,Beverages
Washington,09/04/21,97648021,Beverages
Washington,09/11/21,104314530,Beverages
Washington,09/18/21,102965622,Beverages
Washington,09/25/21,102841340,Beverages
Washington,10/02/21,98615292,Beverages
Washington,10/09/21,103908551,Beverages
Washington,10/16/21,99655455,Beverages
Washington,10/23/21,97090520,Beverages
Washington,10/30/21,97543364,Beverages
Washington,11/06/21,100195578,Beverages
Washington,11/13/21,98262928,Beverages
Washington,11/20/21,97484952,Beverages
Washington,11/27/21,86444449,Beverages
Washington,12/04/21,95347027,Beverages
Washington,12/11/21,96036362,Beverages
Washington,12/18/21,90862835,Beverages
Washington,12/25/21,96043767,Beverages
Washington,01/01/22,94235436,Beverages
Washington,01/08/22,95708535,Beverages
Washington,01/15/22,91907536,Beverages
Washington,01/22/22,93567206,Beverages
Washington,01/29/22,100190908,Beverages
Washington,02/05/22,98024626,Beverages
Washington,02/12/22,100787046,Beverages
Washington,02/19/22,102181429,Beverages
Washington,02/26/22,100523706,Beverages
Washington,03/05/22,116508182,Beverages
Washington,03/12/22,117966451,Beverages
Washington,03/19/22,115505730,Beverages
Washington,03/26/22,115328049,Beverages
Washington,04/02/22,111725195,Beverages
Washington,04/09/22,116627045,Beverages
Washington,04/16/22,115004880,Beverages
Washington,04/23/22,120840538,Beverages
Washington,04/30/22,99589838,Beverages
Washington,05/07/22,115286373,Beverages
Washington,05/14/22,116643301,Beverages
Washington,05/21/22,112603336,Beverages
Washington,05/28/22,112379250,Beverages
Washington,06/04/22,125923866,Beverages
Washington,06/11/22,126110496,Beverages
Washington,06/18/22,124015222,Beverages
Washington,06/25/22,120929220,Beverages
Washington,07/02/22,122798112,Beverages
Washington,07/09/22,121679240,Beverages
Washington,07/16/22,123873716,Beverages
Washington,07/23/22,121869947,Beverages
Washington,07/30/22,119823257,Beverages
Washington,08/06/22,121343429,Beverages
Washington,08/13/22,113573820,Beverages
Washington,08/20/22,119996655,Beverages
Washington,08/27/22,116558242,Beverages
Washington,09/03/22,97926876,Beverages
Washington,09/10/22,97152760,Beverages
Washington,09/17/22,99164606,Beverages
Washington,09/24/22,104060259,Beverages
Washington,10/01/22,98382553,Beverages
Washington,10/08/22,97226483,Beverages
Washington,10/15/22,99559750,Beverages
Washington,10/22/22,96874346,Beverages
Washington,10/29/22,97622797,Beverages
Washington,11/05/22,98073875,Beverages
Washington,11/12/22,99100641,Beverages
Washington,11/19/22,103583641,Beverages
Washington,11/26/22,101631290,Beverages
Washington,12/03/22,95774143,Beverages
Washington,12/10/22,93761325,Beverages
Washington,12/17/22,91452664,Beverages
Washington,12/24/22,94230159,Beverages
Washington,12/31/22,95197706,Beverages
West Virginia,01/12/19,36490479,Beverages
West Virginia,01/19/19,36379272,Beverages
West Virginia,01/26/19,30591421,Beverages
West Virginia,02/02/19,36004583,Beverages
West Virginia,02/09/19,31462745,Beverages
West Virginia,02/16/19,35962490,Beverages
West Virginia,02/23/19,36997040,Beverages
West Virginia,03/02/19,41535333,Beverages
West Virginia,03/09/19,43959797,Beverages
West Virginia,03/16/19,43308517,Beverages
West Virginia,03/23/19,43338154,Beverages
West Virginia,03/30/19,41365770,Beverages
West Virginia,04/06/19,43850239,Beverages
West Virginia,04/13/19,41576183,Beverages
West Virginia,04/20/19,43669212,Beverages
West Virginia,04/27/19,41456844,Beverages
West Virginia,05/04/19,42339145,Beverages
West Virginia,05/11/19,42345506,Beverages
West Virginia,05/18/19,40310888,Beverages
West Virginia,05/25/19,41863291,Beverages
West Virginia,06/01/19,47407235,Beverages
West Virginia,06/08/19,44876628,Beverages
West Virginia,06/15/19,42891109,Beverages
West Virginia,06/22/19,53804833,Beverages
West Virginia,06/29/19,46222424,Beverages
West Virginia,07/06/19,41991486,Beverages
West Virginia,07/13/19,43546474,Beverages
West Virginia,07/20/19,45511399,Beverages
West Virginia,07/27/19,43987597,Beverages
West Virginia,08/03/19,44080731,Beverages
West Virginia,08/10/19,42551772,Beverages
West Virginia,08/17/19,41274047,Beverages
West Virginia,08/24/19,40684738,Beverages
West Virginia,08/31/19,42932899,Beverages
West Virginia,09/07/19,42673939,Beverages
West Virginia,09/14/19,36280792,Beverages
West Virginia,09/21/19,35587013,Beverages
West Virginia,09/28/19,37162209,Beverages
West Virginia,10/05/19,38465911,Beverages
West Virginia,10/12/19,38429541,Beverages
West Virginia,10/19/19,37846817,Beverages
West Virginia,10/26/19,38151392,Beverages
West Virginia,11/02/19,38816675,Beverages
West Virginia,11/09/19,38314532,Beverages
West Virginia,11/16/19,38233349,Beverages
West Virginia,11/23/19,36770103,Beverages
West Virginia,11/30/19,37762258,Beverages
West Virginia,12/07/19,32812553,Beverages
West Virginia,12/14/19,35147634,Beverages
West Virginia,12/21/19,34503297,Beverages
West Virginia,12/28/19,34237643,Beverages
West Virginia,01/04/20,34153558,Beverages
West Virginia,01/11/20,35656776,Beverages
West Virginia,01/18/20,33989586,Beverages
West Virginia,01/25/20,35775289,Beverages
West Virginia,02/01/20,34290594,Beverages
West Virginia,02/08/20,36101607,Beverages
West Virginia,02/15/20,35623024,Beverages
West Virginia,02/22/20,35316259,Beverages
West Virginia,02/29/20,35492356,Beverages
West Virginia,03/07/20,44072799,Beverages
West Virginia,03/14/20,41430717,Beverages
West Virginia,03/21/20,43396993,Beverages
West Virginia,03/28/20,44531936,Beverages
West Virginia,04/04/20,40903556,Beverages
West Virginia,04/11/20,44359861,Beverages
West Virginia,04/18/20,44776386,Beverages
West Virginia,04/25/20,41499568,Beverages
West Virginia,05/02/20,42772657,Beverages
West Virginia,05/09/20,50188245,Beverages
West Virginia,05/16/20,43855782,Beverages
West Virginia,05/23/20,41624840,Beverages
West Virginia,05/30/20,42827818,Beverages
West Virginia,06/06/20,47041187,Beverages
West Virginia,06/13/20,43693039,Beverages
West Virginia,06/20/20,47303087,Beverages
West Virginia,06/27/20,43099264,Beverages
West Virginia,07/04/20,45713734,Beverages
West Virginia,07/11/20,43515488,Beverages
West Virginia,07/18/20,42055307,Beverages
West Virginia,07/25/20,43128688,Beverages
West Virginia,08/01/20,45035041,Beverages
West Virginia,08/08/20,42748626,Beverages
West Virginia,08/15/20,43091619,Beverages
West Virginia,08/22/20,44678302,Beverages
West Virginia,08/29/20,44478949,Beverages
West Virginia,09/05/20,36004753,Beverages
West Virginia,09/12/20,37612728,Beverages
West Virginia,09/19/20,37339572,Beverages
West Virginia,09/26/20,38064155,Beverages
West Virginia,10/03/20,37547577,Beverages
West Virginia,10/10/20,38873507,Beverages
West Virginia,10/17/20,36050739,Beverages
West Virginia,10/24/20,35983031,Beverages
West Virginia,10/31/20,35884055,Beverages
West Virginia,11/07/20,36235502,Beverages
West Virginia,11/14/20,39629098,Beverages
West Virginia,11/21/20,36568490,Beverages
West Virginia,11/28/20,39062637,Beverages
West Virginia,12/05/20,33137187,Beverages
West Virginia,12/12/20,35190791,Beverages
West Virginia,12/19/20,36805952,Beverages
West Virginia,12/26/20,36658067,Beverages
West Virginia,01/02/21,35835220,Beverages
West Virginia,01/09/21,35015364,Beverages
West Virginia,01/16/21,34927282,Beverages
West Virginia,01/23/21,35631593,Beverages
West Virginia,01/30/21,37802188,Beverages
West Virginia,02/06/21,37006338,Beverages
West Virginia,02/13/21,38147048,Beverages
West Virginia,02/20/21,37858295,Beverages
West Virginia,02/27/21,36068183,Beverages
West Virginia,03/06/21,45263888,Beverages
West Virginia,03/13/21,44180314,Beverages
West Virginia,03/20/21,42605780,Beverages
West Virginia,03/27/21,45417713,Beverages
West Virginia,04/03/21,42387018,Beverages
West Virginia,04/10/21,41532559,Beverages
West Virginia,04/17/21,45042842,Beverages
West Virginia,04/24/21,42817956,Beverages
West Virginia,05/01/21,44465524,Beverages
West Virginia,05/08/21,45034918,Beverages
West Virginia,05/15/21,44524653,Beverages
West Virginia,05/22/21,43503482,Beverages
West Virginia,05/29/21,44475958,Beverages
West Virginia,06/05/21,46132662,Beverages
West Virginia,06/12/21,45398044,Beverages
West Virginia,06/19/21,45083974,Beverages
West Virginia,06/26/21,45986444,Beverages
West Virginia,07/03/21,46968589,Beverages
West Virginia,07/10/21,45671414,Beverages
West Virginia,07/17/21,44287413,Beverages
West Virginia,07/24/21,46209295,Beverages
West Virginia,07/31/21,43353555,Beverages
West Virginia,08/07/21,43227050,Beverages
West Virginia,08/14/21,46157044,Beverages
West Virginia,08/21/21,44852374,Beverages
West Virginia,08/28/21,44788091,Beverages
West Virginia,09/04/21,39732550,Beverages
West Virginia,09/11/21,38419112,Beverages
West Virginia,09/18/21,38484454,Beverages
West Virginia,09/25/21,36803679,Beverages
West Virginia,10/02/21,36471360,Beverages
West Virginia,10/09/21,37662233,Beverages
West Virginia,10/16/21,38304827,Beverages
West Virginia,10/23/21,37335390,Beverages
West Virginia,10/30/21,38512979,Beverages
West Virginia,11/06/21,37424333,Beverages
West Virginia,11/13/21,38883093,Beverages
West Virginia,11/20/21,40150210,Beverages
West Virginia,11/27/21,40574930,Beverages
West Virginia,12/04/21,36725054,Beverages
West Virginia,12/11/21,34469037,Beverages
West Virginia,12/18/21,41478909,Beverages
West Virginia,12/25/21,35362539,Beverages
West Virginia,01/01/22,37056417,Beverages
West Virginia,01/08/22,36889025,Beverages
West Virginia,01/15/22,36319592,Beverages
West Virginia,01/22/22,37271536,Beverages
West Virginia,01/29/22,34983484,Beverages
West Virginia,02/05/22,36297932,Beverages
West Virginia,02/12/22,36334882,Beverages
West Virginia,02/19/22,37266226,Beverages
West Virginia,02/26/22,35828025,Beverages
West Virginia,03/05/22,43003498,Beverages
West Virginia,03/12/22,43597307,Beverages
West Virginia,03/19/22,42013768,Beverages
West Virginia,03/26/22,45866724,Beverages
West Virginia,04/02/22,42699733,Beverages
West Virginia,04/09/22,44764046,Beverages
West Virginia,04/16/22,43611080,Beverages
West Virginia,04/23/22,45756467,Beverages
West Virginia,04/30/22,42335260,Beverages
West Virginia,05/07/22,35940232,Beverages
West Virginia,05/14/22,44583486,Beverages
West Virginia,05/21/22,41963350,Beverages
West Virginia,05/28/22,43870361,Beverages
West Virginia,06/04/22,45062381,Beverages
West Virginia,06/11/22,49030489,Beverages
West Virginia,06/18/22,48992715,Beverages
West Virginia,06/25/22,46842016,Beverages
West Virginia,07/02/22,46376346,Beverages
West Virginia,07/09/22,46373223,Beverages
West Virginia,07/16/22,46775625,Beverages
West Virginia,07/23/22,46706750,Beverages
West Virginia,07/30/22,43947416,Beverages
West Virginia,08/06/22,46248672,Beverages
West Virginia,08/13/22,42911788,Beverages
West Virginia,08/20/22,43776027,Beverages
West Virginia,08/27/22,44477819,Beverages
West Virginia,09/03/22,36649257,Beverages
West Virginia,09/10/22,39679029,Beverages
West Virginia,09/17/22,37161233,Beverages
West Virginia,09/24/22,38072301,Beverages
West Virginia,10/01/22,38601185,Beverages
West Virginia,10/08/22,36544411,Beverages
West Virginia,10/15/22,39619967,Beverages
West Virginia,10/22/22,39514991,Beverages
West Virginia,10/29/22,39594666,Beverages
West Virginia,11/05/22,40305014,Beverages
West Virginia,11/12/22,38112577,Beverages
West Virginia,11/19/22,38397110,Beverages
West Virginia,11/26/22,39277229,Beverages
West Virginia,12/03/22,35656647,Beverages
West Virginia,12/10/22,34881707,Beverages
West Virginia,12/17/22,36060882,Beverages
West Virginia,12/24/22,34857548,Beverages
West Virginia,12/31/22,36021329,Beverages
Wisconsin,01/12/19,75938975,Beverages
Wisconsin,01/19/19,75871553,Beverages
Wisconsin,01/26/19,78632189,Beverages
Wisconsin,02/02/19,79792195,Beverages
Wisconsin,02/09/19,78050412,Beverages
Wisconsin,02/16/19,76793331,Beverages
Wisconsin,02/23/19,79603670,Beverages
Wisconsin,03/02/19,96084480,Beverages
Wisconsin,03/09/19,93800586,Beverages
Wisconsin,03/16/19,92423205,Beverages
Wisconsin,03/23/19,89086937,Beverages
Wisconsin,03/30/19,96297270,Beverages
Wisconsin,04/06/19,90138713,Beverages
Wisconsin,04/13/19,88503844,Beverages
Wisconsin,04/20/19,93799561,Beverages
Wisconsin,04/27/19,95396960,Beverages
Wisconsin,05/04/19,92660271,Beverages
Wisconsin,05/11/19,92255942,Beverages
Wisconsin,05/18/19,95571442,Beverages
Wisconsin,05/25/19,76897274,Beverages
Wisconsin,06/01/19,95938102,Beverages
Wisconsin,06/08/19,102883690,Beverages
Wisconsin,06/15/19,100341235,Beverages
Wisconsin,06/22/19,96716241,Beverages
Wisconsin,06/29/19,94583862,Beverages
Wisconsin,07/06/19,99160678,Beverages
Wisconsin,07/13/19,94216938,Beverages
Wisconsin,07/20/19,92866611,Beverages
Wisconsin,07/27/19,90842586,Beverages
Wisconsin,08/03/19,96089451,Beverages
Wisconsin,08/10/19,91831660,Beverages
Wisconsin,08/17/19,95048967,Beverages
Wisconsin,08/24/19,93221071,Beverages
Wisconsin,08/31/19,93462698,Beverages
Wisconsin,09/07/19,78550286,Beverages
Wisconsin,09/14/19,80606236,Beverages
Wisconsin,09/21/19,80691640,Beverages
Wisconsin,09/28/19,83510211,Beverages
Wisconsin,10/05/19,99286692,Beverages
Wisconsin,10/12/19,78878989,Beverages
Wisconsin,10/19/19,78767849,Beverages
Wisconsin,10/26/19,85316330,Beverages
Wisconsin,11/02/19,85833780,Beverages
Wisconsin,11/09/19,79822302,Beverages
Wisconsin,11/16/19,68920660,Beverages
Wisconsin,11/23/19,85744456,Beverages
Wisconsin,11/30/19,82107426,Beverages
Wisconsin,12/07/19,72442145,Beverages
Wisconsin,12/14/19,73259228,Beverages
Wisconsin,12/21/19,73052300,Beverages
Wisconsin,12/28/19,74226613,Beverages
Wisconsin,01/04/20,75259744,Beverages
Wisconsin,01/11/20,75505087,Beverages
Wisconsin,01/18/20,77079222,Beverages
Wisconsin,01/25/20,75197259,Beverages
Wisconsin,02/01/20,76470462,Beverages
Wisconsin,02/08/20,76787325,Beverages
Wisconsin,02/15/20,76880636,Beverages
Wisconsin,02/22/20,81068943,Beverages
Wisconsin,02/29/20,80159774,Beverages
Wisconsin,03/07/20,94618728,Beverages
Wisconsin,03/14/20,90324920,Beverages
Wisconsin,03/21/20,98182696,Beverages
Wisconsin,03/28/20,95701948,Beverages
Wisconsin,04/04/20,93468136,Beverages
Wisconsin,04/11/20,95067126,Beverages
Wisconsin,04/18/20,93343148,Beverages
Wisconsin,04/25/20,98781080,Beverages
Wisconsin,05/02/20,95313851,Beverages
Wisconsin,05/09/20,89576820,Beverages
Wisconsin,05/16/20,95439352,Beverages
Wisconsin,05/23/20,92926522,Beverages
Wisconsin,05/30/20,94358500,Beverages
Wisconsin,06/06/20,103320359,Beverages
Wisconsin,06/13/20,97973310,Beverages
Wisconsin,06/20/20,104471825,Beverages
Wisconsin,06/27/20,102093926,Beverages
Wisconsin,07/04/20,100925619,Beverages
Wisconsin,07/11/20,97799107,Beverages
Wisconsin,07/18/20,100540402,Beverages
Wisconsin,07/25/20,96687842,Beverages
Wisconsin,08/01/20,99089119,Beverages
Wisconsin,08/08/20,95469245,Beverages
Wisconsin,08/15/20,109749285,Beverages
Wisconsin,08/22/20,95587011,Beverages
Wisconsin,08/29/20,93192343,Beverages
Wisconsin,09/05/20,86021786,Beverages
Wisconsin,09/12/20,78635017,Beverages
Wisconsin,09/19/20,79231154,Beverages
Wisconsin,09/26/20,83102573,Beverages
Wisconsin,10/03/20,81897364,Beverages
Wisconsin,10/10/20,69412193,Beverages
Wisconsin,10/17/20,86471362,Beverages
Wisconsin,10/24/20,79435215,Beverages
Wisconsin,10/31/20,86215346,Beverages
Wisconsin,11/07/20,80322994,Beverages
Wisconsin,11/14/20,82172711,Beverages
Wisconsin,11/21/20,82777633,Beverages
Wisconsin,11/28/20,85644837,Beverages
Wisconsin,12/05/20,76652629,Beverages
Wisconsin,12/12/20,80943753,Beverages
Wisconsin,12/19/20,77047905,Beverages
Wisconsin,12/26/20,74881856,Beverages
Wisconsin,01/02/21,75331270,Beverages
Wisconsin,01/09/21,63507831,Beverages
Wisconsin,01/16/21,79213818,Beverages
Wisconsin,01/23/21,80401249,Beverages
Wisconsin,01/30/21,83496863,Beverages
Wisconsin,02/06/21,78629622,Beverages
Wisconsin,02/13/21,77420225,Beverages
Wisconsin,02/20/21,82674391,Beverages
Wisconsin,02/27/21,83096192,Beverages
Wisconsin,03/06/21,98774892,Beverages
Wisconsin,03/13/21,94714679,Beverages
Wisconsin,03/20/21,96287844,Beverages
Wisconsin,03/27/21,100215646,Beverages
Wisconsin,04/03/21,96435666,Beverages
Wisconsin,04/10/21,95827282,Beverages
Wisconsin,04/17/21,96883732,Beverages
Wisconsin,04/24/21,99067359,Beverages
Wisconsin,05/01/21,96148122,Beverages
Wisconsin,05/08/21,99216742,Beverages
Wisconsin,05/15/21,95132747,Beverages
Wisconsin,05/22/21,93683473,Beverages
Wisconsin,05/29/21,98105646,Beverages
Wisconsin,06/05/21,106827434,Beverages
Wisconsin,06/12/21,105818740,Beverages
Wisconsin,06/19/21,100277773,Beverages
Wisconsin,06/26/21,103942267,Beverages
Wisconsin,07/03/21,105503827,Beverages
Wisconsin,07/10/21,102102734,Beverages
Wisconsin,07/17/21,99335783,Beverages
Wisconsin,07/24/21,99298195,Beverages
Wisconsin,07/31/21,94459575,Beverages
Wisconsin,08/07/21,100110769,Beverages
Wisconsin,08/14/21,94952932,Beverages
Wisconsin,08/21/21,93612331,Beverages
Wisconsin,08/28/21,101065810,Beverages
Wisconsin,09/04/21,84747199,Beverages
Wisconsin,09/11/21,80133101,Beverages
Wisconsin,09/18/21,84289613,Beverages
Wisconsin,09/25/21,86690516,Beverages
Wisconsin,10/02/21,85698538,Beverages
Wisconsin,10/09/21,87498657,Beverages
Wisconsin,10/16/21,80263631,Beverages
Wisconsin,10/23/21,103342921,Beverages
Wisconsin,10/30/21,85865692,Beverages
Wisconsin,11/06/21,84836330,Beverages
Wisconsin,11/13/21,87504229,Beverages
Wisconsin,11/20/21,86978094,Beverages
Wisconsin,11/27/21,88583350,Beverages
Wisconsin,12/04/21,80664570,Beverages
Wisconsin,12/11/21,80678035,Beverages
Wisconsin,12/18/21,81065809,Beverages
Wisconsin,12/25/21,79502411,Beverages
Wisconsin,01/01/22,75525940,Beverages
Wisconsin,01/08/22,82271637,Beverages
Wisconsin,01/15/22,83044932,Beverages
Wisconsin,01/22/22,82388248,Beverages
Wisconsin,01/29/22,83499901,Beverages
Wisconsin,02/05/22,83558809,Beverages
Wisconsin,02/12/22,86005826,Beverages
Wisconsin,02/19/22,83471419,Beverages
Wisconsin,02/26/22,84637138,Beverages
Wisconsin,03/05/22,92131819,Beverages
Wisconsin,03/12/22,100260414,Beverages
Wisconsin,03/19/22,94533958,Beverages
Wisconsin,03/26/22,100470551,Beverages
Wisconsin,04/02/22,101646625,Beverages
Wisconsin,04/09/22,94510241,Beverages
Wisconsin,04/16/22,99306497,Beverages
Wisconsin,04/23/22,99253886,Beverages
Wisconsin,04/30/22,93799046,Beverages
Wisconsin,05/07/22,97779413,Beverages
Wisconsin,05/14/22,96525859,Beverages
Wisconsin,05/21/22,95597225,Beverages
Wisconsin,05/28/22,91328297,Beverages
Wisconsin,06/04/22,101177236,Beverages
Wisconsin,06/11/22,100078579,Beverages
Wisconsin,06/18/22,101729708,Beverages
Wisconsin,06/25/22,97925196,Beverages
Wisconsin,07/02/22,97017138,Beverages
Wisconsin,07/09/22,104503056,Beverages
Wisconsin,07/16/22,103077770,Beverages
Wisconsin,07/23/22,97635958,Beverages
Wisconsin,07/30/22,104608942,Beverages
Wisconsin,08/06/22,117897874,Beverages
Wisconsin,08/13/22,98685865,Beverages
Wisconsin,08/20/22,103023203,Beverages
Wisconsin,08/27/22,99485639,Beverages
Wisconsin,09/03/22,85027314,Beverages
Wisconsin,09/10/22,84900213,Beverages
Wisconsin,09/17/22,80567553,Beverages
Wisconsin,09/24/22,86363572,Beverages
Wisconsin,10/01/22,85151999,Beverages
Wisconsin,10/08/22,86157404,Beverages
Wisconsin,10/15/22,85805567,Beverages
Wisconsin,10/22/22,84976275,Beverages
Wisconsin,10/29/22,86912088,Beverages
Wisconsin,11/05/22,86241724,Beverages
Wisconsin,11/12/22,82872204,Beverages
Wisconsin,11/19/22,87968283,Beverages
Wisconsin,11/26/22,84779604,Beverages
Wisconsin,12/03/22,81623384,Beverages
Wisconsin,12/10/22,75454361,Beverages
Wisconsin,12/17/22,76408472,Beverages
Wisconsin,12/24/22,81018219,Beverages
Wisconsin,12/31/22,82681994,Beverages
Wyoming,01/12/19,10330584,Beverages
Wyoming,01/19/19,10430575,Beverages
Wyoming,01/26/19,9202792,Beverages
Wyoming,02/02/19,10308332,Beverages
Wyoming,02/09/19,11209305,Beverages
Wyoming,02/16/19,11096411,Beverages
Wyoming,02/23/19,10704994,Beverages
Wyoming,03/02/19,12957585,Beverages
Wyoming,03/09/19,12343724,Beverages
Wyoming,03/16/19,12211079,Beverages
Wyoming,03/23/19,12606523,Beverages
Wyoming,03/30/19,12493233,Beverages
Wyoming,04/06/19,13142183,Beverages
Wyoming,04/13/19,12274751,Beverages
Wyoming,04/20/19,12556582,Beverages
Wyoming,04/27/19,12964358,Beverages
Wyoming,05/04/19,12409183,Beverages
Wyoming,05/11/19,12828169,Beverages
Wyoming,05/18/19,12896014,Beverages
Wyoming,05/25/19,12822383,Beverages
Wyoming,06/01/19,13168865,Beverages
Wyoming,06/08/19,14061807,Beverages
Wyoming,06/15/19,13748933,Beverages
Wyoming,06/22/19,13061496,Beverages
Wyoming,06/29/19,13946810,Beverages
Wyoming,07/06/19,12957658,Beverages
Wyoming,07/13/19,13119389,Beverages
Wyoming,07/20/19,12899665,Beverages
Wyoming,07/27/19,12363525,Beverages
Wyoming,08/03/19,13243921,Beverages
Wyoming,08/10/19,13313442,Beverages
Wyoming,08/17/19,13179754,Beverages
Wyoming,08/24/19,13351553,Beverages
Wyoming,08/31/19,13266121,Beverages
Wyoming,09/07/19,10610897,Beverages
Wyoming,09/14/19,11158990,Beverages
Wyoming,09/21/19,11084241,Beverages
Wyoming,09/28/19,10753923,Beverages
Wyoming,10/05/19,10851810,Beverages
Wyoming,10/12/19,11229172,Beverages
Wyoming,10/19/19,11616156,Beverages
Wyoming,10/26/19,11460937,Beverages
Wyoming,11/02/19,11533249,Beverages
Wyoming,11/09/19,10876296,Beverages
Wyoming,11/16/19,11635484,Beverages
Wyoming,11/23/19,11830162,Beverages
Wyoming,11/30/19,10992120,Beverages
Wyoming,12/07/19,10374174,Beverages
Wyoming,12/14/19,10095581,Beverages
Wyoming,12/21/19,10076529,Beverages
Wyoming,12/28/19,10085462,Beverages
Wyoming,01/04/20,10710134,Beverages
Wyoming,01/11/20,10229726,Beverages
Wyoming,01/18/20,10858193,Beverages
Wyoming,01/25/20,11174141,Beverages
Wyoming,02/01/20,11304831,Beverages
Wyoming,02/08/20,9063677,Beverages
Wyoming,02/15/20,11032908,Beverages
Wyoming,02/22/20,10640965,Beverages
Wyoming,02/29/20,10681444,Beverages
Wyoming,03/07/20,12746067,Beverages
Wyoming,03/14/20,13136277,Beverages
Wyoming,03/21/20,12461282,Beverages
Wyoming,03/28/20,13083368,Beverages
Wyoming,04/04/20,14972896,Beverages
Wyoming,04/11/20,13415906,Beverages
Wyoming,04/18/20,12475671,Beverages
Wyoming,04/25/20,12469433,Beverages
Wyoming,05/02/20,12853836,Beverages
Wyoming,05/09/20,12846256,Beverages
Wyoming,05/16/20,11186323,Beverages
Wyoming,05/23/20,12613401,Beverages
Wyoming,05/30/20,12407819,Beverages
Wyoming,06/06/20,14056120,Beverages
Wyoming,06/13/20,13799117,Beverages
Wyoming,06/20/20,13011804,Beverages
Wyoming,06/27/20,13560035,Beverages
Wyoming,07/04/20,13287911,Beverages
Wyoming,07/11/20,13926866,Beverages
Wyoming,07/18/20,12987182,Beverages
Wyoming,07/25/20,13577417,Beverages
Wyoming,08/01/20,12576698,Beverages
Wyoming,08/08/20,13083852,Beverages
Wyoming,08/15/20,12419033,Beverages
Wyoming,08/22/20,13551731,Beverages
Wyoming,08/29/20,13225279,Beverages
Wyoming,09/05/20,10919627,Beverages
Wyoming,09/12/20,11186135,Beverages
Wyoming,09/19/20,10952841,Beverages
Wyoming,09/26/20,11164501,Beverages
Wyoming,10/03/20,10844888,Beverages
Wyoming,10/10/20,11004618,Beverages
Wyoming,10/17/20,11548411,Beverages
Wyoming,10/24/20,11101100,Beverages
Wyoming,10/31/20,11804211,Beverages
Wyoming,11/07/20,10953271,Beverages
Wyoming,11/14/20,10955319,Beverages
Wyoming,11/21/20,11484354,Beverages
Wyoming,11/28/20,11018712,Beverages
Wyoming,12/05/20,13030556,Beverages
Wyoming,12/12/20,10330800,Beverages
Wyoming,12/19/20,11001212,Beverages
Wyoming,12/26/20,10231545,Beverages
Wyoming,01/02/21,11167781,Beverages
Wyoming,01/09/21,12514772,Beverages
Wyoming,01/16/21,10460238,Beverages
Wyoming,01/23/21,11170531,Beverages
Wyoming,01/30/21,11314001,Beverages
Wyoming,02/06/21,11438847,Beverages
Wyoming,02/13/21,11184264,Beverages
Wyoming,02/20/21,11369876,Beverages
Wyoming,02/27/21,10600094,Beverages
Wyoming,03/06/21,13453038,Beverages
Wyoming,03/13/21,13050288,Beverages
Wyoming,03/20/21,12570804,Beverages
Wyoming,03/27/21,13446228,Beverages
Wyoming,04/03/21,13035109,Beverages
Wyoming,04/10/21,13574152,Beverages
Wyoming,04/17/21,12900985,Beverages
Wyoming,04/24/21,13148223,Beverages
Wyoming,05/01/21,12770752,Beverages
Wyoming,05/08/21,13083169,Beverages
Wyoming,05/15/21,12638300,Beverages
Wyoming,05/22/21,12935235,Beverages
Wyoming,05/29/21,12669847,Beverages
Wyoming,06/05/21,14352115,Beverages
Wyoming,06/12/21,14533587,Beverages
Wyoming,06/19/21,14487214,Beverages
Wyoming,06/26/21,13095004,Beverages
Wyoming,07/03/21,13499239,Beverages
Wyoming,07/10/21,14017620,Beverages
Wyoming,07/17/21,13402332,Beverages
Wyoming,07/24/21,11039132,Beverages
Wyoming,07/31/21,12918955,Beverages
Wyoming,08/07/21,13144375,Beverages
Wyoming,08/14/21,12805585,Beverages
Wyoming,08/21/21,13537705,Beverages
Wyoming,08/28/21,12559420,Beverages
Wyoming,09/04/21,11586891,Beverages
Wyoming,09/11/21,11374395,Beverages
Wyoming,09/18/21,9339977,Beverages
Wyoming,09/25/21,9851500,Beverages
Wyoming,10/02/21,11462964,Beverages
Wyoming,10/09/21,11592425,Beverages
Wyoming,10/16/21,11599274,Beverages
Wyoming,10/23/21,11100764,Beverages
Wyoming,10/30/21,11558489,Beverages
Wyoming,11/06/21,9762406,Beverages
Wyoming,11/13/21,11771038,Beverages
Wyoming,11/20/21,11311974,Beverages
Wyoming,11/27/21,12136965,Beverages
Wyoming,12/04/21,10192715,Beverages
Wyoming,12/11/21,11112950,Beverages
Wyoming,12/18/21,10920108,Beverages
Wyoming,12/25/21,11128637,Beverages
Wyoming,01/01/22,11213400,Beverages
Wyoming,01/08/22,10385609,Beverages
Wyoming,01/15/22,10676881,Beverages
Wyoming,01/22/22,11496225,Beverages
Wyoming,01/29/22,11484024,Beverages
Wyoming,02/05/22,11417049,Beverages
Wyoming,02/12/22,11405105,Beverages
Wyoming,02/19/22,11360022,Beverages
Wyoming,02/26/22,10984105,Beverages
Wyoming,03/05/22,13775897,Beverages
Wyoming,03/12/22,13482942,Beverages
Wyoming,03/19/22,13458387,Beverages
Wyoming,03/26/22,13767010,Beverages
Wyoming,04/02/22,12686787,Beverages
Wyoming,04/09/22,13499051,Beverages
Wyoming,04/16/22,15334656,Beverages
Wyoming,04/23/22,13783391,Beverages
Wyoming,04/30/22,13185416,Beverages
Wyoming,05/07/22,13622684,Beverages
Wyoming,05/14/22,12552623,Beverages
Wyoming,05/21/22,13156378,Beverages
Wyoming,05/28/22,12552918,Beverages
Wyoming,06/04/22,13761823,Beverages
Wyoming,06/11/22,14719269,Beverages
Wyoming,06/18/22,14381969,Beverages
Wyoming,06/25/22,13769871,Beverages
Wyoming,07/02/22,14554892,Beverages
Wyoming,07/09/22,13695461,Beverages
Wyoming,07/16/22,14282033,Beverages
Wyoming,07/23/22,13334803,Beverages
Wyoming,07/30/22,14188573,Beverages
Wyoming,08/06/22,13344791,Beverages
Wyoming,08/13/22,13450219,Beverages
Wyoming,08/20/22,12927042,Beverages
Wyoming,08/27/22,13897406,Beverages
Wyoming,09/03/22,11882535,Beverages
Wyoming,09/10/22,11897506,Beverages
Wyoming,09/17/22,11397543,Beverages
Wyoming,09/24/22,12079311,Beverages
Wyoming,10/01/22,11439272,Beverages
Wyoming,10/08/22,11296562,Beverages
Wyoming,10/15/22,11530763,Beverages
Wyoming,10/22/22,11808545,Beverages
Wyoming,10/29/22,12059284,Beverages
Wyoming,11/05/22,11432079,Beverages
Wyoming,11/12/22,11979865,Beverages
Wyoming,11/19/22,11192120,Beverages
Wyoming,11/26/22,11375263,Beverages
Wyoming,12/03/22,11123985,Beverages
Wyoming,12/10/22,11074950,Beverages
Wyoming,12/17/22,11198638,Beverages
Wyoming,12/24/22,10420714,Beverages
Wyoming,12/31/22,9436252,Beverages
